family,condition,metric,mean,ci95_low,ci95_high,n_worlds
sigmoid,endogenous,g0_loss,2.0825258387956174,1.7895190680028585,2.3243201099747997,20
sigmoid,endogenous,g1_loss,0.20622652294736765,0.1792321843096605,0.2290668584910592,20
sigmoid,endogenous,g2_loss,0.47414305982205124,0.27775150702871604,0.7589391894261627,20
sigmoid,endogenous,population_regret,0.21812028197265768,0.198940596061929,0.23617157197669947,20
sigmoid,endogenous,population_loss,0.9209651405216788,0.8787491299518894,0.965654846237826,20
sigmoid,endogenous,monitoring_loss,0.27805396458103243,0.258971946027328,0.2964993332318285,20
sigmoid,endogenous,monitoring_gap,0.6429111759406464,0.6058631791998306,0.6812490079896741,20
sigmoid,endogenous,action,0.38927696052083405,0.2592500832756336,0.48529057267280423,20
sigmoid,endogenous,g0_expected_share,0.04396025227722083,0.014718706339055877,0.08848345288444155,20
sigmoid,endogenous,g1_expected_share,0.5201793083522639,0.5028230380864487,0.5461297634694858,20
sigmoid,endogenous,g2_expected_share,0.4358604393705151,0.36707878658277243,0.4822054455189981,20
sigmoid,endogenous,g0_realized_share,0.043701041666666655,0.014503124999999992,0.08826367187499999,20
sigmoid,endogenous,g1_realized_share,0.5206187499999999,0.5031863020833334,0.5466001302083333,20
sigmoid,endogenous,g2_realized_share,0.4356802083333333,0.3669822135416666,0.4820396614583334,20
sigmoid,endogenous,effective_sample_size,96.00000000000007,96.00000000000007,96.00000000000007,20
sigmoid,endogenous,expected_invites_per_accepted,1.9834118737318192,1.927769977824638,2.055527906953412,20
sigmoid,endogenous,realized_invites_per_accepted,1.9837843750000004,1.9270136458333338,2.057246302083333,20
sigmoid,static,g0_loss,1.3460422371559122,1.242409574018304,1.4555688997757887,20
sigmoid,static,g1_loss,0.028583310291148273,0.026812226093494675,0.03016327059271193,20
sigmoid,static,g2_loss,0.8014168490535776,0.7028781712712276,0.9085932787680846,20
sigmoid,static,population_regret,0.02250260695119154,0.014919868897708934,0.03228616574857485,20
sigmoid,static,population_loss,0.7253474655002127,0.6929150264775796,0.7583154132338416,20
sigmoid,static,monitoring_loss,0.2926386845857102,0.2830810436553784,0.30142755331974286,20
sigmoid,static,monitoring_gap,0.4327087809145026,0.3924963389323647,0.4742076926927256,20
sigmoid,static,action,0.1262377282111333,0.08402682100897647,0.1664286691537131,20
sigmoid,static,g0_expected_share,0.08587969289583111,0.07787074297850594,0.0935968187729329,20
sigmoid,static,g1_expected_share,0.7017999303666029,0.680005420532899,0.7242414611749327,20
sigmoid,static,g2_expected_share,0.21232037673756587,0.19336210085260577,0.23129496946860548,20
sigmoid,static,g0_realized_share,0.08577500000000002,0.07794890625,0.09329276041666668,20
sigmoid,static,g1_realized_share,0.7016927083333334,0.6799726041666666,0.7242199479166668,20
sigmoid,static,g2_realized_share,0.21253229166666668,0.1933659114583333,0.23157143229166668,20
sigmoid,static,effective_sample_size,96.00000000000007,96.00000000000007,96.00000000000007,20
sigmoid,static,expected_invites_per_accepted,2.4473682472130163,2.3715449628562597,2.525437982140208,20
sigmoid,static,realized_invites_per_accepted,2.4501187500000006,2.3741453124999996,2.5277925781250006,20
sigmoid,quota,g0_loss,1.0543278973725614,1.0015869142451734,1.1106133991635279,20
sigmoid,quota,g1_loss,0.017116353035201502,0.014642511953812517,0.020460769969096838,20
sigmoid,quota,g2_loss,1.0371015293748085,0.9786406293156091,1.0970000157759985,20
sigmoid,quota,population_regret,3.734711835995515e-06,3.4211645779609497e-06,4.050687353758606e-06,20
sigmoid,quota,population_loss,0.7028485932608571,0.6701923907484995,0.7362340631416361,20
sigmoid,quota,monitoring_loss,0.702848593260857,0.6701923907484995,0.7362340631416361,20
sigmoid,quota,monitoring_gap,3.842481888227667e-17,3.6981528950263965e-17,3.980149543281186e-17,20
sigmoid,quota,action,-0.004915863850195117,-0.031232611218311446,0.018609150271233898,20
sigmoid,quota,g0_expected_share,0.333333333333333,0.333333333333333,0.333333333333333,20
sigmoid,quota,g1_expected_share,0.333333333333333,0.333333333333333,0.333333333333333,20
sigmoid,quota,g2_expected_share,0.333333333333333,0.333333333333333,0.333333333333333,20
sigmoid,quota,g0_realized_share,0.333333333333333,0.333333333333333,0.333333333333333,20
sigmoid,quota,g1_realized_share,0.333333333333333,0.333333333333333,0.333333333333333,20
sigmoid,quota,g2_realized_share,0.333333333333333,0.333333333333333,0.333333333333333,20
sigmoid,quota,effective_sample_size,96.00000000000007,96.00000000000007,96.00000000000007,20
sigmoid,quota,expected_invites_per_accepted,5.10303643782567,4.585343346646391,5.6572490506503605,20
sigmoid,quota,realized_invites_per_accepted,5.110723958333333,4.593753619791666,5.6638994531249995,20
sigmoid,ipw_true,g0_loss,1.0770216307771494,1.0205015041605416,1.1373828734598515,20
sigmoid,ipw_true,g1_loss,0.01723431467329214,0.014985173854681937,0.020222164688703557,20
sigmoid,ipw_true,g2_loss,1.0164177465791968,0.9581036441422841,1.0768635172561418,20
sigmoid,ipw_true,population_regret,0.0007130387941915824,0.0005697630889419304,0.0008772440001451657,20
sigmoid,ipw_true,population_loss,0.7035578973432127,0.6707977927112062,0.7370311748869746,20
sigmoid,ipw_true,monitoring_loss,0.31525555919108567,0.3070077227130344,0.3226628779586749,20
sigmoid,ipw_true,monitoring_gap,0.388302338152127,0.34857887133701676,0.42962523339147923,20
sigmoid,ipw_true,action,0.005680244197310481,-0.01995829910672359,0.02863318967546217,20
sigmoid,ipw_true,g0_expected_share,0.08232676089872543,0.07409507088422995,0.0903387471658539,20
sigmoid,ipw_true,g1_expected_share,0.6973091416997618,0.6760221546230327,0.7194100893253608,20
sigmoid,ipw_true,g2_expected_share,0.2203640974015128,0.20091665070683257,0.23926685687034774,20
sigmoid,ipw_true,g0_realized_share,0.082128125,0.07401559895833335,0.089991796875,20
sigmoid,ipw_true,g1_realized_share,0.6973729166666668,0.6761057291666667,0.7195107812499999,20
sigmoid,ipw_true,g2_realized_share,0.2204989583333333,0.20090611979166664,0.23940234375000002,20
sigmoid,ipw_true,effective_sample_size,47.37657023661921,44.01745382456469,50.65817639150505,20
sigmoid,ipw_true,expected_invites_per_accepted,2.4318432078273617,2.357618757641669,2.5089619195715,20
sigmoid,ipw_true,realized_invites_per_accepted,2.4314354166666665,2.356803411458334,2.5089788020833335,20
sigmoid,ipw_omit_friction,g0_loss,1.558168294295298,1.5004058006957548,1.6185489113236673,20
sigmoid,ipw_omit_friction,g1_loss,0.06351565768393932,0.052316925948358385,0.07596516278410814,20
sigmoid,ipw_omit_friction,g2_loss,0.6375845179469966,0.5885543415718176,0.6884970962020437,20
sigmoid,ipw_omit_friction,population_regret,0.05024463142639017,0.04870667417788312,0.05161369062758855,20
sigmoid,ipw_omit_friction,population_loss,0.7530894899754113,0.721446650089659,0.7853166220671186,20
sigmoid,ipw_omit_friction,monitoring_loss,0.3134501696083159,0.2990371015617537,0.32871690158992023,20
sigmoid,ipw_omit_friction,monitoring_gap,0.43963932036709547,0.41260828044580605,0.46837629284153903,20
sigmoid,ipw_omit_friction,action,0.21811056490092479,0.19310406357768814,0.2416665687468957,20
sigmoid,ipw_omit_friction,g0_expected_share,0.029263298853110613,0.027218590211645625,0.03140968050475815,20
sigmoid,ipw_omit_friction,g1_expected_share,0.6028821723160733,0.5872810218284867,0.6196278720674722,20
sigmoid,ipw_omit_friction,g2_expected_share,0.36785452883081604,0.3518291072074293,0.38289639401288633,20
sigmoid,ipw_omit_friction,g0_realized_share,0.02915520833333333,0.027135416666666662,0.031284374999999996,20
sigmoid,ipw_omit_friction,g1_realized_share,0.6038260416666665,0.5882331510416666,0.6205333593750001,20
sigmoid,ipw_omit_friction,g2_realized_share,0.36701875,0.35096888020833333,0.3820510937499999,20
sigmoid,ipw_omit_friction,effective_sample_size,52.13457465668489,49.02871216083746,55.2158202226407,20
sigmoid,ipw_omit_friction,expected_invites_per_accepted,2.142013867894852,2.082264441758805,2.2054032813634943,20
sigmoid,ipw_omit_friction,realized_invites_per_accepted,2.14021875,2.0815534635416664,2.201746692708334,20
sigmoid,ipw_half_sensitivity,g0_loss,1.6505983425582555,1.432713025304298,1.8259042391125673,20
sigmoid,ipw_half_sensitivity,g1_loss,0.09596046618349613,0.08846442215658393,0.1029977267626481,20
sigmoid,ipw_half_sensitivity,g2_loss,0.6674134803817907,0.4727553462614043,0.9375039793895986,20
sigmoid,ipw_half_sensitivity,population_regret,0.10181257115882644,0.09375047160542756,0.11114108995759085,20
sigmoid,ipw_half_sensitivity,population_loss,0.8046574297078475,0.7701638040706607,0.8388275881378879,20
sigmoid,ipw_half_sensitivity,monitoring_loss,0.2874029828910529,0.26988810244560335,0.30356583052660274,20
sigmoid,ipw_half_sensitivity,monitoring_gap,0.5172544468167946,0.48063642764048836,0.5548098019374781,20
sigmoid,ipw_half_sensitivity,action,0.23623750989740416,0.12786843515673701,0.3170673448439728,20
sigmoid,ipw_half_sensitivity,g0_expected_share,0.05105659525482883,0.020451708373840596,0.09654843606999863,20
sigmoid,ipw_half_sensitivity,g1_expected_share,0.5721308020157687,0.5557985563376565,0.590839697401136,20
sigmoid,ipw_half_sensitivity,g2_expected_share,0.3768126027294025,0.3155539453106088,0.4217483142082153,20
sigmoid,ipw_half_sensitivity,g0_realized_share,0.05088229166666667,0.020302031249999998,0.09643729166666666,20
sigmoid,ipw_half_sensitivity,g1_realized_share,0.5730229166666666,0.5567359895833333,0.5916253385416667,20
sigmoid,ipw_half_sensitivity,g2_realized_share,0.3760947916666667,0.31496114583333334,0.420787734375,20
sigmoid,ipw_half_sensitivity,effective_sample_size,75.07222931796807,72.78958532956396,77.29957679168032,20
sigmoid,ipw_half_sensitivity,expected_invites_per_accepted,2.060120422803339,2.001352862837113,2.1258175260317396,20
sigmoid,ipw_half_sensitivity,realized_invites_per_accepted,2.0570708333333334,1.9980503906249998,2.123090286458333,20
matched_exponential,endogenous,g0_loss,1.9521005935499196,1.8188351816116775,2.096350391153977,20
matched_exponential,endogenous,g1_loss,0.14591338504078838,0.12959862988233356,0.16263345307845942,20
matched_exponential,endogenous,g2_loss,0.42842619570069607,0.3891328564519513,0.47108614979420826,20
matched_exponential,endogenous,population_regret,0.13930186621478044,0.12224794467294545,0.15773671247271093,20
matched_exponential,endogenous,population_loss,0.8421467247638015,0.7952848559113636,0.8910021642599749,20
matched_exponential,endogenous,monitoring_loss,0.4039816017184278,0.3797020777841878,0.4292860656843945,20
matched_exponential,endogenous,monitoring_gap,0.43816512304537375,0.39111106629718495,0.48938862840013225,20
matched_exponential,endogenous,action,0.3644133785767083,0.3280926340753,0.39686298571445705,20
matched_exponential,endogenous,g0_expected_share,0.07755307812214751,0.07011776366548737,0.08473257580892002,20
matched_exponential,endogenous,g1_expected_share,0.4838220966570648,0.4811272292029679,0.4864395954569115,20
matched_exponential,endogenous,g2_expected_share,0.4386248252207877,0.43306807931335584,0.44420930324317565,20
matched_exponential,endogenous,g0_realized_share,0.07734895833333334,0.07009994791666668,0.084323203125,20
matched_exponential,endogenous,g1_realized_share,0.4847624999999999,0.48218645833333335,0.4872407812499999,20
matched_exponential,endogenous,g2_realized_share,0.4378885416666667,0.4320645572916667,0.4437453385416667,20
matched_exponential,endogenous,effective_sample_size,96.00000000000007,96.00000000000007,96.00000000000007,20
matched_exponential,endogenous,expected_invites_per_accepted,1.7649299888645795,1.7460440025445227,1.7843467263447232,20
matched_exponential,endogenous,realized_invites_per_accepted,1.7650020833333335,1.7464384635416665,1.7842584375,20
matched_exponential,static,g0_loss,1.5010532243945776,1.4065418474590847,1.6038594144074279,20
matched_exponential,static,g1_loss,0.05044882896093382,0.044346041445649534,0.056908272514631514,20
matched_exponential,static,g2_loss,0.6782032187970854,0.624683559597544,0.7349472725687549,20
matched_exponential,static,population_regret,0.04039023216851109,0.03440834325127243,0.04677751176025592,20
matched_exponential,static,population_loss,0.7432350907175321,0.7072092062977461,0.7802206483417651,20
matched_exponential,static,monitoring_loss,0.490688290014882,0.4712679216501049,0.5105355583778495,20
matched_exponential,static,monitoring_gap,0.25254680070265023,0.2278622195423676,0.279645735449292,20
matched_exponential,static,action,0.19289490715780133,0.16181857293138785,0.2206654245984303,20
matched_exponential,static,g0_expected_share,0.15538399132477715,0.1497358859565591,0.16070681851640248,20
matched_exponential,static,g1_expected_share,0.4964014604235486,0.4903351514676924,0.5026510698402561,20
matched_exponential,static,g2_expected_share,0.348214548251674,0.34424563407856207,0.35224096826754264,20
matched_exponential,static,g0_realized_share,0.15575729166666666,0.1502195833333333,0.16097619791666665,20
matched_exponential,static,g1_realized_share,0.4966166666666667,0.49059140625000003,0.5028907552083333,20
matched_exponential,static,g2_realized_share,0.34762604166666666,0.3435375,0.35168440104166665,20
matched_exponential,static,effective_sample_size,96.00000000000007,96.00000000000007,96.00000000000007,20
matched_exponential,static,expected_invites_per_accepted,1.7308206165737634,1.7093782422559822,1.752617990874612,20
matched_exponential,static,realized_invites_per_accepted,1.7294156249999997,1.7081088802083333,1.751225286458333,20
matched_exponential,quota,g0_loss,1.0543278973725614,1.0015869142451734,1.1106133991635279,20
matched_exponential,quota,g1_loss,0.017116353035201502,0.014642511953812517,0.020460769969096838,20
matched_exponential,quota,g2_loss,1.0371015293748085,0.9786406293156091,1.0970000157759985,20
matched_exponential,quota,population_regret,3.734711835995515e-06,3.4211645779609497e-06,4.050687353758606e-06,20
matched_exponential,quota,population_loss,0.7028485932608571,0.6701923907484995,0.7362340631416361,20
matched_exponential,quota,monitoring_loss,0.702848593260857,0.6701923907484995,0.7362340631416361,20
matched_exponential,quota,monitoring_gap,3.842481888227667e-17,3.6981528950263965e-17,3.980149543281186e-17,20
matched_exponential,quota,action,-0.004915863850195117,-0.031232611218311446,0.018609150271233898,20
matched_exponential,quota,g0_expected_share,0.333333333333333,0.333333333333333,0.333333333333333,20
matched_exponential,quota,g1_expected_share,0.333333333333333,0.333333333333333,0.333333333333333,20
matched_exponential,quota,g2_expected_share,0.333333333333333,0.333333333333333,0.333333333333333,20
matched_exponential,quota,g0_realized_share,0.333333333333333,0.333333333333333,0.333333333333333,20
matched_exponential,quota,g1_realized_share,0.333333333333333,0.333333333333333,0.333333333333333,20
matched_exponential,quota,g2_realized_share,0.333333333333333,0.333333333333333,0.333333333333333,20
matched_exponential,quota,effective_sample_size,96.00000000000007,96.00000000000007,96.00000000000007,20
matched_exponential,quota,expected_invites_per_accepted,2.1885799331446285,2.1235921092003585,2.2571839183459046,20
matched_exponential,quota,realized_invites_per_accepted,2.1879697916666663,2.1222545572916665,2.257548072916667,20
matched_exponential,ipw_true,g0_loss,1.0631206122979602,1.0090125571881738,1.120676214452513,20
matched_exponential,ipw_true,g1_loss,0.01735952855136007,0.014866705518714008,0.020648197908740396,20
matched_exponential,ipw_true,g2_loss,1.0289471692599699,0.9717316964305162,1.0881439453779305,20
matched_exponential,ipw_true,population_regret,0.00029757815407556985,0.0002519075674799547,0.00034647651087000604,20
matched_exponential,ipw_true,population_loss,0.7031424367030967,0.6704467890888806,0.7365344295239494,20
matched_exponential,ipw_true,monitoring_loss,0.529218682541967,0.5101414327594047,0.5489018806199981,20
matched_exponential,ipw_true,monitoring_gap,0.1739237541611297,0.15856660459136998,0.1901785030613169,20
matched_exponential,ipw_true,action,-0.0008020023785759902,-0.027327628692743952,0.02247431534326422,20
matched_exponential,ipw_true,g0_expected_share,0.1543502456856915,0.14859994388685993,0.15977892679381253,20
matched_exponential,ipw_true,g1_expected_share,0.49641033924720485,0.49034683725735667,0.5026513810821351,20
matched_exponential,ipw_true,g2_expected_share,0.3492394150671037,0.34530438943968805,0.35316968963329937,20
matched_exponential,ipw_true,g0_realized_share,0.1546614583333333,0.14901028645833334,0.16006783854166667,20
matched_exponential,ipw_true,g1_realized_share,0.4966364583333333,0.49062278645833335,0.5029427343749999,20
matched_exponential,ipw_true,g2_realized_share,0.3487020833333333,0.34462388020833334,0.3527406510416666,20
matched_exponential,ipw_true,effective_sample_size,76.21965083866014,74.76533446410653,77.57696554499172,20
matched_exponential,ipw_true,expected_invites_per_accepted,1.731002039613103,1.709592700329653,1.7527363229283386,20
matched_exponential,ipw_true,realized_invites_per_accepted,1.7322916666666668,1.711228802083333,1.7537108854166665,20
matched_exponential,ipw_omit_friction,g0_loss,1.766161151813741,1.652373751218009,1.8880516825647395,20
matched_exponential,ipw_omit_friction,g1_loss,0.10249563975091028,0.08754410750254307,0.11839790514367184,20
matched_exponential,ipw_omit_friction,g2_loss,0.5179804471123747,0.4833702764044579,0.5542597044076265,20
matched_exponential,ipw_omit_friction,population_regret,0.0927008876766541,0.0821367598522102,0.10411338972291781,20
matched_exponential,ipw_omit_friction,population_loss,0.7955457462256753,0.7531750487488182,0.8391938377085135,20
matched_exponential,ipw_omit_friction,monitoring_loss,0.42089388983402365,0.3988331832651267,0.4438953221455496,20
matched_exponential,ipw_omit_friction,monitoring_gap,0.37465185639165155,0.33641172633355315,0.4163421857681222,20
matched_exponential,ipw_omit_friction,action,0.29667699321600416,0.2641433058087234,0.3257479567338348,20
matched_exponential,ipw_omit_friction,g0_expected_share,0.0886283351348857,0.08132963802300935,0.09561496361826068,20
matched_exponential,ipw_omit_friction,g1_expected_share,0.48857009049474415,0.4850797212070469,0.4920572290987837,20
matched_exponential,ipw_omit_friction,g2_expected_share,0.42280157437037025,0.418574258219732,0.4271746724196357,20
matched_exponential,ipw_omit_friction,g0_realized_share,0.08851875000000001,0.08135296875,0.09536572916666665,20
matched_exponential,ipw_omit_friction,g1_realized_share,0.48942291666666665,0.4860457291666667,0.4927750260416666,20
matched_exponential,ipw_omit_friction,g2_realized_share,0.42205833333333337,0.41762072916666665,0.42666562499999994,20
matched_exponential,ipw_omit_friction,effective_sample_size,92.7904517503612,92.45466216184408,93.0996979631192,20
matched_exponential,ipw_omit_friction,expected_invites_per_accepted,1.7553950733524974,1.7358384642339229,1.7754375999502168,20
matched_exponential,ipw_omit_friction,realized_invites_per_accepted,1.754763541666667,1.7358942447916672,1.7739940364583333,20
matched_exponential,ipw_half_sensitivity,g0_loss,1.3520192219073537,1.2594511985409833,1.4520962234033168,20
matched_exponential,ipw_half_sensitivity,g1_loss,0.03144214114912324,0.02654002091003671,0.036773174420797076,20
matched_exponential,ipw_half_sensitivity,g2_loss,0.7839253469048235,0.7319352711212428,0.8390987452259683,20
matched_exponential,ipw_half_sensitivity,population_regret,0.019617378104745807,0.015381674851429881,0.024267109063392522,20
matched_exponential,ipw_half_sensitivity,population_loss,0.7224622366537669,0.6867249671459528,0.7591359951611728,20
matched_exponential,ipw_half_sensitivity,monitoring_loss,0.4749335804615864,0.454487788171009,0.4962256907948476,20
matched_exponential,ipw_half_sensitivity,monitoring_gap,0.24752865619218065,0.2193598670888428,0.27865332692376066,20
matched_exponential,ipw_half_sensitivity,action,0.12970446861257523,0.09849726786030225,0.15723589459954845,20
matched_exponential,ipw_half_sensitivity,g0_expected_share,0.12250050828228409,0.11388731999849422,0.13056335216172726,20
matched_exponential,ipw_half_sensitivity,g1_expected_share,0.49580098361868863,0.49062642917081817,0.5010570871300155,20
matched_exponential,ipw_half_sensitivity,g2_expected_share,0.38169850809902733,0.3760866990872839,0.38733141853078745,20
matched_exponential,ipw_half_sensitivity,g0_realized_share,0.12279375,0.11429986979166665,0.1307834895833333,20
matched_exponential,ipw_half_sensitivity,g1_realized_share,0.49651041666666657,0.49149890625,0.5016322916666666,20
matched_exponential,ipw_half_sensitivity,g2_realized_share,0.38069583333333334,0.3747821354166667,0.38650971354166663,20
matched_exponential,ipw_half_sensitivity,effective_sample_size,86.2710171736897,85.44782144249304,87.02871970845568,20
matched_exponential,ipw_half_sensitivity,expected_invites_per_accepted,1.737516220283652,1.7174099083332204,1.7581021871357136,20
matched_exponential,ipw_half_sensitivity,realized_invites_per_accepted,1.738809375,1.7176180208333331,1.760391692708333,20
