family,contrast,metric,mean,ci95_low,ci95_high,positive_worlds,negative_worlds,n_worlds
sigmoid,endogenous minus static,g0_loss,0.7364836016397052,0.5175528644500889,0.905720301737162,18,2,20
sigmoid,endogenous minus static,g1_loss,0.1776432126562194,0.15140423276967377,0.20044494790123465,20,0,20
sigmoid,endogenous minus static,g2_loss,-0.3272737892315263,-0.47834811178964964,-0.12453127171231386,2,18,20
sigmoid,endogenous minus static,population_regret,0.19561767502146615,0.17918319866707855,0.21191617245240493,20,0,20
sigmoid,endogenous minus static,population_loss,0.19561767502146607,0.17918319866707852,0.21191617245240477,20,0,20
sigmoid,endogenous minus static,monitoring_loss,-0.014584720004677629,-0.034854417957238,0.007332523047456602,6,14,20
sigmoid,endogenous minus static,monitoring_gap,0.2102023950261437,0.19944198214630282,0.22025107841295768,20,0,20
sigmoid,endogenous minus static,action,0.2630392323097007,0.16236634943713513,0.3373846030416884,18,2,20
sigmoid,endogenous minus static,g0_expected_share,-0.04191944061861026,-0.07244849192756117,0.0005498885143649477,2,18,20
sigmoid,endogenous minus static,g1_expected_share,-0.1816206220143388,-0.20615612009702453,-0.1578940351612308,0,20,20
sigmoid,endogenous minus static,g2_expected_share,0.2235400626329492,0.16453500389480916,0.26802256274442765,18,2,20
sigmoid,endogenous minus static,g0_realized_share,-0.04207395833333336,-0.07257638020833335,0.0003991406249999659,2,18,20
sigmoid,endogenous minus static,g1_realized_share,-0.18107395833333337,-0.20574101562500002,-0.15727044270833335,0,20,20
sigmoid,endogenous minus static,g2_realized_share,0.2231479166666667,0.16436291666666664,0.2675448697916667,18,2,20
sigmoid,endogenous minus static,effective_sample_size,0.0,0.0,0.0,0,0,20
sigmoid,endogenous minus static,expected_invites_per_accepted,-0.46395637348119656,-0.5282183538440013,-0.4029828270824507,0,20,20
sigmoid,endogenous minus static,realized_invites_per_accepted,-0.466334375,-0.5316107812499999,-0.40408492187500006,0,20,20
sigmoid,endogenous minus quota,g0_loss,1.028197941423056,0.753640828434478,1.236608800830921,18,2,20
sigmoid,endogenous minus quota,g1_loss,0.18911016991216614,0.15984182756016643,0.21375858062656564,20,0,20
sigmoid,endogenous minus quota,g2_loss,-0.5629584695527573,-0.7411731477732934,-0.31346971899103976,2,18,20
sigmoid,endogenous minus quota,population_regret,0.2181165472608217,0.19893699385035946,0.2361675724694254,20,0,20
sigmoid,endogenous minus quota,population_loss,0.21811654726082158,0.19893699385035937,0.23616757246942532,20,0,20
sigmoid,endogenous minus quota,monitoring_loss,-0.42479462867982465,-0.4547839866782058,-0.3952187554583173,0,20,20
sigmoid,endogenous minus quota,monitoring_gap,0.6429111759406464,0.6058631791998306,0.6812490079896741,20,0,20
sigmoid,endogenous minus quota,action,0.3941928243710291,0.2680793379648735,0.48307547731095374,18,2,20
sigmoid,endogenous minus quota,g0_expected_share,-0.28937308105611215,-0.31861462699427706,-0.24484988044889142,0,20,20
sigmoid,endogenous minus quota,g1_expected_share,0.18684597501893105,0.1694897047531158,0.2127964301361527,20,0,20
sigmoid,endogenous minus quota,g2_expected_share,0.10252710603718215,0.03374545324943941,0.1488721121856651,18,2,20
sigmoid,endogenous minus quota,g0_realized_share,-0.2896322916666663,-0.318830208333333,-0.245069661458333,0,20,20
sigmoid,endogenous minus quota,g1_realized_share,0.187285416666667,0.16985296875000033,0.21326679687500036,20,0,20
sigmoid,endogenous minus quota,g2_realized_share,0.10234687500000031,0.033648880208333655,0.1487063281250003,18,2,20
sigmoid,endogenous minus quota,effective_sample_size,0.0,0.0,0.0,0,0,20
sigmoid,endogenous minus quota,expected_invites_per_accepted,-3.1196245640938502,-3.6607549259974195,-2.615683257770458,0,20,20
sigmoid,endogenous minus quota,realized_invites_per_accepted,-3.126939583333333,-3.668581796875,-2.622978333333333,0,20,20
sigmoid,ipw_true minus endogenous,g0_loss,-1.005504208018468,-1.2088529810245543,-0.7347516536215715,2,18,20
sigmoid,ipw_true minus endogenous,g1_loss,-0.18899220827407553,-0.21346224230331803,-0.15977226983692022,0,20,20
sigmoid,ipw_true minus endogenous,g2_loss,0.5422746867571455,0.29648059308191443,0.7168457567715054,18,2,20
sigmoid,ipw_true minus endogenous,population_regret,-0.21740724317846616,-0.23535002579664915,-0.1983066369920969,0,20,20
sigmoid,ipw_true minus endogenous,population_loss,-0.21740724317846608,-0.23535002579664913,-0.19830663699209677,0,20,20
sigmoid,ipw_true minus endogenous,monitoring_loss,0.03720159461005319,0.013109440425245596,0.06080635231843199,15,5,20
sigmoid,ipw_true minus endogenous,monitoring_gap,-0.2546088377885192,-0.28051913921156035,-0.23159580179561662,0,20,20
sigmoid,ipw_true minus endogenous,action,-0.3835967163235235,-0.4705958894016418,-0.2594550835240356,2,18,20
sigmoid,ipw_true minus endogenous,g0_expected_share,0.038366508621504584,-0.0033966780409256073,0.06849572903464742,18,2,20
sigmoid,ipw_true minus endogenous,g1_expected_share,0.17712983334749777,0.1542265470432443,0.2005606516929963,20,0,20
sigmoid,ipw_true minus endogenous,g2_expected_share,-0.2154963419690023,-0.2589667558045708,-0.1575677913611642,2,18,20
sigmoid,ipw_true minus endogenous,g0_realized_share,0.03842708333333335,-0.0033073697916666416,0.068540703125,18,2,20
sigmoid,ipw_true minus endogenous,g1_realized_share,0.1767541666666667,0.15392763020833336,0.20029270833333332,20,0,20
sigmoid,ipw_true minus endogenous,g2_realized_share,-0.21518124999999996,-0.2584136718749999,-0.15771138020833328,2,18,20
sigmoid,ipw_true minus endogenous,effective_sample_size,-48.62342976338088,-51.98254617543538,-45.341823608495034,0,20,20
sigmoid,ipw_true minus endogenous,expected_invites_per_accepted,0.4484313340955424,0.3911090093650248,0.5094909528965764,20,0,20
sigmoid,ipw_true minus endogenous,realized_invites_per_accepted,0.44765104166666686,0.3901778125,0.5088990364583332,20,0,20
sigmoid,ipw_omit_friction minus ipw_true,g0_loss,0.4811466635181487,0.47430648414573584,0.4872494571993605,20,0,20
sigmoid,ipw_omit_friction minus ipw_true,g1_loss,0.046281343010647194,0.034242736422052195,0.05812273170434889,19,1,20
sigmoid,ipw_omit_friction minus ipw_true,g2_loss,-0.37883322863220015,-0.39221029391986134,-0.3664929209714454,0,20,20
sigmoid,ipw_omit_friction minus ipw_true,population_regret,0.04953159263219859,0.04789870693313229,0.050987184661214886,20,0,20
sigmoid,ipw_omit_friction minus ipw_true,population_loss,0.0495315926321986,0.04789870693313231,0.05098718466121495,20,0,20
sigmoid,ipw_omit_friction minus ipw_true,monitoring_loss,-0.0018053895827697952,-0.021701729001116114,0.018835988799627737,7,13,20
sigmoid,ipw_omit_friction minus ipw_true,monitoring_gap,0.05133698221496839,0.030111831194595436,0.07167547608850594,16,4,20
sigmoid,ipw_omit_friction minus ipw_true,action,0.21243032070361428,0.20718180807900588,0.21723000895015185,20,0,20
sigmoid,ipw_omit_friction minus ipw_true,g0_expected_share,-0.05306346204561481,-0.05899288278535755,-0.046827121602182435,0,20,20
sigmoid,ipw_omit_friction minus ipw_true,g1_expected_share,-0.0944269693836884,-0.10014726269596325,-0.08820860227333174,0,20,20
sigmoid,ipw_omit_friction minus ipw_true,g2_expected_share,0.14749043142930324,0.14128135062855646,0.15364700660797398,20,0,20
sigmoid,ipw_omit_friction minus ipw_true,g0_realized_share,-0.05297291666666668,-0.05885213541666667,-0.04680309895833335,0,20,20
sigmoid,ipw_omit_friction minus ipw_true,g1_realized_share,-0.093546875,-0.09930544270833337,-0.08726768229166672,0,20,20
sigmoid,ipw_omit_friction minus ipw_true,g2_realized_share,0.14651979166666668,0.14006143229166668,0.15280104166666666,20,0,20
sigmoid,ipw_omit_friction minus ipw_true,effective_sample_size,4.758004420065676,4.0628536421718024,5.537786484307836,20,0,20
sigmoid,ipw_omit_friction minus ipw_true,expected_invites_per_accepted,-0.2898293399325098,-0.3091098190759097,-0.2693526462644906,0,20,20
sigmoid,ipw_omit_friction minus ipw_true,realized_invites_per_accepted,-0.2912166666666667,-0.3120845312500001,-0.2686007291666667,0,20,20
sigmoid,ipw_half_sensitivity minus ipw_true,g0_loss,0.5735767117811066,0.3703416606173938,0.7187503102600699,18,2,20
sigmoid,ipw_half_sensitivity minus ipw_true,g1_loss,0.07872615151020398,0.06872211552322656,0.087355403304442,20,0,20
sigmoid,ipw_half_sensitivity minus ipw_true,g2_loss,-0.349004266197406,-0.5026408466384626,-0.1251692594360546,2,18,20
sigmoid,ipw_half_sensitivity minus ipw_true,population_regret,0.10109953236463487,0.09305666675739996,0.11040609121734292,20,0,20
sigmoid,ipw_half_sensitivity minus ipw_true,population_loss,0.1010995323646349,0.09305666675739997,0.11040609121734296,20,0,20
sigmoid,ipw_half_sensitivity minus ipw_true,monitoring_loss,-0.02785257630003274,-0.04915462265544661,-0.0066784979838602045,5,15,20
sigmoid,ipw_half_sensitivity minus ipw_true,monitoring_gap,0.12895210866466753,0.10123511838564153,0.15727531955241353,20,0,20
sigmoid,ipw_half_sensitivity minus ipw_true,action,0.23055726570009366,0.12692709588888282,0.30278765233209703,18,2,20
sigmoid,ipw_half_sensitivity minus ipw_true,g0_expected_share,-0.03127016564389658,-0.061943702403186814,0.01151440279009162,2,18,20
sigmoid,ipw_half_sensitivity minus ipw_true,g1_expected_share,-0.12517833968399306,-0.1350257520033202,-0.11560753194879184,0,20,20
sigmoid,ipw_half_sensitivity minus ipw_true,g2_expected_share,0.15644850532788968,0.10973569453887072,0.18955476053545184,18,2,20
sigmoid,ipw_half_sensitivity minus ipw_true,g0_realized_share,-0.03124583333333334,-0.061910625000000004,0.011698098958333325,2,18,20
sigmoid,ipw_half_sensitivity minus ipw_true,g1_realized_share,-0.12435000000000004,-0.13402617187500007,-0.11494997395833337,0,20,20
sigmoid,ipw_half_sensitivity minus ipw_true,g2_realized_share,0.15559583333333332,0.10921859375000001,0.18845544270833336,18,2,20
sigmoid,ipw_half_sensitivity minus ipw_true,effective_sample_size,27.69565908134886,25.657300022465208,29.837518380480756,20,0,20
sigmoid,ipw_half_sensitivity minus ipw_true,expected_invites_per_accepted,-0.3717227850240231,-0.4061338337996358,-0.3380401240153099,0,20,20
sigmoid,ipw_half_sensitivity minus ipw_true,realized_invites_per_accepted,-0.37436458333333356,-0.4077367708333335,-0.3415749739583336,0,20,20
matched_exponential,endogenous minus static,g0_loss,0.4510473691553428,0.41006609742260586,0.4950095845586881,20,0,20
matched_exponential,endogenous minus static,g1_loss,0.09546455607985456,0.08438757404059244,0.10713791066473588,20,0,20
matched_exponential,endogenous minus static,g2_loss,-0.24977702309638933,-0.27110066513329645,-0.22953168895774742,0,20,20
matched_exponential,endogenous minus static,population_regret,0.09891163404626936,0.08723435897653002,0.1115199591581661,20,0,20
matched_exponential,endogenous minus static,population_loss,0.09891163404626939,0.08723435897653009,0.11151995915816615,20,0,20
matched_exponential,endogenous minus static,monitoring_loss,-0.08670668829645418,-0.09909054384245708,-0.07472944812342333,0,20,20
matched_exponential,endogenous minus static,monitoring_gap,0.18561832234272355,0.16292607313319876,0.20969016593416603,20,0,20
matched_exponential,endogenous minus static,action,0.171518471418907,0.1612903771284746,0.18221436124396728,20,0,20
matched_exponential,endogenous minus static,g0_expected_share,-0.07783091320262966,-0.0797201518068995,-0.07587254100803967,0,20,20
matched_exponential,endogenous minus static,g1_expected_share,-0.012579363766483775,-0.016361141313292218,-0.009043071581374478,0,20,20
matched_exponential,endogenous minus static,g2_expected_share,0.09041027696911355,0.0854714031806207,0.09563616959812211,20,0,20
matched_exponential,endogenous minus static,g0_realized_share,-0.07840833333333333,-0.08027190104166665,-0.07639268229166665,0,20,20
matched_exponential,endogenous minus static,g1_realized_share,-0.011854166666666662,-0.01603020833333334,-0.007968671874999994,0,20,20
matched_exponential,endogenous minus static,g2_realized_share,0.09026250000000004,0.08519684895833335,0.09569903645833334,20,0,20
matched_exponential,endogenous minus static,effective_sample_size,0.0,0.0,0.0,0,0,20
matched_exponential,endogenous minus static,expected_invites_per_accepted,0.03410937229081619,0.027889457129197662,0.0398867107108434,20,0,20
matched_exponential,endogenous minus static,realized_invites_per_accepted,0.035586458333333314,0.029229088541666663,0.041656276041666586,20,0,20
matched_exponential,endogenous minus quota,g0_loss,0.8977726961773589,0.8159670513269764,0.98633209085052,20,0,20
matched_exponential,endogenous minus quota,g1_loss,0.1287970320055869,0.11172858258488311,0.1457459068162246,20,0,20
matched_exponential,endogenous minus quota,g2_loss,-0.6086753336741126,-0.6523093907769967,-0.5677937601697596,0,20,20
matched_exponential,endogenous minus quota,population_regret,0.13929813150294446,0.12224427212069824,0.15773291380219567,20,0,20
matched_exponential,endogenous minus quota,population_loss,0.13929813150294448,0.12224427212069827,0.15773291380219562,20,0,20
matched_exponential,endogenous minus quota,monitoring_loss,-0.29886699154242924,-0.3318217848180228,-0.2686575212094814,0,20,20
matched_exponential,endogenous minus quota,monitoring_gap,0.4381651230453737,0.39111106629718495,0.48938862840013225,20,0,20
matched_exponential,endogenous minus quota,action,0.36932924242690335,0.3469170250961188,0.3930653070216475,20,0,20
matched_exponential,endogenous minus quota,g0_expected_share,-0.25578025521118547,-0.26321556966784565,-0.2486007575244129,0,20,20
matched_exponential,endogenous minus quota,g1_expected_share,0.1504887633237319,0.14779389586963482,0.15310626212357853,20,0,20
matched_exponential,endogenous minus quota,g2_expected_share,0.10529149188745465,0.09973474598002281,0.11087596990984276,20,0,20
matched_exponential,endogenous minus quota,g0_realized_share,-0.2559843749999996,-0.2632333854166663,-0.24901013020833299,0,20,20
matched_exponential,endogenous minus quota,g1_realized_share,0.151429166666667,0.14885312500000034,0.153907447916667,20,0,20
matched_exponential,endogenous minus quota,g2_realized_share,0.10455520833333369,0.09873122395833372,0.11041200520833368,20,0,20
matched_exponential,endogenous minus quota,effective_sample_size,0.0,0.0,0.0,0,0,20
matched_exponential,endogenous minus quota,expected_invites_per_accepted,-0.42364994428004943,-0.47842386002317094,-0.3735175672416518,0,20,20
matched_exponential,endogenous minus quota,realized_invites_per_accepted,-0.42296770833333336,-0.4779085937500001,-0.37221666666666675,0,20,20
matched_exponential,ipw_true minus endogenous,g0_loss,-0.88897998125196,-0.976660365670844,-0.8078397216938882,0,20,20
matched_exponential,ipw_true minus endogenous,g1_loss,-0.12855385648942833,-0.1454264628294004,-0.11151834894182676,0,20,20
matched_exponential,ipw_true minus endogenous,g2_loss,0.6005209735592737,0.5609540441677237,0.6424210632976709,20,0,20
matched_exponential,ipw_true minus endogenous,population_regret,-0.13900428806070486,-0.15743685519488554,-0.12197576949735776,0,20,20
matched_exponential,ipw_true minus endogenous,population_loss,-0.1390042880607049,-0.15743685519488554,-0.12197576949735776,0,20,20
matched_exponential,ipw_true minus endogenous,monitoring_loss,0.1252370808235392,0.10768487290234649,0.1436819297435568,20,0,20
matched_exponential,ipw_true minus endogenous,monitoring_gap,-0.26424136888424404,-0.3004137830893012,-0.23021045436944093,0,20,20
matched_exponential,ipw_true minus endogenous,action,-0.3652153809552843,-0.3887262303202304,-0.3429315865265401,0,20,20
matched_exponential,ipw_true minus endogenous,g0_expected_share,0.07679716756354399,0.07488519985697295,0.07862496520380603,20,0,20
matched_exponential,ipw_true minus endogenous,g1_expected_share,0.012588242590139923,0.00906227204263648,0.016356207783829485,20,0,20
matched_exponential,ipw_true minus endogenous,g2_expected_share,-0.0893854101536839,-0.09440517935718487,-0.0846462033024371,0,20,20
matched_exponential,ipw_true minus endogenous,g0_realized_share,0.07731249999999998,0.07526661458333332,0.07925940104166665,20,0,20
matched_exponential,ipw_true minus endogenous,g1_realized_share,0.01187395833333334,0.0079759635416667,0.016054192708333345,20,0,20
matched_exponential,ipw_true minus endogenous,g2_realized_share,-0.08918645833333336,-0.09445315104166667,-0.0843092447916667,0,20,20
matched_exponential,ipw_true minus endogenous,effective_sample_size,-19.78034916133994,-21.234665535893566,-18.423034455008374,0,20,20
matched_exponential,ipw_true minus endogenous,expected_invites_per_accepted,-0.03392794925147648,-0.039620649119441825,-0.027812279993179763,0,20,20
matched_exponential,ipw_true minus endogenous,realized_invites_per_accepted,-0.03271041666666663,-0.038635468749999936,-0.026491588541666604,0,20,20
matched_exponential,ipw_omit_friction minus ipw_true,g0_loss,0.7030405395157803,0.6431463567669778,0.7677583354286819,20,0,20
matched_exponential,ipw_omit_friction minus ipw_true,g1_loss,0.08513611119955021,0.06926994669621948,0.10074666054326105,20,0,20
matched_exponential,ipw_omit_friction minus ipw_true,g2_loss,-0.5109667221475951,-0.5477813285688553,-0.4755840526212565,0,20,20
matched_exponential,ipw_omit_friction minus ipw_true,population_regret,0.09240330952257851,0.08186979641627472,0.10379806450291149,20,0,20
matched_exponential,ipw_omit_friction minus ipw_true,population_loss,0.0924033095225785,0.08186979641627472,0.10379806450291143,20,0,20
matched_exponential,ipw_omit_friction minus ipw_true,monitoring_loss,-0.10832479270794333,-0.12421308433487832,-0.09326662073559913,0,20,20
matched_exponential,ipw_omit_friction minus ipw_true,monitoring_gap,0.20072810223052184,0.17615538454477414,0.2275004613651734,20,0,20
matched_exponential,ipw_omit_friction minus ipw_true,action,0.29747899559458,0.28105168608144726,0.3150048754002266,20,0,20
matched_exponential,ipw_omit_friction minus ipw_true,g0_expected_share,-0.06572191055080576,-0.06737526508209964,-0.06399549392458878,0,20,20
matched_exponential,ipw_omit_friction minus ipw_true,g1_expected_share,-0.007840248752460723,-0.010763147448586575,-0.005096951730523236,1,19,20
matched_exponential,ipw_omit_friction minus ipw_true,g2_expected_share,0.07356215930326648,0.06943135115982861,0.07781092782092701,20,0,20
matched_exponential,ipw_omit_friction minus ipw_true,g0_realized_share,-0.06614270833333333,-0.06785419270833333,-0.06430098958333333,0,20,20
matched_exponential,ipw_omit_friction minus ipw_true,g1_realized_share,-0.007213541666666656,-0.01047414062499998,-0.004166640624999983,1,19,20
matched_exponential,ipw_omit_friction minus ipw_true,g2_realized_share,0.07335625000000001,0.0691176041666667,0.07779588541666667,20,0,20
matched_exponential,ipw_omit_friction minus ipw_true,effective_sample_size,16.57080091170105,15.51510866194919,17.697632842313812,20,0,20
matched_exponential,ipw_omit_friction minus ipw_true,expected_invites_per_accepted,0.024393033739394443,0.018522580454940887,0.029970481464767697,19,1,20
matched_exponential,ipw_omit_friction minus ipw_true,realized_invites_per_accepted,0.02247187500000002,0.015474817708333479,0.029238541666666618,17,3,20
matched_exponential,ipw_half_sensitivity minus ipw_true,g0_loss,0.28889860960939384,0.2483425303704021,0.3326408288081081,20,0,20
matched_exponential,ipw_half_sensitivity minus ipw_true,g1_loss,0.014082612597763175,0.008014005472014757,0.019364824523383676,18,2,20
matched_exponential,ipw_half_sensitivity minus ipw_true,g2_loss,-0.2450218223551463,-0.27460805000149,-0.21756247075020183,0,20,20
matched_exponential,ipw_half_sensitivity minus ipw_true,population_regret,0.01931979995067024,0.015106519042419915,0.023929151606256416,20,0,20
matched_exponential,ipw_half_sensitivity minus ipw_true,population_loss,0.019319799950670225,0.01510651904241996,0.023929151606256367,20,0,20
matched_exponential,ipw_half_sensitivity minus ipw_true,monitoring_loss,-0.054285102080380676,-0.06596117758654162,-0.04348694088681929,0,20,20
matched_exponential,ipw_half_sensitivity minus ipw_true,monitoring_gap,0.07360490203105088,0.058583748433992694,0.08962844760917486,20,0,20
matched_exponential,ipw_half_sensitivity minus ipw_true,action,0.13050647099115117,0.11607497362685701,0.14585600788906236,20,0,20
matched_exponential,ipw_half_sensitivity minus ipw_true,g0_expected_share,-0.03184973740340739,-0.03475692621082707,-0.029046956617738484,0,20,20
matched_exponential,ipw_half_sensitivity minus ipw_true,g1_expected_share,-0.0006093556285162172,-0.001631442665814891,0.0003584436108606935,10,10,20
matched_exponential,ipw_half_sensitivity minus ipw_true,g2_expected_share,0.032459093031923604,0.029194155102465803,0.03591309779772289,20,0,20
matched_exponential,ipw_half_sensitivity minus ipw_true,g0_realized_share,-0.03186770833333332,-0.03482499999999998,-0.02897807291666665,0,20,20
matched_exponential,ipw_half_sensitivity minus ipw_true,g1_realized_share,-0.00012604166666667084,-0.001437499999999989,0.0010812499999999924,10,10,20
matched_exponential,ipw_half_sensitivity minus ipw_true,g2_realized_share,0.03199375000000001,0.028619765625000005,0.03557406250000002,20,0,20
matched_exponential,ipw_half_sensitivity minus ipw_true,effective_sample_size,10.051366335029574,9.432136551241747,10.70852279492569,20,0,20
matched_exponential,ipw_half_sensitivity minus ipw_true,expected_invites_per_accepted,0.006514180670548752,0.0040250994536655425,0.008714631604981695,16,4,20
matched_exponential,ipw_half_sensitivity minus ipw_true,realized_invites_per_accepted,0.006517708333333305,0.0027978906249999545,0.010263645833333319,15,5,20
