block,world,beta,root,mean_derivative,update_derivative,locally_stable,finite_difference_error
original_main,0,3.0,0.476178155234804,0.2989650443425986,0.9649482522171299,True,1.7068402247133463e-11
original_main,1,3.0,0.5469441364414176,0.4753975735754845,0.9737698786787742,True,9.461320615855584e-12
original_main,2,3.0,0.4261364558773433,0.39846345247833004,0.9699231726239165,True,7.819711544954089e-11
original_main,3,3.0,0.5449618652960597,0.4559333376382212,0.972796666881911,True,1.492250767398673e-12
original_main,4,3.0,0.4731123224028033,0.3110566555141062,0.9655528327757052,True,2.541111765452797e-11
original_main,5,3.0,0.4391226638315726,0.3273701329170922,0.9663685066458546,True,2.6122715102161465e-11
original_main,6,3.0,0.362247323419681,0.4609029984744644,0.9730451499237232,True,1.47565848429565e-11
original_main,7,3.0,0.430565770664043,0.3175109400784641,0.9658755470039232,True,3.8508474187182173e-11
original_main,8,3.0,0.3460035343947758,0.3500535956856737,0.9675026797842836,True,7.542905189339422e-11
original_main,9,3.0,0.47824153302288197,0.3305138271589673,0.9665256913579483,True,1.8634371823367246e-11
original_main,10,3.0,-0.33717041291231764,0.6383508663359363,0.9819175433167968,True,2.6991742174686806e-12
original_main,10,3.0,0.10436130322101389,1.2384352595032948,1.0119217629751647,False,2.0201174066869498e-11
original_main,10,3.0,0.4291771035704989,0.7393120419243537,0.9869656020962176,True,7.859490835926408e-11
original_main,11,3.0,-0.37790579288038983,0.5319276245851704,0.9765963812292585,True,2.8899882487110062e-11
original_main,11,3.0,0.09164287546417699,1.2853609366727257,1.0142680468336362,False,8.984568644621049e-11
original_main,11,3.0,0.4014302663426055,0.7208326089293853,0.9860416304464692,True,1.0455680765630859e-10
original_main,12,3.0,0.5289942389012732,0.22597924275924663,0.9612989621379623,True,5.1960657998506576e-11
original_main,13,3.0,0.4891605905484304,0.25769279342155865,0.9628846396710778,True,3.9833414344769835e-11
original_main,14,3.0,0.492794838265461,0.1567491911362995,0.957837459556815,True,1.8415241553881856e-11
original_main,15,3.0,0.5609862554184755,0.3024436402255466,0.9651221820112773,True,7.319744810274642e-11
original_main,16,3.0,0.5145505049912109,0.4203346910968992,0.9710167345548449,True,6.774852900903738e-11
original_main,17,3.0,0.33491233241906715,0.346466457308551,0.9673233228654275,True,3.467587328387367e-11
original_main,18,3.0,0.5029550665081266,0.41518123009139074,0.9707590615045695,True,2.6465163394107094e-11
original_main,19,3.0,0.5379644478125627,0.38476799286674035,0.969238399643337,True,6.633482652063094e-11
exact_symmetric,0,1.5,0.0,0.6509062600623005,0.982545313003115,True,2.748090643933665e-11
exact_symmetric,0,3.0,-0.45385133322126625,0.43375118657830497,0.9716875593289152,True,8.2281903512893e-11
exact_symmetric,0,3.0,0.0,1.5844493963851571,1.0292224698192578,False,7.258993406367154e-11
exact_symmetric,0,3.0,0.45385133322126625,0.43375118657830514,0.9716875593289153,True,5.4526494430717776e-11
exact_symmetric,0,8.0,-0.9255883072331244,0.11266384297151882,0.9556331921485759,True,6.113770600890689e-11
exact_symmetric,0,8.0,-0.5319972336839589,1.9539561972013286,1.0476978098600664,False,3.015920846394238e-11
exact_symmetric,0,8.0,0.0,0.07582489330111222,0.9537912446650556,True,5.942968339667232e-12
exact_symmetric,0,8.0,0.5319972336839589,1.9539561972013286,1.0476978098600664,False,3.015920846394238e-11
exact_symmetric,0,8.0,0.9255883072331241,0.11266384297151914,0.9556331921485759,True,5.626235588529482e-12
