case_id,block,family,strength_anchor,condition,init_label,expected_total_invites,actual_total_invites,conditional_variance_total,standardized_difference,ratio_actual_to_expected
0,main_extension,sigmoid,3.0,endogenous,world_optimum,38396954.011794716,38400943,38926095.5090158,0.63935538918223,1.0001038881418578
1,main_extension,sigmoid,3.0,static,world_optimum,46989470.34648993,46981010,68602162.28112876,-1.0214550208478572,0.9998199522908527
2,main_extension,sigmoid,3.0,quota,world_optimum,97985744.28499283,97999573,727497792.1396506,0.512703151076723,1.0001411298664726
3,main_extension,sigmoid,3.0,ipw_true,world_optimum,46708652.784037516,46693570,67512484.69007522,-1.8356482591094716,0.9996770880096403
4,main_extension,sigmoid,3.0,ipw_omit_friction,world_optimum,41229117.50385932,41217492,47711939.18091736,-1.6830547760249155,0.9997180268566692
5,main_extension,sigmoid,3.0,ipw_half_sensitivity,world_optimum,39926297.15296792,39911964,43601575.27656586,-2.170654214307164,0.9996410097106424
6,main_extension,matched_exponential,3.0,endogenous,world_optimum,33856028.64106025,33853046,25880847.08019327,-0.5862890039140304,0.9999119022171244
7,main_extension,matched_exponential,3.0,static,world_optimum,33231755.838216342,33221673,24333542.281006612,-2.0439964231730525,0.999696590265485
8,main_extension,matched_exponential,3.0,quota,world_optimum,42022066.09467549,42018792,75102227.985219,-0.3778024962082651,0.9999220862994191
9,main_extension,matched_exponential,3.0,ipw_true,world_optimum,33235359.294200372,33238877,24342241.929921586,0.7129830865039951,1.0001058422678235
10,main_extension,matched_exponential,3.0,ipw_omit_friction,world_optimum,33688591.348230466,33693574,25461191.993952703,0.9874637694861477,1.0001479032387561
11,main_extension,matched_exponential,3.0,ipw_half_sensitivity,world_optimum,33357084.588794015,33372771,24638113.133080643,3.16023859696213,1.00047025726017
12,exact_symmetric,sigmoid,1.5,endogenous,-0.75,6950070.634363641,6949455,3122817.508468071,-0.34837706065511453,0.9999114204162765
13,exact_symmetric,sigmoid,1.5,static,-0.75,8541768.841118021,8546262,6658609.2703597825,1.741245513194389,1.000526022064698
14,exact_symmetric,sigmoid,1.5,endogenous,-0.25,6900871.386766984,6900663,3020595.0168997897,-0.1199012983982806,0.9999698028328157
15,exact_symmetric,sigmoid,1.5,static,-0.25,7150109.613108431,7147423,3500737.778446898,-1.4359037799322298,0.9996242556752549
16,exact_symmetric,sigmoid,1.5,endogenous,-0.01,6893093.260827666,6895254,3005811.2577670636,1.2462968347634265,1.0003134643752194
17,exact_symmetric,sigmoid,1.5,static,-0.01,6891671.942151285,6888715,3003149.3408146137,-1.7062959640294064,0.9995709397986287
18,exact_symmetric,sigmoid,1.5,endogenous,0.0,6893080.4235838605,6891479,3005787.2191780284,-0.9236918319698955,0.9997676766430316
19,exact_symmetric,sigmoid,1.5,static,0.0,6891238.621468969,6888318,3002338.4072864354,-1.6855647964393428,0.9995761833787224
20,exact_symmetric,sigmoid,1.5,endogenous,0.01,6893102.387512895,6890021,3005828.3516688063,-1.7773142789990088,0.9995529752294877
21,exact_symmetric,sigmoid,1.5,static,0.01,6891671.942151285,6888494,3003149.3408146137,-1.8338234531575432,0.9995388721085449
22,exact_symmetric,sigmoid,1.5,endogenous,0.25,6900911.919732711,6899694,3020663.8212436032,-0.7007570407256163,0.9998235132187053
23,exact_symmetric,sigmoid,1.5,static,0.25,7150109.613108431,7147163,3500737.778446898,-1.574864980415768,0.9995878925963556
24,exact_symmetric,sigmoid,1.5,endogenous,0.75,6950013.396006368,6954370,3122595.324653931,2.4654161280835,1.0006268482872471
25,exact_symmetric,sigmoid,1.5,static,0.75,8541768.841118021,8542535,6658609.2703597825,0.2969115383368029,1.0000896955766692
26,exact_symmetric,sigmoid,3.0,endogenous,-0.75,9320534.562027954,9317436,8778810.268810421,-1.0457848906672988,0.9996675553309381
27,exact_symmetric,sigmoid,3.0,static,-0.75,10096246.50583826,10094198,11140043.808046905,-0.6137531819310984,0.9997971022362543
28,exact_symmetric,sigmoid,3.0,endogenous,-0.25,9320844.216393845,9323164,8779218.428999707,0.7829238944286884,1.0002488812764487
29,exact_symmetric,sigmoid,3.0,static,-0.25,9700294.166386778,9698793,9902978.107453957,-0.4770302522040836,0.9998452452718414
30,exact_symmetric,sigmoid,3.0,endogenous,-0.01,9431312.673493661,9429914,9117157.242249727,-0.4632192745464731,0.9998516989583441
31,exact_symmetric,sigmoid,3.0,static,-0.01,10263312.601120554,10262103,11681601.054779056,-0.3539085015411416,0.9998821432058475
32,exact_symmetric,sigmoid,3.0,endogenous,0.0,9434921.669178199,9435420,9128274.055570506,0.1649390215807633,1.0000528176957133
33,exact_symmetric,sigmoid,3.0,static,0.0,10264601.301101737,10267073,11685823.671935627,0.7230459528068818,1.0002407983345634
34,exact_symmetric,sigmoid,3.0,endogenous,0.01,9424793.396887409,9420120,9097145.827859519,-1.5494589920725133,0.9995041380016932
35,exact_symmetric,sigmoid,3.0,static,0.01,10263312.601120554,10260402,11681601.054779056,-0.851591870787534,0.9997164072426055
36,exact_symmetric,sigmoid,3.0,endogenous,0.25,9321479.61899759,9321474,8781067.183774622,-0.0018962046004562993,0.9999993971989619
37,exact_symmetric,sigmoid,3.0,static,0.25,9700294.166386778,9702206,9902978.107453957,0.6075292377452566,1.0001970902717412
38,exact_symmetric,sigmoid,3.0,endogenous,0.75,9320616.329534257,9318685,8779034.160335977,-0.6518280003924956,0.9997927895038295
39,exact_symmetric,sigmoid,3.0,static,0.75,10096246.50583826,10095161,11140043.808046905,-0.3252285884636642,0.9998924842180079
40,exact_symmetric,sigmoid,8.0,endogenous,-0.75,16072100.303193958,16075630,37743017.09852046,0.5745384455503393,1.0002196163998143
41,exact_symmetric,sigmoid,8.0,static,-0.75,16088647.101571167,16101365,37837304.05653085,2.067546375777657,1.0007904889919297
42,exact_symmetric,sigmoid,8.0,endogenous,-0.25,16027186.12112379,16014307,37487589.834315866,-2.1034997651288196,0.9991964203181732
43,exact_symmetric,sigmoid,8.0,static,-0.25,16088220.024710387,16088656,37834868.21768419,0.07087870302950809,1.000027099038237
44,exact_symmetric,sigmoid,8.0,endogenous,-0.01,16024370.832016371,16029182,37471558.45749556,0.7859585499622112,1.0003002406792794
45,exact_symmetric,sigmoid,8.0,static,-0.01,16024901.594498077,16018028,37474571.55411637,-1.1228340381584263,0.9995710679121775
46,exact_symmetric,sigmoid,8.0,endogenous,0.0,16024363.834211346,16027019,37471518.73155659,0.4337515061752147,1.0001656955506082
47,exact_symmetric,sigmoid,8.0,static,0.0,16024251.699831806,16029058,37470882.16257789,0.7851704229083125,1.0002999391333978
48,exact_symmetric,sigmoid,8.0,endogenous,0.01,16024371.03838752,16026822,37471559.628966406,0.40039221482201237,1.0001529521256471
49,exact_symmetric,sigmoid,8.0,static,0.01,16024901.594498077,16031184,37474571.55411637,1.0262605309413495,1.0003920401922517
50,exact_symmetric,sigmoid,8.0,endogenous,0.25,16027157.69294959,16035770,37487428.25740793,1.406619654012808,1.0005373571044478
51,exact_symmetric,sigmoid,8.0,static,0.25,16088220.024710387,16094970,37834868.21768419,1.0973775473230927,1.0004195601054215
52,exact_symmetric,sigmoid,8.0,endogenous,0.75,16072201.011291265,16074854,37743591.55340019,0.4318309738902047,1.000165066919389
53,exact_symmetric,sigmoid,8.0,static,0.75,16088647.101571167,16093740,37837304.05653085,0.8279515477860088,1.0003165523114952
