world,seed,g0_risk_endogenous,g0_risk_static,g0_risk_contrast,g1_risk_endogenous,g1_risk_static,g1_risk_contrast,g2_risk_endogenous,g2_risk_static,g2_risk_contrast,population_regret_endogenous,population_regret_static,population_regret_contrast,action_endogenous,action_static,action_contrast
0,0,2.5699898339006357,1.6528878689380464,0.9171019649625893,0.19922543657636482,0.02604536937073206,0.17318006720563275,0.2878438877197661,0.7230128743243527,-0.4351689866045866,0.25209249317331933,0.033721477985440895,0.21837101518787844,0.46061184983921477,0.14210723654896118,0.3185046132902536
0,1,2.624475752283446,1.685423296594798,0.9390524556886481,0.2141836660317363,0.029048735009542703,0.1851349310221936,0.27047798176412696,0.7018661214630237,-0.4313881396988968,0.2694519071341668,0.038518824796852064,0.23093308233731472,0.4775353351056806,0.15475116868894662,0.32278416641673396
0,2,2.650188774183881,1.6717755134917274,0.9784132606921536,0.22128515077172925,0.02775470492247778,0.19353044584925147,0.26235970881766446,0.7106744878519231,-0.44831477903425865,0.27768398503215547,0.036474342529773156,0.2412096425023823,0.4855037259594751,0.14946200145390456,0.33604172450557057
0,3,2.6733168136067493,1.7153896694733821,0.9579271441333672,0.2278157493257826,0.03207811274170225,0.19573763658408036,0.2553175956681663,0.6828675207753687,-0.4275499251072024,0.2852228266412963,0.04318454143788153,0.24203828520341475,0.49260979650460723,0.16628404229863888,0.3263257542059683
0,4,2.626585272282237,1.7038296175348302,0.922755654747407,0.21470562364988627,0.030880341268400016,0.18382528238148627,0.2697016954738235,0.6901436005697313,-0.42044190509590784,0.2700703042430462,0.04135729356538402,0.22871301067766214,0.4782150381009078,0.16184750918630392,0.3163675289146039
0,5,2.607919995187018,1.663629391953822,0.9442906032331959,0.20954880911425755,0.02700475472967339,0.18254405438458415,0.2755915518875728,0.7159728255952272,-0.44038127370765445,0.26409289250401313,0.035275097867304664,0.22881779463670848,0.47243149058515227,0.14629538584384846,0.32613610474130383
0,6,2.580078320000886,1.6837039998009642,0.8963743201999219,0.20193067853046676,0.02886789428722491,0.17306278424324184,0.28451141307498595,0.7029433675079558,-0.4184319544329699,0.25524624430984333,0.038244527639778834,0.2170017166700645,0.46377293076543424,0.15409249019379845,0.3096804405716358
0,7,2.581503088461713,1.684623820254109,0.8968792682076041,0.20232522707001052,0.028979916241778432,0.1733453108282321,0.2840634896880829,0.7023948047240192,-0.41833131503593624,0.25570337551433264,0.038405620847699155,0.21729775466663348,0.4642140117426465,0.15443834309742432,0.30977566864522216
0,8,2.611835631876252,1.6976402417402918,0.9141953901359601,0.21062634326301025,0.030245274096240688,0.18038106916676955,0.27434820127634646,0.6940506209543195,-0.419702419677973,0.2653428325796003,0.04038481937134769,0.2249580132082526,0.4736466030248584,0.15946947336668435,0.314177129658174
0,9,2.628188634602854,1.698005709322363,0.930182925280491,0.21513680235586383,0.03027689390851187,0.18485990844735195,0.26917431012219234,0.6938092336465057,-0.42463492352431337,0.270572689468034,0.040436719400190724,0.23013597006784325,0.4787168997748438,0.1596124077999074,0.3191044919749364
1,0,2.71391965550024,1.5486514680423262,1.1652681874579138,0.28022560815248443,0.026001330139536614,0.25422427801294784,0.3610091503083289,1.000928028413273,-0.6399188781049442,0.2741380746482101,0.014280212192903805,0.2598578624553063,0.5540350344993087,0.14978966292305837,0.4042453715762503
1,1,2.730728397074333,1.507300280743875,1.2234281163304581,0.28543294115836026,0.022484863894998413,0.26294807726336183,0.3548302921931675,1.034544412235858,-0.6797141200426906,0.27941714680314517,0.010529788952769042,0.2688873578503761,0.5591827729001104,0.13300176640966144,0.426181006490449
1,2,2.7215607235774817,1.5239969722745987,1.197563751302883,0.2825464096654945,0.023822136041870952,0.25872427362362355,0.358108381392282,1.020807197212972,-0.6626988158206899,0.27649177487294474,0.011962038504339061,0.26452973636860566,0.556395725473526,0.13981699686304658,0.4165787286104794
1,3,2.7117535066856666,1.5029262826343068,1.2088272240513598,0.27946251199192457,0.022126741116533885,0.25733577087539067,0.3616230788062448,1.0381276663832506,-0.6765045875770058,0.27336630248913735,0.010146833372555656,0.2632194691165817,0.5534124766449807,0.1312198555724384,0.4221926210725423
1,4,2.582646975816095,1.49446627253588,1.088180703280215,0.23998760791065113,0.021494825735552472,0.21849278217509865,0.4101170473924762,1.045178626925681,-0.6350615795332049,0.233337147034266,0.00946651172689665,0.22387063530736936,0.5136414294974355,0.12774639943604268,0.3858950300613928
1,5,2.6929605386533573,1.5091948512603075,1.1837656873930498,0.2735677968255022,0.022618489920528947,0.25094930690497325,0.3683873413316193,1.032949761008756,-0.6645624196771366,0.26739182893135155,0.0106743040577226,0.256717524873629,0.5476893068082691,0.1337831268388017,0.41390617996946744
1,6,2.6944720663192783,1.5309382067579569,1.1635338595613214,0.27406825301192594,0.024388153993101028,0.24968009901882493,0.3678954824008829,1.0151162651183527,-0.6472207827174699,0.26789853723855434,0.012567478617662236,0.2553310586208921,0.548137936080341,0.14264578672618197,0.405492149354159
1,7,2.7106007947230712,1.5384266031143594,1.1721741916087118,0.27911463368259687,0.025040031335235895,0.25407460234736096,0.36206510370072675,1.0090584475435855,-0.6469933438428588,0.27301344736332384,0.013261630658919046,0.2597518167044048,0.5530553585348117,0.14567926419149377,0.4073760943433179
1,8,2.6683223885657377,1.5245142788830799,1.1438081096826578,0.26595244516415273,0.023854197076539994,0.24209824808761274,0.3774789985784306,1.0203630144526241,-0.6428840158741935,0.25967121409729926,0.011997100131940025,0.24767411396535924,0.5401360073418505,0.140032308414178,0.4001036989276725
1,9,2.7094871007462427,1.5098839066626566,1.199603194083586,0.2787311036642697,0.022685097945686825,0.2560460057185828,0.3623981923871293,1.0324054686628235,-0.6700072762756941,0.272625402260406,0.010744761084914276,0.2618806411754917,0.5527313726131056,0.134059317117526,0.41867205549557956
2,0,2.0652180400795155,1.1652953982077532,0.8999226418717623,0.2435170405963007,0.02801870570364306,0.21549833489265763,0.3105881161466681,0.831256012712581,-0.5206678965659128,0.2077279967681458,0.00947697003530984,0.19825102673283596,0.429975884647372,0.0707893490626702,0.3591865355847018
2,1,1.9940527021286585,1.1620694498314637,0.8319832522971948,0.22003785099168421,0.027538221600711583,0.19249962939097262,0.3384001091649655,0.8337285477632835,-0.49532843859831804,0.1854504852557535,0.009065670892470418,0.17638481436328307,0.4049501480608608,0.06934852676740196,0.3356016212934589
2,2,2.075113491353603,1.1870347120187987,0.8880787793348044,0.24678020154784383,0.030442805801265106,0.21633739574657873,0.30671759098727125,0.8129046845499349,-0.5061870935626637,0.21082402579022358,0.011414331950650457,0.19940969383957313,0.4334565169972971,0.08092599182514672,0.3525305251721504
2,3,2.0595362030407154,1.1775438849911748,0.8819923180495406,0.24162660255309953,0.029291443391697675,0.21233515916140186,0.3127757037990552,0.8207232435438815,-0.5079475397448263,0.20593310095827416,0.010473121802902012,0.19545997915537214,0.42798615480235896,0.07654943276047499,0.351436722041884
2,4,2.0197865277240044,1.1629456524435158,0.8568408752804886,0.22842469792959005,0.027622611068977464,0.2008020868606126,0.3281285598781603,0.8329612636540094,-0.5048327037758491,0.19340019300456884,0.009130106882818274,0.18427008612175058,0.41405385917002485,0.06976407106798682,0.34428978810203803
2,5,2.032517987274068,1.1707115856030088,0.8618064016710594,0.23259981260707158,0.028490013729869177,0.2041097988772024,0.3231004769256343,0.82640861248576,-0.5033081355601257,0.19735969009624224,0.009823668433530141,0.1875360216627121,0.418544237201185,0.07338442651876685,0.34515981068241813
2,6,2.0555351978237604,1.194751994408851,0.8607832034149094,0.24023398915401947,0.03137650620512763,0.20885748294889184,0.3141886745312699,0.8065419696517099,-0.49235329512043996,0.20460621833033382,0.012177087915880127,0.1924291304144537,0.426617268263765,0.08448602218588679,0.3421312460778782
2,7,2.1117401172701507,1.1952924955468027,0.9164476217233479,0.2592125472029069,0.03144323620095402,0.22776931100195286,0.29312658834606603,0.8060991117899513,-0.5129725234438853,0.22264668210035848,0.01223187900655346,0.21041480309380503,0.44615369858403037,0.08473465773764159,0.36141904084638876
2,8,2.0255549642766604,1.1595150027425685,0.8660399615340919,0.2303124048267762,0.027280919741460387,0.20303148508531582,0.3258421570941944,0.8359420534565639,-0.5100998963623695,0.19519010655986108,0.0088662564741817,0.18632385008567937,0.41609046983138714,0.06814298273812484,0.3479474870932623
2,9,2.025064534909398,1.171509493994746,0.8535550409146522,0.23015651430787223,0.028598054544992778,0.20155845976287945,0.32604609629022197,0.8257746322930056,-0.49972853600278366,0.19504264632981483,0.009914324771565506,0.18512832155824932,0.4159149035215191,0.07374646968749873,0.3421684338340204
3,0,2.6994268684005154,1.5496602463966445,1.149766622003871,0.26085671668342564,0.02295934169124067,0.23789737499218497,0.3676147059580854,1.0026223008453659,-0.6350075948872804,0.26396371868291635,0.013078251313324355,0.250885467369592,0.5381354050504124,0.1386969489454665,0.3994384561049459
3,1,2.716459641777132,1.5696602159487845,1.1467994258283474,0.2660468675397101,0.02462252210971554,0.24142434542999452,0.3614682709076933,0.986732225225365,-0.6252639543176717,0.2693225484104193,0.015002609430195745,0.25431993898022354,0.5433229896424547,0.14672926143486825,0.3965937282075865
3,2,2.6875874830626385,1.5339696625688684,1.1536178204937702,0.2572627263144665,0.021771277763598454,0.23549144855086807,0.371913783888748,1.0153170624851926,-0.6434032785964445,0.2602522860908583,0.011683622608127255,0.24856866348273107,0.5345235628404096,0.13234421342167885,0.40217934941873074
3,3,2.7648023491324434,1.5807713583096392,1.1840309908228042,0.28098874661500306,0.02558137408722185,0.25540737252778123,0.34443654291238285,0.9779725953477961,-0.6335360524354132,0.2847401678888507,0.016106064250459743,0.26863410363839096,0.5579540075482772,0.15117640691098022,0.40677760063729695
3,4,2.655961500043367,1.5356433450033125,1.1203181550400547,0.2478848999931456,0.02191555846250902,0.22596934153063658,0.3838334479871772,1.0139972929595076,-0.6301638449723304,0.2505575710101381,0.011849687144017042,0.23870788386612105,0.5247779009577082,0.13301415801078267,0.3917637429469255
3,5,2.6762267415411465,1.5451297573109968,1.1310969842301497,0.2539008729101837,0.022602675172754185,0.23129819773742952,0.3762090251983208,1.0062611089787656,-0.6300520837804449,0.2567765015521246,0.012662135489746337,0.24411436606237827,0.5310197013706159,0.136868632826959,0.39415106854365695
3,6,2.6864000001243817,1.5382184135758858,1.148181586548496,0.25691619671198207,0.02208744059710933,0.23482875611487275,0.37237227358989433,1.0118686770872631,-0.6394964034973688,0.2598937784776603,0.012055798755660044,0.24783797972200028,0.5341551886429052,0.13406685836630183,0.4000883302766034
3,7,2.734700886496499,1.5460491374038963,1.1886517490926027,0.27163967251149274,0.02268021529105356,0.24895945722043916,0.35495310540775526,1.005532781040784,-0.6505796756330287,0.27509550980748987,0.012751666247485447,0.2623438435600044,0.548863557285753,0.13723739541089716,0.4116261618748558
3,8,2.6718625741550617,1.5170893758197086,1.154773198335353,0.2525633755191472,0.020563511218463757,0.23199986430068345,0.37776886784756053,1.0291121275647264,-0.6513432597171658,0.2553958941761641,0.010252626536540459,0.24514326763962363,0.5296938880548107,0.12547896679330003,0.4042149212615106
3,9,2.6847623922425328,1.5500329550081908,1.134729437234342,0.2564115850491416,0.023009444913479997,0.23340214013566157,0.372952245088146,1.0023635836434504,-0.6294113385553044,0.25937302912884797,0.013132949523947713,0.24624007960490024,0.5336588869395893,0.1388382641604036,0.3948206227791857
4,0,1.9984250340954373,1.263667770265836,0.7347572638296012,0.19788169833560357,0.032619746824732836,0.16526195151087072,0.2699458231526563,0.6490313457798818,-0.37908552262722545,0.19714102206794207,0.023496457830193593,0.1736445642377485,0.46612210989511854,0.17537330328154357,0.29074880661357494
4,1,2.003788426334104,1.2719526063307407,0.7318358200033634,0.19951230459160924,0.03366840116401315,0.16584390342759608,0.2680084762100885,0.6431633545216598,-0.37515487831157135,0.1988265725853106,0.024651624212181065,0.17417494837312955,0.4680278377322521,0.1790676465986076,0.28896019113364446
4,2,1.984371755321316,1.2518341980043943,0.7325375573169217,0.1936328262669949,0.031187540730725542,0.16244528553626936,0.27506841369335017,0.6575412011539064,-0.3824727874605562,0.19274783530059697,0.021911150169718535,0.17083668513087844,0.46111659099527846,0.17006301409229727,0.29105357690298117
4,3,2.0111267738591674,1.2573350396322729,0.7537917342268945,0.20176989682039986,0.03188424074020098,0.1698856560801989,0.26540966970755525,0.6536459013719665,-0.3882362316644113,0.20115895033575076,0.022678564121523335,0.17848038621422743,0.4706217546743815,0.1725157093333981,0.2981060453409834
4,4,2.031524064569581,1.2601945867954587,0.7713294777741222,0.20807321735334627,0.03222214530894274,0.17585107204440353,0.2582413831864506,0.6515735143241258,-0.3933321311376752,0.20766972524316918,0.023053585682885732,0.18461613956028344,0.4778172572903056,0.1738031028539094,0.30401415443639623
4,5,2.0040254250954206,1.2508904269711434,0.7531349981242772,0.19959762632136763,0.031103713835981647,0.16849391248538598,0.26794881867974163,0.6582793448874898,-0.3903305262077482,0.19891412690555324,0.02181466543824811,0.17709946146730512,0.4681052745696805,0.1696239802203463,0.2984812943493342
4,6,2.046633774771287,1.2738066130913144,0.7728271616799727,0.21282478677751995,0.033958396664690395,0.17886639011282957,0.25309220778085645,0.6419584025479115,-0.38886619476705503,0.21257375998326444,0.02496464097468189,0.18760911900858254,0.4831054782899499,0.17986613325426357,0.3032393450356863
4,7,2.004857321188928,1.2350732312502395,0.7697840899386883,0.19984337843031882,0.02921280498672318,0.17063057344359564,0.2676343098162628,0.669699764364776,-0.40206545454851317,0.19916850668521296,0.019718770407289393,0.17944973627792357,0.46840452315053227,0.16251408624772823,0.30589043690280404
4,8,1.9840907596308068,1.2418837618035252,0.7422069978272816,0.1935502957615061,0.03001399725945531,0.1635362985020508,0.275175584524875,0.6647569793939693,-0.38958139486909427,0.19266238351243947,0.020608416359026518,0.17205396715341295,0.4610152670432625,0.1655820797778143,0.2954331872654482
4,9,2.027928333811867,1.2589922514338936,0.7689360823779736,0.20694662966608088,0.03204791562107795,0.17489871404500293,0.2594749058716689,0.6523819911037604,-0.3929070852320915,0.20650679332324876,0.02286422292628708,0.1836425703969617,0.4765566667541551,0.17327821618454584,0.3032784505696092
5,0,2.178895566237374,1.3596315994233759,0.8192639668139983,0.21623535923035947,0.032767354091246995,0.1834680051391125,0.28037246640461494,0.6990700625821226,-0.4186975961775076,0.21944539257051826,0.02476726731198395,0.1946781252585343,0.4377374784054457,0.12642690045689894,0.3113105779485468
5,1,2.1884731681078424,1.3393726523494731,0.8491005157583693,0.21922266964508935,0.030372522446881295,0.18885014719820806,0.27711807813531586,0.7135944258651343,-0.43647634772981847,0.22254890057581822,0.022057462166898335,0.2004914384089199,0.4409643429431363,0.11767993062044624,0.32328441232269006
5,2,2.192505436281139,1.3229818805556066,0.8695235557255323,0.2204632963311284,0.028647782421351832,0.19181551390977658,0.27571472691623256,0.7257599594038542,-0.4500452324876216,0.22383874845590204,0.020074136073339726,0.20376461238256233,0.44233123983649464,0.1104988676675057,0.3318323721689889
5,3,2.1453587602572424,1.3277662893026434,0.817592470954599,0.20606975901791832,0.02906731197123369,0.17700244704668464,0.2923418544949016,0.7220454895815079,-0.42970363508660636,0.20886771986975636,0.02057062556486384,0.18829709430489253,0.42629402167802743,0.1126360832955545,0.3136579383824729
5,4,2.196321704255696,1.3470492898530815,0.8492724144026147,0.22161304657970307,0.03122546206629719,0.19038758451340587,0.2743390046127983,0.7079846063804923,-0.433645601767694,0.22503551376246805,0.023030714713025705,0.20200479904944235,0.4436368712409453,0.12102108007738535,0.32261579116356
5,5,2.18568396419137,1.3571974257370765,0.8284865384542934,0.21834197845616335,0.03241427439643653,0.1859277040597268,0.2780449490944348,0.7006879976315392,-0.42264304853710444,0.22163455919372496,0.024377494534752908,0.19725706465897205,0.44002986044238335,0.12540791541718763,0.3146219450251957
5,6,2.1696339692506004,1.3303595941736048,0.8392743750769955,0.21345664464653719,0.029376170489635273,0.1840804741569019,0.28373372284255577,0.7201907372963098,-0.436457014453754,0.2165523741929667,0.02091976259958551,0.1956326115933812,0.43456320554231137,0.11375463760727808,0.3208085679350333
5,7,2.1967255066610867,1.3442321439927338,0.8524933626683528,0.22170641338191263,0.03090217955567128,0.19080423382624134,0.2741383562703262,0.7100232745806422,-0.435884918310316,0.2251343540508442,0.022663461322751304,0.2024708927280929,0.44378887265785866,0.11979998701054474,0.32398888564731393
5,8,2.190676173681824,1.3351438411540535,0.8555323325277704,0.21984036991209774,0.029868126741272132,0.18997224317082562,0.27623432765241823,0.7166174430846823,-0.4403831154322641,0.22319455236184904,0.02148739893973804,0.201707153422111,0.4417405704454922,0.11585631108124833,0.32588425936424387
5,9,2.1923552871728518,1.3279278399594863,0.8644274472133655,0.220383871027767,0.029069037043053473,0.19131483398471352,0.27570228448959094,0.7218958430257729,-0.446193558536182,0.2237580761764723,0.02057516862250653,0.20318290755396579,0.4422966106945795,0.11271434015505621,0.32958227053952327
6,0,1.970819399363513,1.0814450194116176,0.8893743799518954,0.2542236250391403,0.029034378341393528,0.2251892466977468,0.34770799753191917,0.904212754789695,-0.5565047572577758,0.1911805607832551,0.0051609376526327595,0.18601962313062234,0.36027046379658584,-0.005344651295722867,0.3656151150923087
6,1,1.980739435589123,1.085791501588725,0.8949479340003981,0.2577107996029212,0.02955252535304227,0.22815827424987895,0.3436241965686053,0.9002252504488223,-0.556601053880217,0.19428836405861422,0.005453312601927271,0.18883505145668694,0.3638115720495503,-0.003237261153951076,0.36704883320350135
6,2,1.9889304657537377,1.094463390428358,0.8944670753253796,0.26061288288651907,0.030652880036545736,0.22996000284997334,0.3403016026392794,0.8924145010526645,-0.5521128984133852,0.1968785372315762,0.006107143977587051,0.19077139325398915,0.36672298759591415,0.0009306540752800145,0.3657923335206341
6,3,1.9962995443416924,1.0799581557505562,0.9163413885911362,0.26321681430126254,0.02885076564792347,0.23436604865333907,0.3372973281686924,0.9055629666520744,-0.568265638483382,0.19920144907561332,0.005054182821915411,0.1941472662536979,0.3693460662300738,-0.006062054062893324,0.37540812029296716
6,4,1.9625327768584735,1.0874043529209256,0.8751284239375479,0.2513180073454243,0.029757903786470002,0.2215601035589543,0.351135402041905,0.8987741432570593,-0.5476387412151542,0.18859228222033192,0.005575686793215816,0.1830165954271161,0.357308372965427,-0.002462487163824166,0.3597708601292512
6,5,1.9343331899976322,1.05287535235112,0.8814578376465121,0.24154360156037655,0.02573461708587547,0.2158089844745011,0.3630459946821857,0.9306536981348539,-0.5676077034526682,0.17990448221846247,0.0033514426623473628,0.17655303955611512,0.347165832335802,-0.019255019138484923,0.36642085147428693
6,6,1.9683322917030988,1.062969506324789,0.9053627853783097,0.2533535574116451,0.0268683916118673,0.22648516579977782,0.3487410596714153,0.9212418061941807,-0.5725007465227654,0.19040585640045052,0.0039567881820099845,0.18644906821844054,0.35938032903122596,-0.014322583889622261,0.37370291292084823
6,7,2.0134514646863924,1.090505724469885,0.9229457402165073,0.2694561518423006,0.030163496301456618,0.23929265554084397,0.3306934084337097,0.8960070144909763,-0.5653136060572665,0.2047972284591986,0.005822298559170146,0.19897492990002844,0.3753531341663397,-0.0009785371137224223,0.3763316712800621
6,8,1.9601472069942065,1.0746862404620368,0.8854609665321698,0.2504915691920161,0.02821792614070572,0.22227364305131037,0.3521439400852454,0.9103899568528346,-0.5582460167675892,0.1878577922288869,0.0046949279569233095,0.1831628642719636,0.3564501150921784,-0.008615733964447762,0.36506584905662615
6,9,1.992127498516773,1.0746922479800851,0.9174352505366878,0.26172811309559446,0.02821028190164482,0.23351783119394964,0.33896671390956373,0.910366245562373,-0.5713995316528093,0.1978709953123745,0.004686478619765158,0.19318451669260936,0.3678689609733012,-0.008608219058592742,0.3764771800318939
7,0,1.8015112126962143,1.1293311825138477,0.6721800301823666,0.19470035102924899,0.034398106840211023,0.16030224418903796,0.24928499673225452,0.6009699249173849,-0.35168492818513036,0.18131173101087886,0.02104594894878754,0.16026578206209133,0.4348077723746666,0.15398036280113053,0.2808274095735361
7,1,1.773823393271176,1.1086231670305533,0.6652002262406227,0.1860106216445452,0.03163715107584192,0.1543734705687033,0.25959741720913376,0.6161598640919158,-0.35656244688278205,0.17262335489992467,0.018286271591076618,0.15433708330884804,0.4243850024110929,0.1441342111840078,0.28025079122708507
7,2,1.7899242370560113,1.0981818637116874,0.691742373344324,0.19106458726225364,0.030389634483112982,0.16067495277914065,0.25360214398289904,0.624108098903385,-0.370505954920486,0.17767653362536093,0.017039409891034772,0.16063712373432615,0.43044556269410766,0.13909029761494687,0.29135526507916076
7,3,1.8123131753956945,1.1220625169329004,0.6902506584627941,0.19818335543427332,0.033431451083434864,0.16475190435083845,0.24544747880863063,0.6063066257008625,-0.36085914689223186,0.18479421407117258,0.020079742097372233,0.16471447197380035,0.43882311383868505,0.15052294163057778,0.2883001722081073
7,4,1.814614348592091,1.1087577926593797,0.7058565559327112,0.19890632313388662,0.031656076600472656,0.16725024653341397,0.24459190375481102,0.6160630647876686,-0.3714711610328576,0.1855170693519024,0.018305188874146575,0.16721188047775581,0.43968895207891273,0.1441976868054113,0.29549126527350145
7,5,1.7974466452130757,1.123833416966754,0.6736132282463216,0.19340069874773388,0.033630789078830006,0.15976990966890386,0.2507508505044681,0.6049340658208311,-0.354183215316363,0.18001227568006545,0.020278968147111345,0.15973330753295412,0.43329087909465097,0.15138513512347956,0.2819057439711714
7,6,1.786333433217461,1.1067281583647046,0.6796052748527563,0.18989162405735213,0.031402468843581915,0.15848915521377022,0.25484753809520583,0.6175858630988338,-0.36273832500362796,0.17650374264831242,0.018051707627346446,0.15845203502096597,0.42911908215424266,0.14322331959201123,0.2858957625622314
7,7,1.7949644921078327,1.0928375917042572,0.7021269004035755,0.19264063048958543,0.029658726452878873,0.16298190403670657,0.2517132350965467,0.6279915407090867,-0.37627830561254,0.17925233008962776,0.016308830480380558,0.1629434996092472,0.4323461054789396,0.13655930468931754,0.29578680078962205
7,8,1.7978143779860607,1.1072823844572173,0.6905319935288434,0.19352144575320207,0.0314568384997878,0.16206460725341426,0.25062455896247804,0.61714026950127,-0.36651571053879195,0.1801330050922199,0.018106041677731312,0.1620269634144886,0.4334263809179209,0.1434975518247974,0.2899288290931235
7,9,1.7908427728272285,1.1132650320456523,0.6775777407815762,0.19131253034050658,0.03223373088445072,0.15907879945605585,0.2531793510650208,0.6127102942316174,-0.35953094316659656,0.17792442893589167,0.01888256324554636,0.1590418656903453,0.4308134645917817,0.146353543603992,0.2844599209877897
8,0,2.1633876470196665,1.3052402221482082,0.8581474248714582,0.23334805040718115,0.03279277338776642,0.20055527701941472,0.28135556569551406,0.7313675687200337,-0.45001200302451966,0.22335835627192868,0.020461456649811013,0.20289689962211765,0.3548487273979534,0.02516050310400799,0.32968822429394545
8,1,2.1360133750945915,1.2751707525083744,0.8608426225862171,0.22462613688859492,0.029249700644575907,0.195376436244019,0.2910867528025216,0.7540675190037817,-0.46298076620126005,0.21457002349304413,0.016823925950052224,0.1977460975429919,0.34549724267901905,0.011861316490638572,0.33363592618838045
8,2,2.1833448719784356,1.2926593144098568,0.8906855575685788,0.23973582772945054,0.03124950009434046,0.20848632763511007,0.2743188538881437,0.7407440179969114,-0.46642516410876766,0.2297944530964849,0.01887887939817778,0.21091557369830713,0.3616518607847193,0.019626711205124343,0.34202514957959496
8,3,2.13888685728443,1.2680609906437943,0.8708258666406357,0.2255882175525759,0.02845025146043791,0.197137966092138,0.2901578508934732,0.7595109712444111,-0.46935312035093796,0.21553891047463464,0.016002006347356296,0.19953690412727834,0.3464555366261583,0.008697598996216232,0.33775793762994205
8,4,2.128758248174949,1.2876634266984794,0.8410948214764695,0.22233599745064694,0.030663612192258393,0.19167238525838856,0.2937085613128093,0.7445210191443699,-0.45081245783156054,0.21226220421061,0.018277287909510786,0.19398491630109924,0.3430080129766449,0.017415728286589854,0.3255922846900551
8,5,2.15052931535634,1.2910739723823355,0.8594553429740044,0.22923013559356673,0.031129369883420327,0.1981007657101464,0.28588469637193564,0.7420734471661146,-0.4561887507941789,0.21920931767175583,0.018753531708431737,0.20045578596332408,0.3504666609146737,0.018892117454868056,0.33157454345980564
8,6,2.136378553373891,1.2804446033147505,0.8559339500591403,0.22473714182046167,0.02983053480572364,0.19490660701473803,0.29094629964773144,0.7500054706669254,-0.4590591710191939,0.21468193351183643,0.017421471493608058,0.19726046201822836,0.3456246741878228,0.014214191793972337,0.33141048239385046
8,7,2.1560395616144024,1.2765845968140337,0.8794549648003687,0.2309739300509615,0.029402624805585476,0.20157130524537603,0.2839022749501101,0.7529729930674368,-0.4690707181173267,0.22096652410296633,0.01698134012682697,0.20398518397613935,0.35235499673210546,0.012493487243929857,0.3398615094881756
8,8,2.1050113497683327,1.2690753840763351,0.8359359656919976,0.21493294008579422,0.02858503279541573,0.18634790729037848,0.3024747484359602,0.7587755371249101,-0.4563007886889499,0.20480094799450377,0.01613991989669523,0.18866102809780855,0.3348139188883831,0.009138598408176999,0.3256753204802061
8,9,2.1262270975363298,1.2572058538226116,0.8690212437137181,0.22157654779213373,0.027286455473112904,0.19429009231902084,0.29470188606233005,0.7679349862838086,-0.4732331002214786,0.21149644569473933,0.014803700424319345,0.19669274527042,0.34211975883307116,0.0038387804093784135,0.33828097842369276
9,0,2.4008386902540315,1.4796377977164519,0.9212008925375796,0.21964316212861057,0.027777441916004536,0.19186572021260603,0.29150307988401947,0.755815920543586,-0.4643128406595666,0.24077373529698384,0.024522477933444434,0.2162512573635394,0.4736476208587553,0.1393892575379648,0.3342583633207905
9,1,2.4116555312935253,1.513029285482743,0.8986262458107823,0.22281099423132897,0.031204617511950142,0.19160637671937883,0.2877891436767955,0.7322843808827544,-0.4444952372059589,0.24419731427531363,0.028951519167245966,0.21524579510806766,0.47715320416976276,0.15312206835547187,0.3240311358142909
9,2,2.424942703282901,1.5003236762103158,0.9246190270725851,0.226750218713653,0.02984262506577012,0.19690759364788288,0.28331807481932064,0.7411281737141502,-0.45781009889482954,0.248449090146722,0.02721024953817539,0.22123884060854662,0.48143742047069205,0.14792322571307945,0.33351419475761257
9,3,2.3990378107918753,1.4752647815765954,0.9237730292152799,0.21912402950406665,0.027313778648369105,0.19181025085569753,0.2921371273435037,0.7588694790403403,-0.4667323516968366,0.24021174708791218,0.023928104296531482,0.2162836427913807,0.4730601891587786,0.13759757938737355,0.3354626097714051
9,4,2.3698360326088284,1.4784071505523493,0.8914288820564791,0.21058973900960332,0.027609035749858936,0.1829807032597444,0.3021972538509057,0.7566032063497852,-0.4544059524988795,0.23098643303120941,0.024318555425427688,0.20666787760578173,0.46358816467555486,0.13890242658437496,0.3246857380911799
9,5,2.389160909073884,1.4693193362897554,0.9198415727841287,0.21621775165400114,0.026777651190708122,0.18944010046329302,0.29550227875065516,0.7632000829883995,-0.4676978042377443,0.23707240436761068,0.023211114697717847,0.21386128966989282,0.46986551349547573,0.13511845895979394,0.33474705453568177
9,6,2.440053734140282,1.4943082757554078,0.9457454583848743,0.23128614836638414,0.029217919384752492,0.20206822898163165,0.27833964817490037,0.745353444385646,-0.4670137962107456,0.2533386014352856,0.026405304383365486,0.22693329705192009,0.4862840481320859,0.1454526403352504,0.3408314077968355
9,7,2.3984670333049496,1.4824046178073318,0.9160624154976178,0.21894544162246649,0.02803204565777157,0.19091339596469492,0.29231139014095653,0.7538102980257231,-0.46149890788476655,0.24002004623088746,0.024861078371705873,0.2151589678591816,0.4728804464827605,0.14054062025434855,0.33233982622841196
9,8,2.3897679161958916,1.5134103306575326,0.876357585538359,0.21638169035812163,0.031266814957625844,0.1851148754004958,0.2952675914075908,0.732059712903635,-0.43679212149604424,0.23725115719529846,0.029024377381027772,0.20822677981427068,0.4700685742140887,0.15326819804196734,0.31680037617212137
9,9,2.4482961594234944,1.5249271964222981,0.9233689630011963,0.23374258523317476,0.032530107609031245,0.20121247762414352,0.275590465326125,0.7240979261887535,-0.44850746086262844,0.2559884945356948,0.03063050128145766,0.2253579932542371,0.4889357987834369,0.15796746759198277,0.33096833119145413
10,0,0.5352407060065538,1.0232527003687806,-0.48801199436222675,0.05045418959745876,0.02145656608272084,0.02899762351473792,2.0512956887684597,1.3244154443790201,0.7268802443894395,0.08958997912163058,0.00030135460764692083,0.08928862451398366,-0.29876094695412025,-0.016221448424296424,-0.28253949852982385
10,1,0.5111289625720833,0.9752416657424622,-0.4641127031703789,0.057246825306678545,0.01768817889262162,0.039558646414056924,2.099804432587755,1.3803677542119535,0.7194366783758017,0.09998652448631203,0.001692317279818807,0.09829420720649322,-0.31564981610415543,-0.04039951975610641,-0.27525029634804904
10,2,0.5071018021733578,1.004418005761895,-0.49731620358853723,0.05846428385392333,0.01986296626831675,0.03860131758560657,2.1081013114957523,1.3460946426025617,0.7620066688931906,0.10181558350515076,0.0007183225417309448,0.10109726096341981,-0.31851593687974067,-0.025643498050328947,-0.2928724388294117
10,3,0.4936530163602255,0.979260688346898,-0.48560767198667243,0.06263353258955745,0.01796324814447168,0.04467028444508577,2.1360521683493223,1.3755890683927399,0.7604630999565825,0.10803935676384156,0.0015307859588424625,0.1065085708049991,-0.3281439795202823,-0.03835349456395959,-0.2897904849563227
10,4,0.507508498783774,1.0103494214261552,-0.5028409226423812,0.058291108925717525,0.020342755502023305,0.03794835342369422,2.1071454001248355,1.3392155835482857,0.7679298165765498,0.10157478694224874,0.0005623711562944234,0.10101241578595431,-0.31819904410237443,-0.02266425018993973,-0.2955347939124347
10,5,0.5548455595700175,1.0139597317264692,-0.4591141721564518,0.04549054718130924,0.02067974398809317,0.024810803193216067,2.0131683956728326,1.3351340963857372,0.6780342992870954,0.0817612851388595,0.0005176416975727629,0.08124364344128673,-0.2853345612667191,-0.02087541943719467,-0.2644591418295244
10,6,0.5099045226788099,0.996991112601108,-0.48708658992229803,0.05776200878650297,0.019266352567582547,0.03849565621892043,2.102667837216613,1.3547178444837167,0.7479499927328965,0.10070457389144832,0.0009182208816087045,0.09978635300983962,-0.3166004992219748,-0.029376163104775175,-0.2872243361171996
10,7,0.5054688334820211,1.0312536322283987,-0.5257847987463776,0.05889652688031961,0.022220672527301196,0.036675854353018414,2.111321269327438,1.3154109613954221,0.7959103079320158,0.10248866089406586,0.00022153971451385895,0.102267121179552,-0.3196445500871356,-0.012266610926090842,-0.3073779391610448
10,8,0.566158661486503,1.0284392127920519,-0.4622805513055489,0.042979808626191614,0.021946053448346315,0.0210337551778453,1.9919976212396742,1.3185646780158964,0.6734329432237778,0.0776384814482628,0.00024309908290439113,0.07739538236535841,-0.2777799997662164,-0.01365458108086334,-0.2641254186853531
10,9,0.5273961038216181,1.0073250527341957,-0.47992894891257765,0.052605643848151314,0.020080657632625093,0.03252498621552622,2.066940265434078,1.3426821219257932,0.7242581435082849,0.0929071220320889,0.0006223950950109655,0.09228472693707793,-0.30422367080865076,-0.024173797761249775,-0.280049873047401
11,0,0.3733318565701043,0.9070110450944453,-0.533679188524341,0.07613676149638157,0.022360559053890304,0.05377620244249127,2.1668032840992226,1.2723798731458054,0.8944234109534173,0.13893815498604672,0.0007646800288574469,0.1381734749571893,-0.3796158681479748,-0.03422931604115794,-0.3453865521068169
11,1,0.38844514406503466,0.8936747187818226,-0.5052295747167879,0.07000940468890234,0.02112396793121363,0.04888543675768871,2.1302806179382845,1.2884579730916865,0.841822644846598,0.1297592431615509,0.0012664075323847418,0.12849283562916616,-0.3671277149827402,-0.041343193763487024,-0.32578452121925316
11,2,0.3944040213414132,0.8854978421831133,-0.4910938208417001,0.0677136029677156,0.02031278960216933,0.047400813365546274,2.116172391030164,1.298187090731221,0.817985300298943,0.12627752604390785,0.0015134284363117357,0.12476409760759612,-0.3622744867009717,-0.04567375769793622,-0.3166007290030355
11,3,0.3746273520632777,0.8940567770393988,-0.5194294249761211,0.0755602188889185,0.02110791707552748,0.05445230181339103,2.1635478596094506,1.2878722290816051,0.8756756305278455,0.13809266445135926,0.0011931619963207513,0.1368995024550385,-0.3785152283463258,-0.04110913082678355,-0.3374060975195422
11,4,0.3959079998011226,0.9056452041495061,-0.5097372043483834,0.06720525012972361,0.022235335333712615,0.044969914796011,2.1127843970925673,1.2740299695994883,0.8387544274930789,0.12548006993861507,0.000817690625046022,0.12466237931356905,-0.3610913633876153,-0.034958720370973674,-0.32613264301664163
11,5,0.3796361104279159,0.9137042076680721,-0.5340680972401562,0.07349143720174521,0.02304170219901807,0.05044973500272714,2.1513511356492674,1.2644578313890746,0.8868933042601927,0.13500708202378697,0.0005821013495320881,0.13442498067425487,-0.3743540831879334,-0.030694629504038867,-0.3436594536838945
11,6,0.3828064264240118,0.8969268432937845,-0.5141204168697726,0.07236336684639626,0.021413931943855626,0.05094943490254063,2.144072085078219,1.284509092771287,0.8595629923069321,0.13326148038035282,0.0011308102671194072,0.1321306701132334,-0.3718269043342246,-0.03960163105527289,-0.33222527327895174
11,7,0.3929345558349618,0.9042242669850414,-0.5112897111500796,0.06825500001505568,0.02210170215077022,0.04615329786428546,2.1195913274082123,1.2757384652236214,0.8438528621845909,0.1271078153502204,0.0008689990506212856,0.1262388162995991,-0.36345674648596027,-0.03571557355596114,-0.32774117292999916
11,8,0.3808327428153926,0.8790204551524345,-0.49818771233704195,0.07311646391027024,0.019765330442014842,0.0533511334682554,2.148727198526316,1.3061253436569205,0.8426018548693954,0.13440632268147024,0.001817897347933835,0.1325884253335364,-0.3734300786165713,-0.04916017959981325,-0.32426989901675807
11,9,0.40344203030145687,0.924711195649116,-0.5212691653476591,0.06436883074533063,0.02424385609009862,0.040124974655232015,2.0951078896254853,1.2516292919979388,0.8434785976275465,0.12115377115490142,0.00037563550986149496,0.12077813564503992,-0.35499419586722264,-0.024930008236816757,-0.3300641876304059
12,0,2.207976424146922,1.5123505512939435,0.6956258728529785,0.1740407169145932,0.03401656709178869,0.1400241498228045,0.21075124173236093,0.505281787888861,-0.2945305461565001,0.2297784668857204,0.0494053080459595,0.1803731588397609,0.534084603366851,0.2769970767431086,0.25708752662374246
12,1,2.192342998152907,1.4968773338223837,0.6954656643305233,0.1698370899257104,0.03229324236810367,0.13754384755760674,0.21548724294457702,0.5143127143043077,-0.2988254713597307,0.22474478296215988,0.04668343611936007,0.1780613468427998,0.5287958171118158,0.27063473881043654,0.25816107830137924
12,2,2.1884929706096248,1.4995342457725143,0.6889587248371105,0.16881515582872392,0.03256259085199154,0.13625256497673238,0.21667725534958013,0.5127146695221242,-0.29603741417254403,0.22351746655040483,0.047126174669971585,0.17639129188043323,0.5274872042709419,0.2717395100174909,0.25574769425345095
12,3,2.159057369288014,1.4753677293994676,0.6836896398885466,0.16100776465236602,0.029886236626023008,0.13112152802634303,0.2257860109284698,0.52684649009345,-0.30106047916498013,0.2141393875773785,0.04288915799407544,0.17125022958330305,0.5174794184397241,0.2617956016310957,0.2556838168086284
12,4,2.1974516158246877,1.493281096070237,0.7041705197544508,0.17119944692837719,0.031832510991630814,0.13936693593674637,0.21391952414177764,0.5163043673668011,-0.30238484322502346,0.2263792015860427,0.04599499743065145,0.18038420415539125,0.5305292834593599,0.2691838801369995,0.2613454033223604
12,5,2.1787403209673126,1.4819018674308069,0.6968384535365058,0.16620224315248647,0.03059917083365695,0.1356030723188295,0.2196485698239417,0.523006466034419,-0.3033578962104773,0.22038605060234223,0.04402484072072262,0.1763612098816196,0.5241835116413702,0.2644891837979165,0.2596943278434537
12,6,2.1395940859215488,1.4865146054254201,0.6530794804961286,0.15596888672949297,0.031100488065280346,0.12486839866421262,0.23202894309077188,0.5202921035342373,-0.2882631604434654,0.20805297786836638,0.04482473829607433,0.16322823957229204,0.510804970602726,0.266391616693736,0.24441335390899
12,7,2.171662448850279,1.485563937242889,0.6860985116073901,0.1643672055409883,0.030982064813750567,0.13338514072723773,0.22191412848525022,0.5208246068871092,-0.29891047840185897,0.21817026691326807,0.04464587560234454,0.17352439131092354,0.5217575520021981,0.26600652107220063,0.25575103092999746
12,8,2.2273985000655054,1.5244411056606921,0.7029573944048133,0.17936254460263162,0.035472407595437364,0.14389013700719427,0.2050447935366603,0.4984198628816291,-0.2933750693449688,0.2361242853560277,0.05163346466701456,0.18449082068901312,0.5406090574714958,0.2819179619205419,0.2586910955509539
12,9,2.2125509253800346,1.5081666909063813,0.7043842344736533,0.175295961609844,0.03353534175158765,0.14176061985825636,0.20941038483918992,0.5076965172958003,-0.2982861324566104,0.231274763230785,0.048655189272351324,0.18261957395843367,0.5356204867490965,0.2752837968037934,0.26033668994530307
13,0,2.058792034929033,1.3692108195184303,0.6895812154106027,0.18002192263453934,0.03364597035664871,0.14637595227789063,0.23236923677503113,0.551745057308595,-0.3193758205335639,0.20870584866979933,0.0365120662848228,0.1721937823849765,0.48790264522309623,0.222131816625788,0.2657708285973083
13,1,2.013412936326831,1.3417647691375045,0.6716481671893264,0.16727190004190085,0.030421954190057013,0.13684994585184385,0.24759583927805456,0.5692893512856954,-0.3216935120076408,0.19440500910585998,0.032136808761350256,0.16226820034450973,0.47193841005089787,0.21028084510476416,0.2616575649461337
13,2,2.0611530430278515,1.3625402044231254,0.6986128386047261,0.1806971393895541,0.03283908375765996,0.14785805563189414,0.23159903250735797,0.5559658133482182,-0.3243667808408602,0.20946118886518603,0.03542648439993254,0.1740347044652535,0.48872744239037874,0.2192629048406773,0.26946453754970145
13,3,2.0240024912920003,1.328226313192503,0.6957761780994973,0.17018911289884728,0.02894287695066125,0.14124623594818603,0.24393467894709595,0.5781501536320547,-0.3342154746849587,0.1976868782695794,0.030084565148670913,0.16760231312090848,0.4756922115284922,0.20438062415978675,0.2713115873687055
13,4,2.0503417186193538,1.3598619504978555,0.6904797681214982,0.17760594511283234,0.032522350353887786,0.14508359475894456,0.23512718553679712,0.5576738805936062,-0.3225466950568091,0.20600306697992585,0.0349975110387144,0.17100555594121145,0.48495025994894136,0.21810749765237328,0.2668427622965681
13,5,2.066616875902394,1.3716195378235543,0.6949973380788397,0.18226580590421165,0.03396771250790529,0.14829809339630637,0.2298279290296382,0.5502773969826492,-0.320449467953011,0.21121498750234627,0.036932999661634436,0.17428198784071183,0.49063320741375294,0.2231528991139757,0.2674803082997772
13,6,2.0724909994744105,1.3601670594882542,0.7123239399861563,0.1839471353239311,0.03257190095638562,0.15137523436754546,0.2279142982344954,0.5575043118681076,-0.3295900136336122,0.21309559490121052,0.03505920799451379,0.17803638690669674,0.4926845910280565,0.2182325331943998,0.27445205783365667
13,7,2.0407628360143577,1.3510044036438822,0.6897584323704755,0.17491472364704577,0.0314784399602858,0.14343628368675998,0.2383415408461896,0.5633294911371437,-0.32498795029095406,0.2029844840594624,0.03358222880403527,0.16940225525542713,0.48158037469137144,0.21428456592219305,0.26729580876917836
13,8,2.0734072486567867,1.375668963319763,0.6977382853370238,0.18421099214762385,0.03451403901674099,0.14969695313088285,0.22761878474599187,0.5478201175354355,-0.3202013327894436,0.21339045907373227,0.03764582384757785,0.1757446352261544,0.49300378318156735,0.22486683965122894,0.2681369435303384
13,9,2.0756145500150547,1.384593186737365,0.6910213632776896,0.18484739862315422,0.03559343209855943,0.14925396652459477,0.22690828402788346,0.5421732436160382,-0.3152649595881548,0.2141015281122958,0.03909807137425223,0.17500345673804357,0.493772365636415,0.22870503342446755,0.26506733221194745
14,0,2.5778239682941066,1.9501218177813178,0.6277021505127889,0.13464956250994897,0.03254346697071689,0.10210609553923208,0.17966780587248876,0.39469113603127487,-0.2150233301587861,0.26416568530751955,0.09257071334310792,0.17159497196441165,0.487400838269235,0.2776857192751281,0.20971511899410694
14,1,2.567520552603543,1.945960288677412,0.6215602639261308,0.13241550050789902,0.03214720490852181,0.10026829559937721,0.18230255800398695,0.39656672696956974,-0.21426416896558279,0.26086477678714787,0.09167664660050599,0.16918813018664186,0.4841811309427078,0.27618336129845605,0.20799776964425176
14,2,2.5749560026936056,1.9560140170336966,0.618941985659909,0.1340265082473729,0.03314155519282269,0.1008849530545502,0.18039926604471956,0.39209491110219746,-0.2116956450574779,0.2632458320772372,0.09386873419157699,0.1693770978856602,0.4865051088513497,0.2797980926732459,0.20670701617810378
14,3,2.594816298710857,1.9217499208006097,0.6730663779102475,0.13837712698324242,0.029823690556522595,0.10855343642671983,0.1753917950413994,0.407449105666,-0.2320573106246006,0.26964697999383797,0.08645947875638241,0.18318750123745556,0.4926935377519225,0.26745041125454555,0.22524312649737693
14,4,2.6046008767801214,1.9409430521825102,0.6636578245976112,0.14052165309646553,0.03164580912633423,0.1088758439701313,0.1729265352435686,0.3987900585863327,-0.2258635233427641,0.27280159478872373,0.09057821304706383,0.18222338174165992,0.4957419518142448,0.2743815211524661,0.22136043066177868
14,5,2.6102464583372686,1.9601758350822414,0.6500706232550273,0.14179894866145665,0.03355358675782093,0.10824536190363572,0.17156813365126966,0.3902444301868136,-0.21867629653554393,0.27465641996533635,0.09477652375763007,0.17987989620770628,0.4974849169829828,0.2812942738396723,0.2161906431433105
14,6,2.5857173413502874,1.954828127954672,0.6308892133956154,0.13639250436150743,0.033026095650312455,0.10336640871119498,0.17769975579924055,0.3926253177166963,-0.21492556191745574,0.2667217735856832,0.09361175352256511,0.1731100200631181,0.4898548871528541,0.27937098661812887,0.2104839005347252
14,7,2.572141575706695,1.9486322011731838,0.6235093745335112,0.13342454940448484,0.03241470023987796,0.10100984916460687,0.18113224635377112,0.3953834666735309,-0.2142512203197598,0.26235136357032135,0.09226202911086887,0.17008933445945248,0.4856223244093739,0.27714273423699953,0.20847959017237438
14,8,2.6109503454076206,1.9702644490143624,0.6406858963932582,0.1419491674686471,0.034594395552479056,0.10735477191616805,0.1713842850759855,0.3858260556030586,-0.2144417705270731,0.27487983906608937,0.0970135398053047,0.17786629926078468,0.49770583303551713,0.28490438756309805,0.21280144547241908
14,9,2.604072675360794,1.9447386503640778,0.6593340249967161,0.14047772338949646,0.03204426560661574,0.10843345778288072,0.17317480105170896,0.39713877822679405,-0.2239639771750851,0.27269363968267113,0.09142580448116709,0.18126783520150402,0.4955487252882426,0.2757369955122589,0.21981172977598373
15,0,2.204855365954152,1.4054358560504792,0.7994195099036729,0.20596059730885824,0.03249695851927611,0.17346363878958213,0.26710385283696014,0.6601195448355476,-0.39301569199858744,0.2226681193007853,0.029378967069229427,0.19328915223155588,0.55894368126535,0.2584426257842148,0.3005010554811352
15,1,2.289905291078871,1.4491378127105852,0.8407674783682857,0.23176242489652335,0.03792604736845895,0.1938363775280644,0.23928716801491431,0.6309123445382008,-0.39162517652328643,0.25034647526423137,0.03602024880654325,0.21432622645768812,0.5873867659407055,0.2768161848547648,0.3105705810859407
15,2,2.2116894220809966,1.3984821474663136,0.813207274614683,0.20797786097725482,0.031710206965872664,0.17626765401138217,0.2647620019186516,0.6649137836570211,-0.4001517817383695,0.22483794225976278,0.028396893297197644,0.19644104896256515,0.561256066665971,0.2554820702844277,0.30577399638154334
15,3,2.20195626881238,1.4026870842751649,0.7992691845372151,0.20509405110224568,0.032191104638392615,0.17290294646385307,0.26807673037677365,0.6620244897631249,-0.39394775938635124,0.22173719736459488,0.028995740159689018,0.19274145720490587,0.5579679196669366,0.2572698603552018,0.3006980593117348
15,4,2.194916346184229,1.3938924951080396,0.8010238510761893,0.20303309790414828,0.03126440805024489,0.1717686898539034,0.27052165914401627,0.6682181010569357,-0.3976964419129194,0.21951854834492632,0.02781984867253528,0.19169869967239103,0.5555776783768012,0.25349274101899905,0.3020849373578021
15,5,2.221412826832326,1.4246259457675925,0.7967868810647336,0.2109000368411105,0.034804955966856975,0.17609508087425352,0.261529182252462,0.6471495382376871,-0.38562035598522504,0.22797552924276104,0.03222166059150733,0.19575386865125372,0.5645211154554598,0.26654716921903443,0.29797394623642537
15,6,2.2281962548385392,1.419296610626451,0.8088996442120882,0.21290970435938245,0.03414907687848838,0.17876062748089405,0.25921867837951507,0.6507230567465179,-0.3915043783670028,0.23013639312660744,0.0314177620179475,0.19871863110865995,0.5668128426065888,0.26430359496498423,0.3025092476416046
15,7,2.2082263265153164,1.3884039690579353,0.8198223574573811,0.20694396079104496,0.03053607493853809,0.17640788585250688,0.2659264819001479,0.6717976609367374,-0.40587117903658954,0.22372710366963133,0.026940748911865448,0.19678635475776587,0.560089888970087,0.25120752720714296,0.3088823617629441
15,8,2.1824168742106465,1.3858298828030955,0.796586991407551,0.1993470504829043,0.030260033319643054,0.16908701716326124,0.274811609828636,0.673601310311354,-0.39878970048271795,0.21555335877485757,0.026591922745492484,0.18896143602936508,0.551346639892144,0.25010431071775163,0.3012423291743924
15,9,2.202112629710731,1.3781394721744054,0.8239731575363258,0.20517428061042256,0.02941960805169473,0.17575467255872784,0.2680880622821827,0.6789600043457861,-0.4108719420636034,0.22181983813524073,0.025534542124757063,0.19628529601048367,0.5580044678713044,0.246815855531175,0.3111886123401294
16,0,2.7077860441518156,1.5436941878221586,1.164091856329657,0.2635433577143735,0.022523803557069347,0.24101955415730414,0.3335106710243393,0.9544614988064005,-0.6209508277820612,0.2760320250058051,0.014645164104171694,0.2613868609016334,0.5206456762002237,0.11627146335052242,0.4043742128497013
16,1,2.6282766447183254,1.5451314178138786,1.0831452269044468,0.23966866421526667,0.022619684726585307,0.21704897948868135,0.36158799537961656,0.9533048205026574,-0.5917168251230409,0.2509297688133649,0.014770641723335948,0.23615912709002893,0.4962735437395312,0.11685907373906854,0.3794144700004627
16,2,2.6661318771633296,1.5559925223533257,1.1101393548100038,0.2509031174296825,0.023508566869340556,0.22739455056034197,0.34796380730784937,0.9448815823187264,-0.5969177750108771,0.26275160134258246,0.015879557889426184,0.24687204345315628,0.5079354218193749,0.12122764765525493,0.38670777416411994
16,3,2.678176488915919,1.5680964822687484,1.1100800066471705,0.25451548410374325,0.02448908133199938,0.23002640277174388,0.34370209359422854,0.9354749575477231,-0.5917728639534946,0.26655002291359287,0.017105507758452522,0.24944451515514035,0.5116293713162473,0.12610054275626972,0.3855288285599776
16,4,2.6723514790118186,1.5797406959965792,1.0926107830152394,0.25277699551556587,0.025490548283593845,0.22728644723197203,0.3457796228100755,0.9265381645363592,-0.5807585417262837,0.2647213664881152,0.018341803647805903,0.24637956284030926,0.5098391715274206,0.13076285614176592,0.3790763153856547
16,5,2.701944383235849,1.584449172464423,1.117495210771426,0.2617623804085531,0.025942027027162536,0.23582035338139057,0.33552158411988353,0.9230144335962732,-0.5874928494763897,0.27416144996372394,0.01888721173824827,0.2552742382254757,0.5188667952451563,0.13262773725650165,0.38623905798865465
16,6,2.6490233398773406,1.551196616134479,1.0978267237428616,0.2457963521375831,0.023107699073073907,0.2226886530645092,0.35406436777471273,0.9485848274276283,-0.5945204596529156,0.25738002063884113,0.015381714920689156,0.24199830571815198,0.5026777544715315,0.1193022944641858,0.3833754600073457
16,7,2.683920344553782,1.57031267545514,1.113607669098642,0.25625735197041355,0.024678055485351392,0.23157929648506215,0.3417068815815304,0.9337709025634098,-0.5920640209818794,0.26838019341087077,0.01733921187692937,0.2510409815339414,0.5133825391352811,0.12698861522776556,0.38639392390751554
16,8,2.7303495544631122,1.564962495314618,1.1653870591484943,0.2703802753137849,0.024220132954681232,0.24616014235910366,0.32566200322099637,0.937881399159374,-0.6122193959383776,0.28321594504159364,0.016773343185186404,0.2664426018564072,0.5275350916162322,0.12484544311070987,0.40268964850552236
16,9,2.6763272795346036,1.55581181031906,1.1205154692155437,0.25400624637473596,0.02347767551941324,0.23052857085532272,0.3444441293290772,0.9449905944110296,-0.6005464650819524,0.2660112191217679,0.015845360792129587,0.25016585832963834,0.5110423642303799,0.12116201507029327,0.38988034916008657
17,0,2.1678949119811133,1.343089348268374,0.8248055637127394,0.2205415437696336,0.03311948096347049,0.18742206280616314,0.29538584055831596,0.7286296296100437,-0.4332437890517278,0.21534573741556431,0.022351124926506004,0.1929946124890583,0.3298263182043008,0.015130419250114501,0.3146958989541863
17,1,2.1671917559464853,1.3076488017153287,0.8595429542311566,0.2202932947163409,0.02897206446650937,0.19132123024983153,0.29558056693298024,0.7549545695451736,-0.45937400261219336,0.215093511177812,0.01793011722154719,0.1971633939562648,0.32960171659282456,-0.0003199645142637685,0.3299216811070883
17,2,2.200496969287565,1.3214916130951928,0.8790053561923723,0.23070979559847132,0.030547265984265222,0.2001625296142061,0.2837086932399001,0.7445839228969571,-0.46087522965705696,0.22571012468785578,0.019612572638015097,0.20609755204984068,0.3409025800963953,0.005736932954974755,0.33516564714142055
17,3,2.1372485538394383,1.2988636370070221,0.8383849168324162,0.21108325551628218,0.028023932193092134,0.18305932332319005,0.3065598897089854,0.7616379156600739,-0.4550780259510885,0.2057022050007787,0.01691346693260592,0.18878873806817278,0.3193651144060755,-0.004189349215503794,0.3235544636215793
17,4,2.2080389102591336,1.317335152512604,0.8907037577465295,0.23308954721998318,0.03007692598223628,0.2030126212377469,0.2810616522854407,0.747703021854252,-0.46664136956881125,0.22813500856739563,0.0191100054289074,0.20902500313848824,0.34345131224239045,0.003916981500155343,0.3395343307422351
17,5,2.1486567637895857,1.3155446350778774,0.8331121287117083,0.2145769129895247,0.029879814718201423,0.18469709827132327,0.3023465819906836,0.7490575240174255,-0.44671094202674194,0.2092650582358079,0.018898963250378226,0.19036609498542967,0.3232727731437066,0.003130267713915432,0.32014250542979117
17,6,2.2032483375930187,1.3429444369153096,0.8603039006777091,0.23158147709264978,0.03305857931638784,0.19852289777626195,0.2827499893941903,0.7286505342156381,-0.44590054482144775,0.22659824000582973,0.022289488794988523,0.20430875121084122,0.34183063946722175,0.01508894106640412,0.3267416984008176
17,7,2.1675025634770355,1.2919266566082164,0.8755759068688191,0.22038727756595752,0.027295101507729885,0.19309217605822765,0.29546341210001775,0.766954403883775,-0.47149099178375725,0.21518938969354678,0.016130359312450403,0.19905903038109637,0.32970876962727697,-0.007254504262873962,0.3369632738901509
17,8,2.1846144556161233,1.3332019752415856,0.8514124803745378,0.22575101518520654,0.03193604345312614,0.1938149717320804,0.28938713233186475,0.7359218359532764,-0.4465347036214117,0.22065583969027502,0.021091590195205814,0.1995642494950692,0.33550919596780054,0.010833017751815973,0.32467617821598455
17,9,2.207877621329094,1.3224271281086406,0.8854504932204532,0.23302797614682694,0.030644241418856886,0.20238373472797005,0.281097183613743,0.7438643524352606,-0.46276716882151764,0.22807256567576442,0.019716879300129293,0.20835568637563512,0.34340207845995135,0.006150945815680174,0.3372511326442712
18,0,2.1672247203064665,1.2466159092984714,0.9206088110079951,0.2348642323071848,0.02624220227779706,0.20862203002938776,0.34763533518157436,0.8879551222786783,-0.5403197870971039,0.2055933008812398,0.009289616234479877,0.19630368464675993,0.4864715327934097,0.1294030952650694,0.3570684375283403
18,1,2.1620783796831824,1.241977234372501,0.9201011453106813,0.2331932303313226,0.025781709100310548,0.20741152123101206,0.3496200561928049,0.8918896756309784,-0.5422696194381735,0.2039824270186013,0.008901411317427728,0.1950810157011736,0.4847286159670452,0.12730769564741098,0.35742092031963424
18,2,2.193072299157123,1.2382946551363143,0.9547776440208087,0.24318238548115498,0.025415503790614698,0.2177668816905403,0.33751421354002575,0.895011977665988,-0.5574977641259622,0.21360817100893245,0.00859258381380338,0.20501558719512908,0.4952627137596353,0.12564450120640708,0.36961821255322824
18,3,2.261826256081258,1.2800610731662174,0.9817651829150407,0.26587635462871384,0.02989441051234001,0.23598194411637383,0.3117574925008952,0.8602679982031027,-0.5485105057022075,0.2355052393531201,0.012426365576717724,0.22307887377640237,0.518362254800764,0.14434455822689196,0.37401769657387207
18,4,2.228035187965939,1.256776991949799,0.9712581960161399,0.25469053571865186,0.0273450889894738,0.22734544672917806,0.32435022800881336,0.8795296555037836,-0.5551794274949702,0.22471052218063256,0.01023578376384992,0.21447473841678263,0.5070254979545685,0.13394587043647255,0.373079627518096
18,5,2.20625112005229,1.2627485386922381,0.9435025813600517,0.2475110403499891,0.027936025467283028,0.2195750148827061,0.3325333424419274,0.874460705960531,-0.5419273635186037,0.21778370589756674,0.010733628322848628,0.2070500775747181,0.49970115986469604,0.13664429988975502,0.363056859974941
18,6,2.163242540486097,1.2549589944349446,0.9082835460511525,0.2336215817734146,0.027142025002764966,0.20647955677064964,0.3492744067482582,0.8810253467235198,-0.5317509399752616,0.20439804795208782,0.010060660336574424,0.1943373876155134,0.48509763166481734,0.13313596524298796,0.35196166642182936
18,7,2.1710782872888448,1.2413240452383136,0.9297542420505311,0.23613777704305805,0.025732165966358685,0.21040561107669936,0.34619494392713557,0.8924751102022248,-0.5462801662750892,0.20682220770251075,0.00886231208513022,0.19795989561738053,0.4877654395581977,0.12700496118676832,0.3607604783714293
18,8,2.188890368485799,1.2308550502097035,0.9580353182760954,0.24182337898319456,0.024702384471756742,0.21712099451143782,0.3391246525661848,0.9013744761655132,-0.5622498235993285,0.21229800496122406,0.007995841898488908,0.20430216306273516,0.49384698926759,0.12227110190998215,0.3715758873576079
18,9,2.2231623863252827,1.2560581912125823,0.9671041951127004,0.25316623655404746,0.02730292353479847,0.225863313019249,0.32634823234206234,0.8801992454799357,-0.5538510131378733,0.22324415668996228,0.010205325025269744,0.21303883166469254,0.5053461907270665,0.1336065311262937,0.3717396596007728
19,0,2.0406027210203814,1.186033446431833,0.8545692745885485,0.246050397812626,0.0333632306190487,0.2126871671935773,0.2900351436737139,0.7646863195234298,-0.4746511758497159,0.21177407057417014,0.01423898193003366,0.19753508864413646,0.5521203324592825,0.21123855432604777,0.3408817781332347
19,1,1.9867205043510223,1.1569135897301155,0.8298069146209068,0.2279647642714117,0.02971241873958969,0.19825234553182203,0.3102811038168378,0.788308196608729,-0.47802709279189115,0.19453344055168711,0.011189384764741203,0.1833440557869459,0.5331099834135071,0.19771280997775695,0.33539717343575015
19,2,1.971476682368768,1.1452246556807382,0.8262520266880298,0.22296523178895736,0.02833707020142992,0.19462816158752744,0.3162513318080395,0.7979768118988896,-0.4817254800908501,0.18977573172718462,0.010057495665615446,0.17971823606156917,0.5276695893284065,0.19223561513544943,0.33543397419295706
19,3,1.9954939492291308,1.158670267284081,0.8368236819450499,0.23086393980662778,0.02991557700844125,0.20094836279818654,0.30689001123238246,0.7868478198467483,-0.4799578086143659,0.1972939498279769,0.0113558711183533,0.18593807870962362,0.5362296082726041,0.19853783128645658,0.33769177698614755
19,4,1.9614343205152147,1.135869172034702,0.8255651484805127,0.21970541957669532,0.027273662480761275,0.19243175709593405,0.32025438979942555,0.8057927009544803,-0.48553831115505475,0.18667602636904163,0.00918982822857769,0.17748619814046393,0.5240676076632944,0.1878319753497474,0.33623563231354703
19,5,2.005104499984115,1.1606495608016973,0.8444549391824179,0.23405286744135603,0.030155155395111505,0.20389771204624452,0.30320255495755116,0.7852244815051038,-0.48202192654755266,0.20033129053293725,0.011554382305900758,0.1887769082270365,0.5396399141255248,0.19946173488253757,0.3401781792429872
19,6,1.9716226139681874,1.140304077766176,0.8313185362020115,0.22305016170784153,0.02783686237957319,0.19521329932826834,0.31627094008368245,0.802210012003745,-0.4859390719200625,0.18985922165850028,0.009661633788427736,0.18019758787007253,0.5277019852482967,0.1898881067692736,0.3378138784790231
19,7,1.9797650171541554,1.1702049791471354,0.80956003800702,0.22569844533375577,0.03133447240362673,0.19436397293012903,0.31303602648165874,0.7774345258890121,-0.46439849940735334,0.19237781272845308,0.012535975551854346,0.17984183717659874,0.5306197254740035,0.20390999770940185,0.3267097277646016
19,8,2.005460695764423,1.166090952095548,0.8393697436688752,0.23418270447147965,0.030819148946799494,0.20336355552468016,0.30309000316503476,0.7807727558143853,-0.47768275264935056,0.20045578420557567,0.01210560202417415,0.1883501821814015,0.5397601255668004,0.20199884850268093,0.3377612770641195
19,9,1.9915359459948434,1.1682981892414908,0.8232377567533526,0.22955422270908796,0.03110723817522565,0.1984469845338623,0.30841612424159537,0.7790057886165871,-0.4705896643749917,0.19604674738710545,0.0123483884163642,0.18369835897074124,0.5348231934856834,0.20301804275515617,0.33180515073052724
