world,theta0,theta1,theta2,left_spacing,right_spacing,oracle_action,initial_mixture_mean,initial_drift,deterministic_action_5000,g0_initial_share,g1_initial_share,g2_initial_share,g0_contrast_world,negative_seed_contrasts,g0_endogenous_loss,g0_static_loss,g1_endogenous_loss,g1_static_loss,g2_endogenous_loss,g2_static_loss
0,-1.1383309273678788,0.029504429979080427,0.9845126597277503,1.1678353573469593,0.9550082297486698,-0.04143794588701599,0.15460995308542255,0.19604789897243854,0.4761781552348023,0.06171634988485558,0.7318141637944198,0.20646948632072462,0.9297172987281337,0,2.615408211638567,1.6856909129104334,0.2116783486689108,0.029118199657628407,0.27333898354927283,0.7017735457412427
1,-1.089258186638973,0.03758700875879542,1.143528126441122,1.1268451953977685,1.1059411176823264,0.03061898285364813,0.13389545832156488,0.10327647546791675,0.5469441364414125,0.060116533667540176,0.7915478324844311,0.14833563384802878,1.1746153024752155,0,2.6936452147661507,1.5190299122909348,0.2739089311227362,0.023451586719958502,0.3683913068491288,1.0249478887957175
2,-1.0024256315076516,-0.04968347781727839,0.9750852127186884,0.9527421536903733,1.0247686905359668,-0.02567463220208051,0.07606034239804836,0.10173497460012887,0.42613645587734195,0.09917650052091272,0.6859130958426229,0.21491040363646427,0.8717450096091852,0,2.0464119765880535,1.1746669669788683,0.23729016617171647,0.02901025179886989,0.3178914073163507,0.8232340131900682
3,-1.1007840480881435,0.040654930902036396,1.133320091877579,1.1414389789901798,1.0926651609755427,0.02439699156382395,0.13881095965608053,0.11441396809225658,0.5449618652960548,0.058630132727803264,0.7902908784943881,0.1510789887778088,1.1511965969629792,0,2.6978190436975718,1.5466224467345928,0.2604471659847698,0.022779336130714638,0.3683522268785763,1.0051779755178216
4,-0.9428029157989656,0.03655675716372955,0.9726697553188195,0.9793596729626951,0.93611299815509,0.022141198894527814,0.17176111450363196,0.14961991560910415,0.47311232240280127,0.09929968041221657,0.6523815158409743,0.24831880374680926,0.7531141183099097,0,2.0096771668677915,1.2565630485578816,0.20136326603247473,0.031791890313654377,0.2659999592623506,0.6542031799449447
5,-1.0338378609067935,-0.01267763264758942,0.9544684330028779,1.021160228259204,0.9671460656504673,-0.030682353517168377,0.11819282112611097,0.14887517464327935,0.43912266383157056,0.08796167883498399,0.683847947808676,0.22819037335634001,0.8444966979595891,0,2.1836629536097028,1.3391662556501136,0.2177333408228676,0.030371022122307974,0.2787739770913189,0.7137869839432057
6,-1.0388228783877982,-0.13051095987417313,0.9385011948314175,0.908311918513625,1.0690121547055906,-0.07694421447685129,-0.00974511564921763,0.06719909882763367,0.3622473234196791,0.10653026369858788,0.6899841618228971,0.203485574478515,0.8982921782116543,0,1.9767713273804641,1.0784791491688097,0.25636551222771997,0.028704316620692494,0.34536576437325206,0.9069848337435535
7,-0.9024111663968768,0.008963166277175,0.92053225625965,0.9113743326740518,0.911569089982475,0.009028085379982712,0.1461758299166832,0.1371477445367005,0.4305657706640411,0.11728046745921338,0.6149405193114739,0.26777901322931263,0.6848684981975891,0,1.7959588088362846,1.1110903106386956,0.19296321678925876,0.03198949738426028,0.2513639474211448,0.6143969611762856
8,-1.1114365199679974,-0.11414256253240593,0.8724975903532151,0.9972939574355915,0.986640152885621,-0.11769383071572943,0.015127004310038465,0.13282083502576789,0.34600353439477455,0.0917915373170091,0.6844057807156986,0.22380268196729217,0.8621397760382589,0,2.1424576877201367,1.280317911681878,0.2267084925371367,0.029863985554263717,0.2888537490060529,0.7501973530418703
9,-1.071494015436726,0.01948118871250204,1.0010251572061677,1.090975204149228,0.9815439684936657,-0.016995889839352147,0.14492037097142482,0.16191626081077698,0.4782415330228808,0.07323362386326714,0.7175701948196005,0.20919618131713227,0.9141024071898883,0,2.407205652036967,1.4931032448470782,0.22154917608214109,0.02915720376918421,0.28939560533747727,0.7463222625022773
10,-1.0211575838483071,-0.1062242372415651,1.1287935647048701,0.914933346606742,1.2350178019464353,0.00047058120499928374,-0.02401390191212581,-0.024484483117125092,-0.3371704129123146,0.09193760534754343,0.7733865090037322,0.13467588564872443,-0.485208455679345,10,0.5218406666934964,1.0070491223728415,0.05448244755958104,0.020150719505410253,2.078849439021676,1.3432192195341126
11,-0.979563638518732,-0.12913187245339927,1.0878338770569373,0.8504317660653327,1.2169657495103365,-0.006953877971731304,-0.03690764686820573,-0.029953768896474428,-0.3779057928803877,0.1093128483400567,0.7385157825584114,0.1521713691015319,-0.5138104316352043,10,0.3866368239644692,0.9004472555996734,0.07082203368904397,0.021770709182227073,2.1348438186057193,1.2803387160688648
12,-0.9473408841307883,0.1332283101952337,0.9783776289626365,1.080569194326022,0.8451493187674027,0.05475501834236063,0.271636540495416,0.2168815221530554,0.528994238901271,0.08362494389353689,0.6456882514570457,0.2706868046494176,0.69112684961821,0,2.187526765920684,1.4963999163024737,0.1686097015885214,0.03222806209892506,0.21706680948725796,0.5145699585808738
13,-0.9422835916649908,0.07965938454435215,0.9558875531315721,1.0219429762093428,0.87622816858722,0.03108778200364452,0.21733732795684912,0.18624954595320461,0.4891605905484288,0.0938988595697294,0.6394614319619243,0.2666397084683464,0.6931937526475835,0,2.0536594734258076,1.3604657207782238,0.17859720757236403,0.03264977601487919,0.23412368099285352,0.5573928817307544
14,-1.11399597372938,0.1391231563900048,0.8952189191064018,1.253119130119385,0.756095762716397,-0.02655129941099114,0.27803396686739223,0.3045852662783834,0.4927948382654603,0.05862302905308843,0.6604966114453922,0.28088035950151935,0.6409417735180816,0,2.5902846095244896,1.9493428360064082,0.13740332446305212,0.03249347705620244,0.1765647182138139,0.39508099867622687
15,-0.9214208130944417,0.12009944065619274,1.062657412509526,1.0415202537506345,0.9425579718533333,0.08711201335709236,0.25314104858594594,0.1660290352288536,0.5609862554184726,0.0853183288620389,0.679255965683047,0.23542570545491406,0.8099756330178126,0,2.2145687606218187,1.4045931276040062,0.20891030652738954,0.032475847469746646,0.263932542693426,0.6608419834428912
16,-1.1207936271724457,0.0205653824282018,1.0863731843957132,1.1413590096006474,1.0658078019675115,-0.004618353449510264,0.1250597808166491,0.12967813426615935,0.5145505049912081,0.06005092024441589,0.7775989290766385,0.16235015067894562,1.1174899359683486,0,2.67942874356259,1.561938807594241,0.2549610225183703,0.024005727482827074,0.3433943156142309,0.9402903180869581
17,-1.137990869942201,-0.12529336891857398,0.8608425386679565,1.012697501023627,0.9861359075865305,-0.13414723339760617,0.003378968820598954,0.13752620221820513,0.3349123324190653,0.08849209634412529,0.6901509275150819,0.22135697614079278,0.8598297458568442,0,2.1792770843118587,1.3194473384550152,0.22410420958008767,0.030355345000387567,0.2913340942156121,0.7461957710071876
18,-0.9811210521603508,0.01586818876366486,1.0646052632454286,0.9969892409240158,1.0487370744817637,0.03311746661624756,0.13487909210365104,0.10176162548740347,0.5029550665081229,0.08759356382649795,0.7156547916765632,0.19675164449693888,0.9455190862121198,0,2.196486154583228,1.2509670683711085,0.24440667531707322,0.026749443911349802,0.3364352903449682,0.8844189313814255
19,-0.871656694064852,0.06984582758664215,1.07802283664731,0.9415025216514942,1.0081770090606677,0.09207065672303334,0.1985990969936068,0.10652844027057347,0.5379644478125585,0.10300489404919928,0.6730933160190418,0.22390178993175905,0.8320958060136725,0,1.9909216950350246,1.1588258890213516,0.22940881549198386,0.02998548363496074,0.3087727629259922,0.7868259412661109
