beta,initial_action,condition,seeds,final_action_mean,final_action_min,final_action_max,n_left_below_minus_point2,n_center_between_point2,n_right_above_point2,deterministic_endogenous_action_5000,g0_loss,g1_loss,g2_loss,population_regret,population_loss,monitoring_loss,monitoring_gap,action,g0_expected_share,g1_expected_share,g2_expected_share,g0_realized_share,g1_realized_share,g2_realized_share,effective_sample_size,expected_invites_per_accepted,realized_invites_per_accepted
1.5,-0.75,endogenous,50,0.0018184891300217223,-0.055219570448691184,0.03581333207540671,0,50,0,-1.4327907126368172e-80,1.0151253295646179,0.013774262932081735,1.0124231962995458,0.00044092959874840167,0.6804409295987484,0.5998666996689699,0.08057422992977865,0.0006755333162680766,0.29311348122180836,0.4133333338181025,0.293553184960089,0.2932958333333333,0.41231666666666666,0.29438749999999997,96.00000000000001,1.4360724914704335,1.4353791666666669
1.5,-0.75,static,50,-0.4547620869081743,-0.4810957359604523,-0.4374711628658252,50,0,0,-1.4327907126368172e-80,0.3088964401077504,0.22175302924928733,2.1346096183908245,0.208419695915954,0.8884196959159542,0.3629227381002603,0.5254969578156935,-0.45642829457076844,0.506333677308724,0.44293274144495015,0.050733581246326154,0.5060624999999999,0.4434791666666667,0.050458333333333355,96.00000000000001,1.779535175232908,1.779833333333333
1.5,-0.25,endogenous,50,0.001818489130026365,-0.055219570448691184,0.035813332075406726,0,50,0,-5.65939349062243e-82,1.0151253295646625,0.0137742629320818,1.0124231962995012,0.0004409295987484651,0.6804409295987484,0.5998666996689698,0.08057422992977875,0.0006755333162903504,0.29311348122180114,0.4133333338181025,0.2935531849600962,0.2932958333333333,0.41231666666666666,0.29438749999999997,96.00000000000001,1.4360724914704337,1.4320124999999997
1.5,-0.25,static,50,-0.1658749730001197,-0.19271678578003035,-0.14190630060518367,0,50,0,-5.65939349062243e-82,0.7080603338666613,0.04124468835772987,1.3744290428487986,0.027911355024396525,0.7079113550243967,0.5623040645222034,0.14560729050219315,-0.1665921772455344,0.3707683632599326,0.42383976444529986,0.2053918722947674,0.3715041666666666,0.4232916666666667,0.20520416666666674,96.00000000000001,1.4896061693975846,1.4868833333333336
1.5,-0.01,endogenous,50,0.0018184891300267465,-0.055219570448691184,0.035813332075406726,0,50,0,-4.5072711573145034e-86,1.015125329564666,0.013774262932081827,1.0124231962994976,0.0004409295987484902,0.6804409295987484,0.5998666996689698,0.0805742299297788,0.0006755333162921831,0.29311348122180053,0.4133333338181025,0.2935531849600968,0.2932958333333333,0.41231666666666666,0.29438749999999997,96.00000000000001,1.4360724914704337,1.4382333333333333
1.5,-0.01,static,50,-0.005190164603302917,-0.037741496448481404,0.017268514546702446,0,50,0,-4.5072711573145034e-86,1.0005273273406163,0.013539316268988515,1.0265513051973607,0.0002059829356551797,0.6802059829356553,0.6001847103905384,0.0800212725451167,-0.006505994464186116,0.2966196938873157,0.4132699070068216,0.2901103991058615,0.2967249999999999,0.4123541666666666,0.29092083333333335,96.00000000000001,1.435764987948204,1.4357458333333337
1.5,0.0,endogenous,50,0.0018184891300267465,-0.055219570448691184,0.035813332075406726,0,50,0,0.0,1.015125329564666,0.013774262932081827,1.0124231962994976,0.0004409295987484902,0.6804409295987484,0.5998666996689698,0.0805742299297788,0.0006755333162921831,0.29311348122180053,0.4133333338181025,0.2935531849600968,0.2932958333333333,0.41231666666666666,0.29438749999999997,96.00000000000001,1.4360724914704337,1.4351791666666665
1.5,0.0,static,50,0.0009664175579524037,-0.03302258483927287,0.024957545379876878,0,50,0,0.0,1.013407493630577,0.01349591546244609,1.013584337294315,0.00016258212911275473,0.680162582129113,0.6002446466918915,0.07991793543722134,-4.421091593448296e-05,0.2933743656147226,0.4132512687705547,0.2933743656147226,0.29377499999999995,0.4120000000000001,0.294225,96.00000000000001,1.4356747128060385,1.4358125000000002
1.5,0.01,endogenous,50,0.0018184891300267465,-0.055219570448691184,0.035813332075406726,0,50,0,4.5072711573145034e-86,1.015125329564666,0.013774262932081827,1.0124231962994976,0.0004409295987484902,0.6804409295987484,0.5998666996689698,0.0805742299297788,0.0006755333162921831,0.29311348122180053,0.4133333338181025,0.2935531849600968,0.2932958333333333,0.41231666666666666,0.29438749999999997,96.00000000000001,1.4360724914704337,1.4371499999999997
1.5,0.01,static,50,0.007534407599131971,-0.026165434500949127,0.03134228325238328,0,50,0,4.5072711573145034e-86,1.0263019556242419,0.01353897466542343,1.000775993706605,0.00020564133209009658,0.6802056413320902,0.6001859896532502,0.08001965167883995,0.006381490479409232,0.2901103991058615,0.4132699070068216,0.2966196938873157,0.29056666666666664,0.41204166666666675,0.2973916666666667,96.00000000000001,1.435764987948204,1.4345749999999997
1.5,0.25,endogenous,50,0.0018184891300557877,-0.055219570448691184,0.03581333207540673,0,50,0,5.65939349062243e-82,1.015125329564947,0.013774262932083857,1.012423196299221,0.000440929598750521,0.6804409295987504,0.5998666996689688,0.08057422992978182,0.0006755333164315386,0.29311348122175496,0.4133333338181029,0.293553184960142,0.2932958333333333,0.41231666666666666,0.29438749999999997,96.00000000000001,1.4360724914704355,1.4354833333333332
1.5,0.25,static,50,0.16590567305834242,0.13541446251488173,0.19085884823936036,0,50,0,5.65939349062243e-82,1.3714263568481524,0.04080591893760519,0.7101854810270575,0.02747258560427186,0.7074725856042718,0.562289306629293,0.14518327897497912,0.1653102189552737,0.2053918722947674,0.42383976444529986,0.3707683632599326,0.20616666666666666,0.421875,0.3719583333333333,96.00000000000001,1.4896061693975846,1.4910208333333332
1.5,0.75,endogenous,50,0.0018184891300585108,-0.055219570448690754,0.03581333207540673,0,50,0,1.4327907126368172e-80,1.0151253295649723,0.01377426293208295,1.0124231962991939,0.00044092959874961646,0.6804409295987495,0.5998666996689692,0.08057422992978047,0.0006755333164446037,0.29311348122175074,0.4133333338181026,0.2935531849601463,0.2932958333333333,0.41231666666666666,0.29438749999999997,96.00000000000001,1.4360724914704346,1.4394375000000006
1.5,0.75,static,50,0.45550029680394594,0.43683522694108234,0.4737862002488178,0,0,50,1.4327907126368172e-80,2.1289758955591633,0.21999242122087828,0.3110089468825936,0.20665908788754497,0.8866590878875448,0.3629267215482737,0.5237323663392711,0.45449173716914243,0.050733581246326154,0.44293274144495015,0.506333677308724,0.05165833333333333,0.4418166666666666,0.5065249999999998,96.00000000000001,1.779535175232908,1.7810999999999995
3.0,-0.75,endogenous,50,-0.45292287997525676,-0.48237344407713245,-0.43289748851303744,50,0,0,-0.4538513332212669,0.31066135582154836,0.2203109008480325,2.129960445874517,0.20697756751469915,0.8869775675146991,0.30238113691563745,0.5845964305990617,-0.454824772513242,0.47477999842983964,0.5046556967245458,0.020564304845614324,0.4747999999999999,0.5042291666666666,0.02097083333333333,96.00000000000001,1.9394754512909864,1.936316666666667
3.0,-0.75,static,50,-0.5737429057750918,-0.5989853133684354,-0.5574787066230977,50,0,0,-0.4538513332212669,0.19467578049014378,0.343155590609081,2.4916354007280184,0.3298222572757477,1.0098222572757478,0.2868254104829148,0.722996846792833,-0.5742399050594686,0.5893526587328308,0.39613624807991377,0.01451109318725655,0.5882541666666669,0.39688333333333325,0.01486249999999999,96.00000000000001,2.1033846887162717,2.1059625000000004
3.0,-0.25,endogenous,50,-0.4529228799752567,-0.48237344407713245,-0.43289748851303744,50,0,0,-0.45385133322126475,0.31066135582154875,0.22031090084803218,2.129960445874516,0.20697756751469878,0.8869775675146988,0.30238113691563745,0.5845964305990613,-0.45482477251324155,0.4747799984298395,0.5046556967245459,0.02056430484561435,0.4747999999999999,0.5042291666666666,0.02097083333333333,96.00000000000001,1.9394754512909864,1.9424083333333337
3.0,-0.25,static,50,-0.32784648745047795,-0.34642930514118303,-0.3085639680314204,50,0,0,-0.45385133322126475,0.4639530543304802,0.12153708448122798,1.779121114631976,0.10820375114789467,0.7882037511478949,0.3399776276671759,0.44822612348071894,-0.32879201507537387,0.38060066521968183,0.5662395578539761,0.053159776926341475,0.3813208333333333,0.5658833333333333,0.052795833333333334,96.00000000000001,2.020894617997215,2.0198666666666667
3.0,-0.01,endogenous,50,-0.2713295372680602,-0.48237344407713234,0.4682695539737025,40,0,10,-0.45385133322126475,0.6720255100732878,0.21836783619430722,1.7647101623153265,0.2050345028609738,0.8850345028609738,0.30258737244628486,0.582447130414689,-0.2731711630605097,0.38367748894197,0.5052997126118831,0.11102279844614692,0.3833833333333333,0.5054708333333332,0.11114583333333332,96.00000000000001,1.9396705542877757,1.9380958333333336
3.0,-0.01,static,50,-0.016873337398772538,-0.04043509593854191,0.00396345973870023,0,50,0,-0.45385133322126475,0.9797412029124165,0.013720730586571146,1.047700258260726,0.000387397253237812,0.6803873972532379,0.399208040927508,0.2811793563257298,-0.016989763837077308,0.20093211976342398,0.6139744968771017,0.18509338335947426,0.20190000000000002,0.6133041666666668,0.18479583333333338,96.00000000000001,2.1381901252334345,2.1297
3.0,0.0,endogenous,50,0.09063669062139935,-0.4671226865904036,0.4801473995973884,20,0,30,0.0,1.3974749076604054,0.21759689616741673,1.037718884674428,0.20426356283408334,0.8842635628340837,0.3026688172412489,0.5815947455928343,0.08993900574649433,0.20203149638383125,0.505554964697616,0.29241353891855265,0.2020291666666666,0.5059041666666666,0.2920666666666666,96.00000000000001,1.939747379759379,1.9427875000000001
3.0,0.0,static,50,-0.0006522329860262809,-0.023625019441382372,0.018076653725897455,0,50,0,0.0,1.0110320208785277,0.013437212068865152,1.0158424032592024,0.00010387873553181527,0.6801038787355318,0.39936340243818996,0.2807404762973422,-0.0012025955951686783,0.19296309518466243,0.614073809630675,0.19296309518466243,0.19390416666666666,0.6133625,0.1927333333333333,96.00000000000001,2.138458604396188,2.142395833333334
3.0,0.01,endogenous,50,0.27200601401797636,-0.4671226865904036,0.4801473995973884,10,0,40,0.45385133322126475,1.7612625753280589,0.21836416373970027,0.6754657521513423,0.20503083040636694,0.8850308304063672,0.3025935451569825,0.5824372852493843,0.2714492057941792,0.11140344178776854,0.5053030387362921,0.3832935194759394,0.11159166666666667,0.5051666666666667,0.3832416666666667,96.00000000000001,1.9396860110672742,1.9400500000000003
3.0,0.01,static,50,0.015410941286461841,-0.00782943603656295,0.033980892299084464,0,50,0,0.45385133322126475,1.0437472182299468,0.013660817413656181,0.9835744165973657,0.00032748408032284344,0.680327484080323,0.3992097899646819,0.2811176941156409,0.015043200408145161,0.18509338335947426,0.6139744968771017,0.20093211976342398,0.18564999999999998,0.613525,0.20082500000000003,96.00000000000001,2.1381901252334345,2.1375541666666664
3.0,0.25,endogenous,50,0.4537273939357515,0.42526360599792995,0.4801473995973884,0,0,50,0.45385133322126475,2.125927407757572,0.2190613558734076,0.31219530398924283,0.20572802254007425,0.8857280225400745,0.3025207171713911,0.5832073053686831,0.45343302594208246,0.020661487338603683,0.505072407497049,0.4742661051643474,0.020974999999999997,0.5044041666666667,0.4746208333333333,96.00000000000001,1.9396189997364466,1.9351500000000001
3.0,0.25,static,50,0.3268924175289713,0.30694792962515244,0.3489164575796411,0,0,50,0.45385133322126475,1.7757161942255637,0.12068783599967306,0.46565947777378297,0.1073545026663397,0.7873545026663394,0.3399652106708826,0.4473892919954571,0.32751417911294517,0.053159776926341475,0.5662395578539761,0.38060066521968183,0.05412916666666668,0.5640708333333333,0.3818,96.00000000000001,2.020894617997215,2.0217333333333336
3.0,0.75,endogenous,50,0.4537273939357515,0.42526360599792995,0.4801473995973884,0,0,50,0.4538513332212669,2.125927407757572,0.2190613558734076,0.31219530398924283,0.20572802254007425,0.8857280225400745,0.3025207171713911,0.5832073053686831,0.45343302594208246,0.020661487338603683,0.505072407497049,0.4742661051643474,0.020974999999999997,0.5044041666666667,0.4746208333333333,96.00000000000001,1.9396189997364466,1.9358166666666667
3.0,0.75,static,50,0.5749650062529839,0.5605580219722665,0.5946010495908273,0,0,50,0.4538513332212669,2.490829865992011,0.3428642700642901,0.19489867413656792,0.3295309367309567,1.0095309367309568,0.2868296816288275,0.7227012551021289,0.5739827979638611,0.01451109318725655,0.39613624807991377,0.5893526587328308,0.01473333333333333,0.39599166666666663,0.5892750000000001,96.00000000000001,2.1033846887162717,2.1077333333333343
8.0,-0.75,endogenous,50,-0.9254046534662451,-0.9376769845712364,-0.9041497614569914,50,0,0,-0.925588307233121,0.018813875492359834,0.8711928614086645,3.72357184732497,0.8578595280753314,1.5378595280753309,0.1268328281081536,1.4110266999671777,-0.9261894929581524,0.94794840031357,0.029733864307805224,0.022317735378624515,0.948295833333333,0.029099999999999987,0.022604166666666665,96.00000000000001,3.3476603066542356,3.3452416666666664
8.0,-0.75,static,50,-0.8599108444764163,-0.8731966351905383,-0.8428102978927876,50,0,0,-0.925588307233121,0.03296520020735814,0.7530188769309855,3.4730725536546116,0.7396855435976519,1.4196855435976519,0.1789914876760167,1.2406940559216353,-0.8600268383618135,0.8816119452465803,0.09604271139368505,0.022345343359735374,0.8823291666666668,0.09504166666666665,0.02262916666666667,96.00000000000001,3.351801479493966,3.3605791666666662
8.0,-0.25,endogenous,50,-0.00018457476908457536,-0.00798648205988915,0.008378226432452406,0,50,0,-2.615066865751192e-111,1.0125988039924398,0.013348301805298063,1.0140977996181564,1.4968471964730553e-05,0.6800149684719647,0.06261622951767187,0.6173987389542926,-0.0003747489064290736,0.024649335294066144,0.9507297989570063,0.02462086574892767,0.025141666666666663,0.9498750000000004,0.02498333333333333,96.00000000000001,3.3384060512149683,3.336454166666666
8.0,-0.25,static,50,-0.07429421003939969,-0.08507244802869786,-0.06230795301899283,0,50,0,-2.615066865751192e-111,0.8702238530955413,0.01889027265631698,1.1675566922170928,0.0055569393229836376,0.6855569393229838,0.12634964338885926,0.5592072959341244,-0.07433320978038774,0.09604016191768407,0.8815885426534613,0.022371295428853598,0.09700833333333338,0.8803500000000001,0.02264166666666667,96.00000000000001,3.351712505147989,3.3583
8.0,-0.01,endogenous,50,-0.00018457476908457536,-0.00798648205988915,0.008378226432452406,0,50,0,-6.918207630057319e-113,1.0125988039924398,0.013348301805298063,1.0140977996181564,1.4968471964730553e-05,0.6800149684719647,0.06261622951767187,0.6173987389542926,-0.0003747489064290736,0.024649335294066144,0.9507297989570063,0.02462086574892767,0.025141666666666663,0.9498750000000004,0.02498333333333333,96.00000000000001,3.3384060512149683,3.336516666666666
8.0,-0.01,static,50,-0.0010209434071682076,-0.008450811451175221,0.007003082380280981,0,50,0,-6.918207630057319e-113,1.0109965624137958,0.013348343228733302,1.0157001240436707,1.5009895399969325e-05,0.6800150098954001,0.06266665660350346,0.6173483532918966,-0.0011758904074687835,0.02504048620036933,0.9506798972266358,0.024279616572993136,0.025604166666666664,0.9497833333333336,0.024612499999999995,96.00000000000001,3.3385211655204325,3.335554166666667
8.0,0.0,endogenous,50,-0.00018457476908457536,-0.00798648205988915,0.008378226432452406,0,50,0,0.0,1.0125988039924398,0.013348301805298063,1.0140977996181564,1.4968471964730553e-05,0.6800149684719647,0.06261622951767187,0.6173987389542926,-0.0003747489064290736,0.024649335294066144,0.9507297989570063,0.02462086574892767,0.025141666666666663,0.9498750000000004,0.02498333333333333,96.00000000000001,3.3384060512149683,3.333866666666667
8.0,0.0,static,50,-0.00019773625758922497,-0.007840070191965873,0.007549362973345613,0,50,0,0.0,1.0126281972257924,0.013347010753635582,1.014065824281479,1.3677420302241937e-05,0.6800136774203024,0.06260843531278616,0.617405242107516,-0.00035940676392152504,0.024630712279575254,0.9507385754408512,0.024630712279575254,0.02512083333333333,0.9499125000000003,0.02496666666666667,96.00000000000001,3.338385770798309,3.3435375000000005
8.0,0.01,endogenous,50,-0.00018457476908457536,-0.00798648205988915,0.008378226432452406,0,50,0,6.918207630057319e-113,1.0125988039924398,0.013348301805298063,1.0140977996181564,1.4968471964730553e-05,0.6800149684719647,0.06261622951767187,0.6173987389542926,-0.0003747489064290736,0.024649335294066144,0.9507297989570063,0.02462086574892767,0.025141666666666663,0.9498750000000004,0.02498333333333333,96.00000000000001,3.3384060512149683,3.3406333333333333
8.0,0.01,static,50,0.00052812303733148,-0.007342749110427481,0.008670299062004717,0,50,0,6.918207630057319e-113,1.0140150455409838,0.013347451364346102,1.012679857187709,1.4118031012762409e-05,0.6800141180310129,0.06266704618557613,0.6173470718454366,0.00033379708831873784,0.024279616572993136,0.9506798972266358,0.02504048620036933,0.02480833333333332,0.9498583333333336,0.025333333333333333,96.00000000000001,3.3385211655204325,3.3392583333333334
8.0,0.25,endogenous,50,-0.00018457476908457536,-0.00798648205988915,0.008378226432452406,0,50,0,2.615066865751192e-111,1.0125988039924398,0.013348301805298063,1.0140977996181564,1.4968471964730553e-05,0.6800149684719647,0.06261622951767187,0.6173987389542926,-0.0003747489064290736,0.024649335294066144,0.9507297989570063,0.02462086574892767,0.025141666666666663,0.9498750000000004,0.02498333333333333,96.00000000000001,3.3384060512149683,3.3377625
8.0,0.25,static,50,0.07271537589938781,0.06558578844936783,0.08493365215413051,0,50,0,2.615066865751192e-111,1.1640175769659924,0.018647376884157688,0.8732771768023231,0.005314043550824353,0.6853140435508243,0.12634957636941202,0.5589644671814125,0.07268510004091736,0.022371295428853598,0.8815885426534613,0.09604016191768407,0.02262083333333333,0.8820541666666667,0.09532500000000001,96.00000000000001,3.351712505147989,3.348341666666666
8.0,0.75,endogenous,50,0.9241027027901371,0.9104519467511122,0.933426831099086,0,0,50,0.925588307233121,3.718855352444428,0.8689264061284651,0.018997459812502143,0.8555930727951317,1.5355930727951312,0.1269544406916791,1.4086386321034525,0.9249644731579815,0.022318837734476706,0.02987100996945911,0.9478101522960642,0.02257916666666666,0.03048333333333332,0.9469375,96.00000000000001,3.3478256600266114,3.3452541666666673
8.0,0.75,static,50,0.8581830887834206,0.8450073410229733,0.869888604580484,0,0,50,0.925588307233121,3.4677509496981727,0.7505616820772691,0.033372414456366364,0.7372283487439362,1.4172283487439357,0.17899558389841225,1.2382327648455234,0.8585946338104516,0.022345343359735374,0.09604271139368505,0.8816119452465803,0.02260416666666666,0.09682500000000002,0.8805708333333335,96.00000000000001,3.351801479493966,3.3447041666666677
