figure,panel_metric,scenario,beta,condition_or_contrast,completed_updates,mean,ci95_low,ci95_high
3,g0_risk,main,3,endogenous,0,1.054445869644794,1.0013579565997663,1.1100094145200792
3,g0_risk,main,3,endogenous,10,1.195313370482622,1.1233994680514237,1.2693144385278314
3,g0_risk,main,3,endogenous,20,1.3440578497078337,1.2443269679708737,1.4441435995173624
3,g0_risk,main,3,endogenous,30,1.489462964490019,1.3623364486053346,1.612253314198968
3,g0_risk,main,3,endogenous,40,1.6197799073699908,1.4654586022824627,1.7609124948529262
3,g0_risk,main,3,endogenous,50,1.7311822374437624,1.554926406015536,1.887231803876875
3,g0_risk,main,3,endogenous,60,1.8194464998204343,1.625204985146041,1.986142448240303
3,g0_risk,main,3,endogenous,70,1.88498978768516,1.6741012692589488,2.0624798887324403
3,g0_risk,main,3,endogenous,80,1.9373172445589337,1.712971632500545,2.1235980028129933
3,g0_risk,main,3,endogenous,90,1.9784855974763815,1.7423038797663053,2.1741821739036786
3,g0_risk,main,3,endogenous,100,2.00778579523339,1.7592637421667767,2.210410698605827
3,g0_risk,main,3,endogenous,110,2.0261890968212564,1.7698423643462708,2.234738187215453
3,g0_risk,main,3,endogenous,120,2.04115145072008,1.7787842302859613,2.25500889462392
3,g0_risk,main,3,endogenous,130,2.0503360466268434,1.7844285687142643,2.2680039675788346
3,g0_risk,main,3,endogenous,140,2.063129996721732,1.790316528048448,2.284662183975224
3,g0_risk,main,3,endogenous,150,2.0651562005800597,1.7888111728446363,2.2891472324738515
3,g0_risk,main,3,endogenous,160,2.0723653819360184,1.7920549476199175,2.2982224516020673
3,g0_risk,main,3,endogenous,170,2.0722856392662523,1.7909583725813687,2.299878041123166
3,g0_risk,main,3,endogenous,180,2.0731720861214433,1.7908240214210809,2.301720722364799
3,g0_risk,main,3,endogenous,190,2.074526303621784,1.7890702141325106,2.3046181682821865
3,g0_risk,main,3,endogenous,200,2.077535985252573,1.7918998869172251,2.3081506754045957
3,g0_risk,main,3,endogenous,210,2.078158994941943,1.7911997439045855,2.310102282749554
3,g0_risk,main,3,endogenous,220,2.07812654593711,1.7901969768695425,2.310349040824389
3,g0_risk,main,3,endogenous,230,2.08011092368788,1.7909493375992502,2.3135187415135574
3,g0_risk,main,3,endogenous,240,2.076381134929078,1.7866807626481918,2.3101239891059553
3,g0_risk,main,3,endogenous,250,2.079701460279421,1.7885733710040725,2.3141441425231783
3,g0_risk,main,3,static,0,1.054445869644794,1.0013579565997663,1.1100094145200792
3,g0_risk,main,3,static,10,1.1644020586302644,1.0969334021310377,1.2342883925217178
3,g0_risk,main,3,static,20,1.2340317146339965,1.153845670643552,1.3174384186363386
3,g0_risk,main,3,static,30,1.2773938589045177,1.1880315094795963,1.3706767202823267
3,g0_risk,main,3,static,40,1.3041978616582766,1.2084437399204686,1.4033752489450875
3,g0_risk,main,3,static,50,1.3205710588834307,1.221236135837432,1.4232255480124771
3,g0_risk,main,3,static,60,1.3301014711084014,1.2300017149776568,1.4343828250646213
3,g0_risk,main,3,static,70,1.3323848245980605,1.230726506539614,1.4386195176996268
3,g0_risk,main,3,static,80,1.3357464423719267,1.2340501035666191,1.4424518274789295
3,g0_risk,main,3,static,90,1.3401739053629986,1.237751220554703,1.4471727862831636
3,g0_risk,main,3,static,100,1.3415667598875167,1.2390552793995733,1.4486018707012045
3,g0_risk,main,3,static,110,1.3415836202101235,1.2387448731663546,1.4477661142688294
3,g0_risk,main,3,static,120,1.3433884423358,1.2395941330131306,1.4508889078553788
3,g0_risk,main,3,static,130,1.3413096952385593,1.237746439522659,1.4482181120379862
3,g0_risk,main,3,static,140,1.342696916947301,1.2384437477750385,1.4503907246750463
3,g0_risk,main,3,static,150,1.3401053389903992,1.2367890835462834,1.44717915199608
3,g0_risk,main,3,static,160,1.343536444807603,1.2391449819568534,1.451497922428628
3,g0_risk,main,3,static,170,1.3435194116139395,1.2392949411763021,1.451321754348758
3,g0_risk,main,3,static,180,1.3432711007023033,1.239861724229309,1.451188149648637
3,g0_risk,main,3,static,190,1.3443284995125753,1.2412270541048025,1.4511653453869255
3,g0_risk,main,3,static,200,1.3427233124411393,1.2403186307391962,1.4492410634052875
3,g0_risk,main,3,static,210,1.3434753376790531,1.2394699562552562,1.450715025971357
3,g0_risk,main,3,static,220,1.344790566374046,1.2403809692703573,1.4526331802639518
3,g0_risk,main,3,static,230,1.3458465992203317,1.2414598048981396,1.4539917560029396
3,g0_risk,main,3,static,240,1.3446158688603913,1.240701400759478,1.4528586617547306
3,g0_risk,main,3,static,250,1.3441779533111238,1.240359702828751,1.4519243993776767
3,g0_risk,main,3,quota,0,1.054445869644794,1.0013579565997663,1.1100094145200792
3,g0_risk,main,3,quota,10,1.0541687778281559,1.0010379658148352,1.1098714351448464
3,g0_risk,main,3,quota,20,1.0540983664000882,1.001160214136423,1.109840602257034
3,g0_risk,main,3,quota,30,1.0541035096239906,1.0009527399781273,1.1096766200626789
3,g0_risk,main,3,quota,40,1.0540915683670808,1.0011211415758445,1.1093606506832612
3,g0_risk,main,3,quota,50,1.0539686333575413,1.0010622107528337,1.109237034815703
3,g0_risk,main,3,quota,60,1.0544502313017625,1.0016299376923947,1.109772808534727
3,g0_risk,main,3,quota,70,1.0545755170967506,1.001548288997352,1.1100227691358369
3,g0_risk,main,3,quota,80,1.0546600705170106,1.001674525925072,1.1102028595835631
3,g0_risk,main,3,quota,90,1.054376728651376,1.0014071158947722,1.1097637183202829
3,g0_risk,main,3,quota,100,1.0545940543374541,1.0016398637114052,1.1100394689706414
3,g0_risk,main,3,quota,110,1.0547591683712978,1.001753750417109,1.1102310454923723
3,g0_risk,main,3,quota,120,1.0545100198998738,1.0015466133812616,1.1099665506782974
3,g0_risk,main,3,quota,130,1.0543479704227303,1.0012420744774437,1.109874277425602
3,g0_risk,main,3,quota,140,1.0543968712329952,1.0014555937208578,1.110002779586004
3,g0_risk,main,3,quota,150,1.0542355159917922,1.0011390155777304,1.1098359171407604
3,g0_risk,main,3,quota,160,1.054297938190268,1.0011559257806488,1.109888953271065
3,g0_risk,main,3,quota,170,1.0542985615710068,1.0012101974342345,1.1099583160997202
3,g0_risk,main,3,quota,180,1.053869464516577,1.0006380120653169,1.1094583534444453
3,g0_risk,main,3,quota,190,1.0544147468282545,1.0013875392425664,1.1099210671970718
3,g0_risk,main,3,quota,200,1.054356713040581,1.0012957755952088,1.1098814583660659
3,g0_risk,main,3,quota,210,1.0543209094471224,1.0012240167507889,1.1098463242534826
3,g0_risk,main,3,quota,220,1.0544839272904616,1.0012769926307394,1.1100452017903697
3,g0_risk,main,3,quota,230,1.054633940611064,1.0013420982754222,1.1102777403194137
3,g0_risk,main,3,quota,240,1.0547412769832398,1.0016218658760518,1.11030393642613
3,g0_risk,main,3,quota,250,1.0545399405425513,1.0013410586615699,1.110166292686242
3,g0_risk,main,3,ipw,0,1.054445869644794,1.0013579565997663,1.1100094145200792
3,g0_risk,main,3,ipw,10,1.05906136072459,1.0051775625424926,1.115559244231019
3,g0_risk,main,3,ipw,20,1.062669848408112,1.0062042778499019,1.1223008970281096
3,g0_risk,main,3,ipw,30,1.0658011349156387,1.0087564120148917,1.1275565448019294
3,g0_risk,main,3,ipw,40,1.073706376140756,1.0129553341213489,1.1398069904958774
3,g0_risk,main,3,ipw,50,1.0761209915605972,1.015442273944529,1.141305019657297
3,g0_risk,main,3,ipw,60,1.0755823908607656,1.016249345449027,1.1396609542408678
3,g0_risk,main,3,ipw,70,1.0652623201883065,1.0068441681093734,1.1278764300611677
3,g0_risk,main,3,ipw,80,1.063435689966894,1.005749054531073,1.1251151434524802
3,g0_risk,main,3,ipw,90,1.0704831411894138,1.0142954521826588,1.1298796466639873
3,g0_risk,main,3,ipw,100,1.0726021110071204,1.017331610209325,1.131539552705221
3,g0_risk,main,3,ipw,110,1.070823039615314,1.015586820600516,1.1289801642153077
3,g0_risk,main,3,ipw,120,1.073088878392279,1.017227156185588,1.132243457192721
3,g0_risk,main,3,ipw,130,1.071273937152282,1.0137828568046239,1.1323703473402746
3,g0_risk,main,3,ipw,140,1.0738449385861444,1.014292065412758,1.1378854952031627
3,g0_risk,main,3,ipw,150,1.069749313114653,1.01064691328263,1.1327545767872405
3,g0_risk,main,3,ipw,160,1.0760263634977796,1.0177084329512889,1.1373415472541522
3,g0_risk,main,3,ipw,170,1.0730616056438842,1.016677462937838,1.1322319696759577
3,g0_risk,main,3,ipw,180,1.0717901030880443,1.0166849500769166,1.1291028838972696
3,g0_risk,main,3,ipw,190,1.0745419973134773,1.0186388050017088,1.1337443453268559
3,g0_risk,main,3,ipw,200,1.07098597367049,1.0157253364429362,1.1296919393772655
3,g0_risk,main,3,ipw,210,1.073304381968279,1.0149679962317766,1.1356098071146266
3,g0_risk,main,3,ipw,220,1.0752980025827745,1.016559692562907,1.1372679580356606
3,g0_risk,main,3,ipw,230,1.0774563082715893,1.018496453932366,1.139855428448098
3,g0_risk,main,3,ipw,240,1.075519856536218,1.0160092771863163,1.139356557440784
3,g0_risk,main,3,ipw,250,1.0766555541839704,1.0175451891485505,1.1394047869107036
3,population_regret,main,3,endogenous,0,0.0,0.0,0.0
3,population_regret,main,3,endogenous,10,0.0057377323841160625,0.0038808382906732487,0.007992111618465534
3,population_regret,main,3,endogenous,20,0.021848962271010602,0.015577853753031636,0.029108415007211747
3,population_regret,main,3,endogenous,30,0.045287538956985195,0.033899412128668996,0.0576415882425564
3,population_regret,main,3,endogenous,40,0.07167526031209517,0.05572930840326408,0.08805184364081754
3,population_regret,main,3,endogenous,50,0.09800797669218987,0.07859483661547158,0.11755149855424178
3,population_regret,main,3,endogenous,60,0.12115116750726096,0.09938518199986289,0.14226771987324896
3,population_regret,main,3,endogenous,70,0.14021862876808167,0.11663819360402225,0.16198199791795456
3,population_regret,main,3,endogenous,80,0.15635425476844975,0.13193524412033347,0.17828074097976981
3,population_regret,main,3,endogenous,90,0.16979090856484563,0.14437034962195655,0.1918313280482074
3,population_regret,main,3,endogenous,100,0.18047859242324124,0.15511660166852198,0.20205603005001047
3,population_regret,main,3,endogenous,110,0.18771107668943615,0.1627472499144786,0.20848864447071397
3,population_regret,main,3,endogenous,120,0.194090648898662,0.169570688665112,0.21440759440863072
3,population_regret,main,3,endogenous,130,0.19842399885369877,0.17450546155507934,0.2183437805910416
3,population_regret,main,3,endogenous,140,0.20392463964244537,0.18029323128198207,0.22357363701678123
3,population_regret,main,3,endogenous,150,0.20574385532139666,0.18276102571752378,0.22507503401472118
3,population_regret,main,3,endogenous,160,0.2091984670432768,0.18671272928745938,0.22828446507088987
3,population_regret,main,3,endogenous,170,0.21021497186132243,0.1884418402913376,0.22881962412913143
3,population_regret,main,3,endogenous,180,0.2112315944524667,0.18995952924962684,0.22946829415870168
3,population_regret,main,3,endogenous,190,0.21222848766728478,0.1911607735632569,0.23049707611358208
3,population_regret,main,3,endogenous,200,0.21349439479763155,0.19254604664540098,0.23178371510663645
3,population_regret,main,3,endogenous,210,0.2144470065597039,0.19383191089967344,0.23245477274461387
3,population_regret,main,3,endogenous,220,0.2148939818351295,0.1946884185693305,0.23263927106585428
3,population_regret,main,3,endogenous,230,0.21578503376421726,0.19541021183633672,0.2338927197258248
3,population_regret,main,3,endogenous,240,0.21506171166557558,0.1951473506047057,0.23284510654316623
3,population_regret,main,3,endogenous,250,0.21622594653583477,0.1962156511121363,0.23421473232941545
3,population_regret,main,3,static,0,0.0,0.0,0.0
3,population_regret,main,3,static,10,0.0035976919664378244,0.002364081288917076,0.005160776814944147
3,population_regret,main,3,static,20,0.009147223578765424,0.006053468957484441,0.013137564361967499
3,population_regret,main,3,static,30,0.013718715499802156,0.009040358006384473,0.019749063147082538
3,population_regret,main,3,static,40,0.01688138693715764,0.01119258511753898,0.02408024436629953
3,population_regret,main,3,static,50,0.019064291872372668,0.01254623647009305,0.02729062520245518
3,population_regret,main,3,static,60,0.020251279608384888,0.013385783978994871,0.02892147359093923
3,population_regret,main,3,static,70,0.02073833268701058,0.013566395673718411,0.029899256429122743
3,population_regret,main,3,static,80,0.021183197352186815,0.013901241889092218,0.030498902664238582
3,population_regret,main,3,static,90,0.021767306910044873,0.014231758491945233,0.03130210750465003
3,population_regret,main,3,static,100,0.02202183688026454,0.014460685689217524,0.03162499748977779
3,population_regret,main,3,static,110,0.02192732048933794,0.014490766568633278,0.03126528971177025
3,population_regret,main,3,static,120,0.022244745889128864,0.014633942517473813,0.03184302472686428
3,population_regret,main,3,static,130,0.02197032374172663,0.014495414579818247,0.03148056566425581
3,population_regret,main,3,static,140,0.022125324053469887,0.014629836583693826,0.03174465098441109
3,population_regret,main,3,static,150,0.021767234617155008,0.014385664012380537,0.031169506433057614
3,population_regret,main,3,static,160,0.022248194105792797,0.01469520560643839,0.031857104177996406
3,population_regret,main,3,static,170,0.02231073184411276,0.014680331385631863,0.03201170794826389
3,population_regret,main,3,static,180,0.022274746638421015,0.014633510858344695,0.031973431259005716
3,population_regret,main,3,static,190,0.02237146848646182,0.01481096534699444,0.031969012342061516
3,population_regret,main,3,static,200,0.02211084935389169,0.014654066012315527,0.0316037862685754
3,population_regret,main,3,static,210,0.022224006613042642,0.01476163456948328,0.03162583617408436
3,population_regret,main,3,static,220,0.022446514521651688,0.014771274486600096,0.032047113668609295
3,population_regret,main,3,static,230,0.02256497578708381,0.014850841271875987,0.03227880516307555
3,population_regret,main,3,static,240,0.022362911266903613,0.014703755337950125,0.03200954798017167
3,population_regret,main,3,static,250,0.02228138651911733,0.014737414618354802,0.03185703152262317
3,population_regret,main,3,quota,0,0.0,0.0,0.0
3,population_regret,main,3,quota,10,2.0627458986977756e-06,1.5674474883834687e-06,2.581271925625344e-06
3,population_regret,main,3,quota,20,2.621594926661607e-06,2.109551846428859e-06,3.157435377684195e-06
3,population_regret,main,3,quota,30,3.2249702876599665e-06,2.5765230771175186e-06,3.906762738899721e-06
3,population_regret,main,3,quota,40,4.124049771495191e-06,3.509459275599293e-06,4.794789520436081e-06
3,population_regret,main,3,quota,50,3.8095571084614354e-06,3.2599550346692207e-06,4.40736640003701e-06
3,population_regret,main,3,quota,60,4.186887270159755e-06,3.5187798340303636e-06,4.8672687087151715e-06
3,population_regret,main,3,quota,70,3.2902339273278528e-06,2.7338055095319244e-06,3.906980961430249e-06
3,population_regret,main,3,quota,80,3.2495435927587896e-06,2.7892523937833654e-06,3.830066487288434e-06
3,population_regret,main,3,quota,90,4.066896805781712e-06,3.2254483544509937e-06,4.983799370897589e-06
3,population_regret,main,3,quota,100,3.4843965478926265e-06,2.766244818348792e-06,4.373183459303431e-06
3,population_regret,main,3,quota,110,3.886816278475961e-06,3.186563372310846e-06,4.681218992051193e-06
3,population_regret,main,3,quota,120,3.166050034076731e-06,2.6867595883919317e-06,3.6431228350746645e-06
3,population_regret,main,3,quota,130,3.770104012104104e-06,3.1172223744105544e-06,4.4386120669893435e-06
3,population_regret,main,3,quota,140,3.830841617136028e-06,3.283394831844442e-06,4.398622844957661e-06
3,population_regret,main,3,quota,150,3.0077641796619063e-06,2.5334375723705817e-06,3.4834236321027084e-06
3,population_regret,main,3,quota,160,3.1888459197236297e-06,2.532853343895095e-06,3.870531281537249e-06
3,population_regret,main,3,quota,170,2.967547347493272e-06,2.5838439616029035e-06,3.3264358220586928e-06
3,population_regret,main,3,quota,180,3.5274605285633846e-06,2.8302100669577778e-06,4.3001554589792225e-06
3,population_regret,main,3,quota,190,3.2602810685168196e-06,2.715819099923476e-06,3.817712111737865e-06
3,population_regret,main,3,quota,200,3.825734756794794e-06,3.0917612367720453e-06,4.680700494955666e-06
3,population_regret,main,3,quota,210,4.025696063443795e-06,3.3857188850855375e-06,4.714445172343143e-06
3,population_regret,main,3,quota,220,4.018064752359194e-06,3.3441349101091585e-06,4.873338129562324e-06
3,population_regret,main,3,quota,230,4.0268330073322e-06,3.234649307840237e-06,4.925844974079772e-06
3,population_regret,main,3,quota,240,3.5596055386378363e-06,2.958893303800736e-06,4.161372295640191e-06
3,population_regret,main,3,quota,250,2.9517040937396368e-06,2.3541097423131587e-06,3.628668029416986e-06
3,population_regret,main,3,ipw,0,0.0,0.0,0.0
3,population_regret,main,3,ipw,10,0.000331576654227258,0.0002516547828268546,0.0004145782198758765
3,population_regret,main,3,ipw,20,0.0004811261219834105,0.00032298593631829056,0.0007126069297219273
3,population_regret,main,3,ipw,30,0.000606292065541314,0.0004021006565008782,0.0009037165439066555
3,population_regret,main,3,ipw,40,0.000813126127226468,0.0005351108012975058,0.0011630385639216016
3,population_regret,main,3,ipw,50,0.0008417101862160305,0.0005530346966714109,0.0011718584070378357
3,population_regret,main,3,ipw,60,0.000825387703874466,0.0006008877204679616,0.0010870225847701665
3,population_regret,main,3,ipw,70,0.0007439492759636607,0.0005565321263989016,0.0009559651453777105
3,population_regret,main,3,ipw,80,0.0006144539424335507,0.0004927662143516031,0.0007438071605985451
3,population_regret,main,3,ipw,90,0.0006723057840224289,0.0005210996181014505,0.0008394456965692415
3,population_regret,main,3,ipw,100,0.0007414830907097206,0.0005373487557711337,0.0009810227874530772
3,population_regret,main,3,ipw,110,0.0006267868873519726,0.0004569764336729107,0.0008213458104389778
3,population_regret,main,3,ipw,120,0.0006671993562961995,0.0005200637865487507,0.0008236969619175666
3,population_regret,main,3,ipw,130,0.0007622187599094978,0.0005791241279159069,0.000957877810135438
3,population_regret,main,3,ipw,140,0.0007888962015755385,0.000579934494538409,0.0010179625590981966
3,population_regret,main,3,ipw,150,0.0007661694492377992,0.0005552824180554953,0.001029341845257008
3,population_regret,main,3,ipw,160,0.0007745071883086965,0.0005821970412552675,0.0010121260032961478
3,population_regret,main,3,ipw,170,0.0006977995170209247,0.0005457977162199958,0.0008636967558847698
3,population_regret,main,3,ipw,180,0.0006985336648615782,0.000525645969890829,0.000879745137689175
3,population_regret,main,3,ipw,190,0.0007432485551947014,0.0005666354072604271,0.0009469831595430158
3,population_regret,main,3,ipw,200,0.0007009251248817393,0.0005329275630493107,0.0008853254563508292
3,population_regret,main,3,ipw,210,0.0007401960247650341,0.0005661757749496926,0.0009391488830156978
3,population_regret,main,3,ipw,220,0.0008001892797923126,0.0005868806612052621,0.0010343022293989865
3,population_regret,main,3,ipw,230,0.0009120187676423042,0.0006329004808564373,0.0012457341934578843
3,population_regret,main,3,ipw,240,0.0008916510133407652,0.0005888434352822089,0.001233910073692999
3,population_regret,main,3,ipw,250,0.0008506983817733474,0.0005893571147896578,0.0011632240506053554
3,g0_expected_feedback_share,main,3,endogenous,0,0.0858796928958311,0.0780016442506225,0.09361327957751174
3,g0_expected_feedback_share,main,3,endogenous,10,0.06391975200554512,0.05490287552626353,0.07386441236351658
3,g0_expected_feedback_share,main,3,endogenous,20,0.04950099059981355,0.039232242268919415,0.0621783887116251
3,g0_expected_feedback_share,main,3,endogenous,30,0.04081667591287136,0.0293528342462918,0.0560281431627158
3,g0_expected_feedback_share,main,3,endogenous,40,0.03613317217050116,0.02351383055779516,0.05358826980699618
3,g0_expected_feedback_share,main,3,endogenous,50,0.03390034731341859,0.0200673164589257,0.053751533759121936
3,g0_expected_feedback_share,main,3,endogenous,60,0.03308586634110529,0.01808393048310807,0.055340510759603646
3,g0_expected_feedback_share,main,3,endogenous,70,0.033409544820842095,0.016946910077951082,0.05825960290848638
3,g0_expected_feedback_share,main,3,endogenous,80,0.03398221329465467,0.016210827633436627,0.06111489192957579
3,g0_expected_feedback_share,main,3,endogenous,90,0.03471632645232402,0.015729839927707077,0.06392899031636595
3,g0_expected_feedback_share,main,3,endogenous,100,0.03587962689373953,0.01541681473121998,0.067478161407878
3,g0_expected_feedback_share,main,3,endogenous,110,0.03691344745437478,0.015238537570902889,0.07038773574676642
3,g0_expected_feedback_share,main,3,endogenous,120,0.03795573470581729,0.01510394322315193,0.07327401091439849
3,g0_expected_feedback_share,main,3,endogenous,130,0.0388376385912296,0.01501976043701212,0.075660298667339
3,g0_expected_feedback_share,main,3,endogenous,140,0.039666237751060915,0.014919138366033351,0.07790147089454474
3,g0_expected_feedback_share,main,3,endogenous,150,0.040337817311512106,0.014895196717690662,0.07957808897015463
3,g0_expected_feedback_share,main,3,endogenous,160,0.04096824167561227,0.014835183894697122,0.08124685027020906
3,g0_expected_feedback_share,main,3,endogenous,170,0.04155291613605582,0.014826233711188647,0.08261903288524858
3,g0_expected_feedback_share,main,3,endogenous,180,0.04193051647364719,0.014809343233168208,0.08358528780868421
3,g0_expected_feedback_share,main,3,endogenous,190,0.042249458992895075,0.01480379031670499,0.08430463222063107
3,g0_expected_feedback_share,main,3,endogenous,200,0.04241925191071759,0.014785577732697152,0.08469996185809582
3,g0_expected_feedback_share,main,3,endogenous,210,0.04281236845117099,0.014779248627094094,0.08564806734979652
3,g0_expected_feedback_share,main,3,endogenous,220,0.043021251167705096,0.014771678795685746,0.08628461591725445
3,g0_expected_feedback_share,main,3,endogenous,230,0.04314568250016507,0.014766611415980124,0.08658922958036246
3,g0_expected_feedback_share,main,3,endogenous,240,0.04343059627605999,0.014789212907585572,0.08708853519739321
3,g0_expected_feedback_share,main,3,endogenous,250,0.04348946067811305,0.014768681413417334,0.08719415556826958
3,g0_expected_feedback_share,main,3,static,0,0.0858796928958311,0.0780016442506225,0.09361327957751174
3,g0_expected_feedback_share,main,3,static,10,0.0858796928958311,0.0780016442506225,0.09361327957751174
3,g0_expected_feedback_share,main,3,static,20,0.0858796928958311,0.0780016442506225,0.09361327957751174
3,g0_expected_feedback_share,main,3,static,30,0.0858796928958311,0.0780016442506225,0.09361327957751174
3,g0_expected_feedback_share,main,3,static,40,0.0858796928958311,0.0780016442506225,0.09361327957751174
3,g0_expected_feedback_share,main,3,static,50,0.0858796928958311,0.0780016442506225,0.09361327957751174
3,g0_expected_feedback_share,main,3,static,60,0.0858796928958311,0.0780016442506225,0.09361327957751174
3,g0_expected_feedback_share,main,3,static,70,0.0858796928958311,0.0780016442506225,0.09361327957751174
3,g0_expected_feedback_share,main,3,static,80,0.0858796928958311,0.0780016442506225,0.09361327957751174
3,g0_expected_feedback_share,main,3,static,90,0.0858796928958311,0.0780016442506225,0.09361327957751174
3,g0_expected_feedback_share,main,3,static,100,0.0858796928958311,0.0780016442506225,0.09361327957751174
3,g0_expected_feedback_share,main,3,static,110,0.0858796928958311,0.0780016442506225,0.09361327957751174
3,g0_expected_feedback_share,main,3,static,120,0.0858796928958311,0.0780016442506225,0.09361327957751174
3,g0_expected_feedback_share,main,3,static,130,0.0858796928958311,0.0780016442506225,0.09361327957751174
3,g0_expected_feedback_share,main,3,static,140,0.0858796928958311,0.0780016442506225,0.09361327957751174
3,g0_expected_feedback_share,main,3,static,150,0.0858796928958311,0.0780016442506225,0.09361327957751174
3,g0_expected_feedback_share,main,3,static,160,0.0858796928958311,0.0780016442506225,0.09361327957751174
3,g0_expected_feedback_share,main,3,static,170,0.0858796928958311,0.0780016442506225,0.09361327957751174
3,g0_expected_feedback_share,main,3,static,180,0.0858796928958311,0.0780016442506225,0.09361327957751174
3,g0_expected_feedback_share,main,3,static,190,0.0858796928958311,0.0780016442506225,0.09361327957751174
3,g0_expected_feedback_share,main,3,static,200,0.0858796928958311,0.0780016442506225,0.09361327957751174
3,g0_expected_feedback_share,main,3,static,210,0.0858796928958311,0.0780016442506225,0.09361327957751174
3,g0_expected_feedback_share,main,3,static,220,0.0858796928958311,0.0780016442506225,0.09361327957751174
3,g0_expected_feedback_share,main,3,static,230,0.0858796928958311,0.0780016442506225,0.09361327957751174
3,g0_expected_feedback_share,main,3,static,240,0.0858796928958311,0.0780016442506225,0.09361327957751174
3,g0_expected_feedback_share,main,3,static,250,0.0858796928958311,0.0780016442506225,0.09361327957751174
3,g0_expected_feedback_share,main,3,quota,0,0.33333333333333326,0.33333333333333326,0.33333333333333326
3,g0_expected_feedback_share,main,3,quota,10,0.33333333333333326,0.33333333333333326,0.33333333333333326
3,g0_expected_feedback_share,main,3,quota,20,0.33333333333333326,0.33333333333333326,0.33333333333333326
3,g0_expected_feedback_share,main,3,quota,30,0.33333333333333326,0.33333333333333326,0.33333333333333326
3,g0_expected_feedback_share,main,3,quota,40,0.33333333333333326,0.33333333333333326,0.33333333333333326
3,g0_expected_feedback_share,main,3,quota,50,0.33333333333333326,0.33333333333333326,0.33333333333333326
3,g0_expected_feedback_share,main,3,quota,60,0.33333333333333326,0.33333333333333326,0.33333333333333326
3,g0_expected_feedback_share,main,3,quota,70,0.33333333333333326,0.33333333333333326,0.33333333333333326
3,g0_expected_feedback_share,main,3,quota,80,0.33333333333333326,0.33333333333333326,0.33333333333333326
3,g0_expected_feedback_share,main,3,quota,90,0.33333333333333326,0.33333333333333326,0.33333333333333326
3,g0_expected_feedback_share,main,3,quota,100,0.33333333333333326,0.33333333333333326,0.33333333333333326
3,g0_expected_feedback_share,main,3,quota,110,0.33333333333333326,0.33333333333333326,0.33333333333333326
3,g0_expected_feedback_share,main,3,quota,120,0.33333333333333326,0.33333333333333326,0.33333333333333326
3,g0_expected_feedback_share,main,3,quota,130,0.33333333333333326,0.33333333333333326,0.33333333333333326
3,g0_expected_feedback_share,main,3,quota,140,0.33333333333333326,0.33333333333333326,0.33333333333333326
3,g0_expected_feedback_share,main,3,quota,150,0.33333333333333326,0.33333333333333326,0.33333333333333326
3,g0_expected_feedback_share,main,3,quota,160,0.33333333333333326,0.33333333333333326,0.33333333333333326
3,g0_expected_feedback_share,main,3,quota,170,0.33333333333333326,0.33333333333333326,0.33333333333333326
3,g0_expected_feedback_share,main,3,quota,180,0.33333333333333326,0.33333333333333326,0.33333333333333326
3,g0_expected_feedback_share,main,3,quota,190,0.33333333333333326,0.33333333333333326,0.33333333333333326
3,g0_expected_feedback_share,main,3,quota,200,0.33333333333333326,0.33333333333333326,0.33333333333333326
3,g0_expected_feedback_share,main,3,quota,210,0.33333333333333326,0.33333333333333326,0.33333333333333326
3,g0_expected_feedback_share,main,3,quota,220,0.33333333333333326,0.33333333333333326,0.33333333333333326
3,g0_expected_feedback_share,main,3,quota,230,0.33333333333333326,0.33333333333333326,0.33333333333333326
3,g0_expected_feedback_share,main,3,quota,240,0.33333333333333326,0.33333333333333326,0.33333333333333326
3,g0_expected_feedback_share,main,3,quota,250,0.33333333333333326,0.33333333333333326,0.33333333333333326
3,g0_expected_feedback_share,main,3,ipw,0,0.0858796928958311,0.0780016442506225,0.09361327957751174
3,g0_expected_feedback_share,main,3,ipw,10,0.08535003712656301,0.07742392173233847,0.09335260227614614
3,g0_expected_feedback_share,main,3,ipw,20,0.08502382726162952,0.07669196179359353,0.09322699755232523
3,g0_expected_feedback_share,main,3,ipw,30,0.08459751039990014,0.07622852013150103,0.09272530120890912
3,g0_expected_feedback_share,main,3,ipw,40,0.08354906977106345,0.07470112020795128,0.09227820946835982
3,g0_expected_feedback_share,main,3,ipw,50,0.08304771536934966,0.07432653231269558,0.09162119222106349
3,g0_expected_feedback_share,main,3,ipw,60,0.08301916093177948,0.07447156164296502,0.09148270116694555
3,g0_expected_feedback_share,main,3,ipw,70,0.0849587102970237,0.07634991619973697,0.09345072701954098
3,g0_expected_feedback_share,main,3,ipw,80,0.08513241086384703,0.07657380071459553,0.09337348193958148
3,g0_expected_feedback_share,main,3,ipw,90,0.08359379340071339,0.0753963987427892,0.09172332086344352
3,g0_expected_feedback_share,main,3,ipw,100,0.08311249769653986,0.07510645587875985,0.09103867216070209
3,g0_expected_feedback_share,main,3,ipw,110,0.08326357465440584,0.07539117431977908,0.09104062535249478
3,g0_expected_feedback_share,main,3,ipw,120,0.08295110137221293,0.0749381562094546,0.0910050845965473
3,g0_expected_feedback_share,main,3,ipw,130,0.08356377603593282,0.07527631722490832,0.09179805342515304
3,g0_expected_feedback_share,main,3,ipw,140,0.0833274082814455,0.07466490185206832,0.09181490673941405
3,g0_expected_feedback_share,main,3,ipw,150,0.08412679357485064,0.07544460943170735,0.09251858780167241
3,g0_expected_feedback_share,main,3,ipw,160,0.08280814787712995,0.07431083393973847,0.09132896939188412
3,g0_expected_feedback_share,main,3,ipw,170,0.08308894935508415,0.0748691234021704,0.09123232488007949
3,g0_expected_feedback_share,main,3,ipw,180,0.08320667192789664,0.07523914205492721,0.09108706229966922
3,g0_expected_feedback_share,main,3,ipw,190,0.08276746362245883,0.07469082101638858,0.09072174555650632
3,g0_expected_feedback_share,main,3,ipw,200,0.08340036338759246,0.07540420031743075,0.09132902016698384
3,g0_expected_feedback_share,main,3,ipw,210,0.08326992817094257,0.07480236369227718,0.09174381663317714
3,g0_expected_feedback_share,main,3,ipw,220,0.0829482315373702,0.07441402181329623,0.09149412319661485
3,g0_expected_feedback_share,main,3,ipw,230,0.0826616336371661,0.07408694019978453,0.0912828891400489
3,g0_expected_feedback_share,main,3,ipw,240,0.08309154319432006,0.0744454699750358,0.09159745835088282
3,g0_expected_feedback_share,main,3,ipw,250,0.08275950129211068,0.07423975162550017,0.09120261794286942
4,g0_risk,main,3.0,endogenous minus static,mean last 50 rounds,0.7337720789610263,0.5158086270726145,0.8971166793550999
4,g0_risk,main,3.0,endogenous minus quota,mean last 50 rounds,1.0239792503021485,0.7522689812336001,1.225217737602395
4,g0_risk,main,3.0,endogenous minus ipw,mean last 50 rounds,1.0032877740566957,0.736481379179707,1.19947810014566
4,g0_risk,main,0.0,endogenous minus static,mean last 50 rounds,0.0,0.0,0.0
4,g0_risk,main,1.5,endogenous minus static,mean last 50 rounds,0.5928570530927925,0.5303643130862399,0.6591902034023519
4,g0_risk,main,3.0,endogenous minus static,mean last 50 rounds,0.7337720789610263,0.5158086270726145,0.8971166793550999
4,g0_risk,symmetric,0.0,endogenous minus static,mean last 50 rounds,0.0,0.0,0.0
4,g0_risk,symmetric,1.5,endogenous minus static,mean last 50 rounds,0.027252231191607496,-0.0448100602538044,0.09742250432724801
4,g0_risk,symmetric,3.0,endogenous minus static,mean last 50 rounds,0.4824576919908413,0.1474809300132507,0.8000560330550169
4,g0_risk,no_conflict,0.0,endogenous minus static,mean last 50 rounds,0.0,0.0,0.0
4,g0_risk,no_conflict,1.5,endogenous minus static,mean last 50 rounds,0.0,0.0,0.0
4,g0_risk,no_conflict,3.0,endogenous minus static,mean last 50 rounds,0.0,0.0,0.0
