beta,fixed_point,update_slope,locally_stable,residual
0.0,0.0,0.95,True,0.0
0.05,0.0,0.9504049570445132,True,0.0
0.1,0.0,0.9508446307373719,True,0.0
0.15000000000000002,0.0,0.951320721140397,True,0.0
0.2,0.0,0.9518349356973289,True,0.0
0.25,0.0,0.9523889803758526,True,0.0
0.30000000000000004,0.0,0.9529845498311361,True,0.0
0.35000000000000003,0.0,0.9536233165679877,True,0.0
0.4,0.0,0.9543069190884929,True,0.0
0.45,0.0,0.9550369490234341,True,0.0
0.5,0.0,0.9558149372589575,True,0.0
0.55,0.0,0.956642339084861,True,0.0
0.6000000000000001,0.0,0.9575205184074949,True,0.0
0.65,0.0,0.9584507310885362,True,0.0
0.7000000000000001,0.0,0.9594341074906754,True,0.0
0.75,0.0,0.9604716343323791,True,0.0
0.8,0.0,0.9615641359760977,True,0.0
0.8500000000000001,0.0,0.9627122552972773,True,0.0
0.9,0.0,0.9639164343049257,True,0.0
0.9500000000000001,0.0,0.965176894707815,True,0.0
1.0,0.0,0.9664936186431955,True,0.0
1.05,0.0,0.9678663298065386,True,0.0
1.1,0.0,0.969294475240738,True,0.0
1.1500000000000001,0.0,0.9707772080606956,True,0.0
1.2000000000000002,0.0,0.9723133714036333,True,0.0
1.25,0.0,0.9739014839061135,True,0.0
1.3,0.0,0.9755397270149583,True,0.0
1.35,0.0,0.9772259344403885,True,0.0
1.4000000000000001,0.0,0.978957584055207,True,0.0
1.4500000000000002,0.0,0.9807317925332341,True,0.0
1.5,0.0,0.982545313003115,True,0.0
1.55,0.0,0.9843945359698263,True,0.0
1.6,0.0,0.9862754937256385,True,0.0
1.6500000000000001,0.0,0.9881838684350618,True,0.0
1.7000000000000002,0.0,0.9901150040346935,True,0.0
1.75,0.0,0.9920639220393932,True,0.0
1.8,0.0,0.9940253412915168,True,0.0
1.85,0.0,0.9959937016309156,True,0.0
1.9000000000000001,0.0,0.9979631914010918,True,0.0
1.9500000000000002,0.0,0.9999277786425068,True,0.0
2.0,-0.21378356532,0.9961242509371259,True,-2.349231920106831e-13
2.0,0.0,1.001881245758883,False,0.0
2.0,0.21378356532,0.9961242509371259,True,2.349231920106831e-13
2.0500000000000003,-0.27686542485,0.9924368892541894,True,5.644373857194296e-13
2.0500000000000003,0.0,1.003817227377846,False,0.0
2.0500000000000003,0.27686542485,0.9924368892541894,True,-5.644373857194296e-13
2.1,-0.31546222466,0.9892312274704432,True,-1.024846874031482e-12
2.1,0.0,1.0057292510649047,False,0.0
2.1,0.31546222466,0.9892312274704432,True,1.024846874031482e-12
2.15,-0.34262321074,0.9864652369227079,True,-1.620370504440416e-13
2.15,0.0,1.0076107804910492,False,0.0
2.15,0.34262321074,0.9864652369227079,True,1.620370504440416e-13
2.2,-0.36306498115,0.984080695490127,True,4.587996649263459e-13
2.2,0.0,1.0094552606006248,False,0.0
2.2,0.36306498115,0.984080695490127,True,-4.587996649263459e-13
2.25,-0.3790750916,0.9820246606966612,True,-1.915134717478395e-14
2.25,0.0,1.011256164279021,False,0.0
2.25,0.3790750916,0.9820246606966612,True,1.915134717478395e-14
2.3000000000000003,-0.39194875216,0.9802521748337966,True,-1.6694978732800791e-12
2.3000000000000003,0.0,1.0130070399803472,False,0.0
2.3000000000000003,0.39194875216,0.9802521748337966,True,1.6694978732800791e-12
2.35,-0.40249435953,0.9787255942414803,True,-2.603472992745992e-13
2.35,0.0,1.0147015597448106,False,0.0
2.35,0.40249435953,0.9787255942414803,True,2.603472992745992e-13
2.4000000000000004,-0.41125157212,0.9774133892693135,True,6.475930902638538e-13
2.4000000000000004,0.0,1.0163335670148592,False,0.0
2.4000000000000004,0.41125157212,0.9774133892693135,True,-6.475930902638538e-13
2.45,-0.41859881748,0.9762890261838547,True,-1.9009793739144243e-12
2.45,0.0,1.0178971236490546,False,0.0
2.45,0.41859881748,0.9762890261838547,True,1.9009793739144243e-12
2.5,-0.42481159703,0.9753300424555394,True,2.4311108681729365e-12
2.5,0.0,1.019386555533501,False,0.0
2.5,0.42481159703,0.9753300424555394,True,-2.4311108681729365e-12
2.5500000000000003,-0.43009646642,0.9745173071660836,True,1.1184386750073827e-12
2.5500000000000003,0.0,1.0207964962027372,False,0.0
2.5500000000000003,0.43009646642,0.9745173071660836,True,-1.1184386750073827e-12
2.6,-0.43461198841,0.9738344338321181,True,-8.51096970677645e-13
2.6,0.0,1.0221219279051572,False,0.0
2.6,0.43461198841,0.9738344338321181,True,8.510414595264137e-13
2.6500000000000004,-0.43848225282,0.9732673132023013,True,2.7150504067208203e-13
2.6500000000000004,0.0,1.023358219581948,False,0.0
2.6500000000000004,0.43848225282,0.9732673132023013,True,-2.7150504067208203e-13
2.7,-0.44180593249,0.9728037392457703,True,-4.015676680069191e-13
2.7,0.0,1.0245011612725645,False,0.0
2.7,0.44180593249,0.9728037392457703,True,4.015676680069191e-13
2.75,-0.44466254176,0.9724331075047926,True,-1.2493339696106887e-12
2.75,0.0,1.0255469945130324,False,0.0
2.75,0.44466254176,0.9724331075047926,True,1.2492784584594574e-12
2.8000000000000003,-0.44711687772,0.9721461699210995,True,-4.199973702156967e-13
2.8000000000000003,0.0,1.0264924383547527,False,0.0
2.8000000000000003,0.44711687772,0.9721461699210995,True,4.1994185906446546e-13
2.85,-0.44922224429,0.9719348340450762,True,-4.0084602304091277e-13
2.85,0.0,1.0273347106996589,False,0.0
2.85,0.44922224429,0.9719348340450762,True,4.0084602304091277e-13
2.9000000000000004,-0.45102283909,0.9717919974091543,True,-1.1751710715657282e-12
2.9000000000000004,0.0,1.0280715447210567,False,0.0
2.9000000000000004,0.45102283909,0.9717919974091543,True,1.175115560414497e-12
2.95,-0.45255555086,0.9717114099949429,True,2.2562507417944744e-12
2.95,0.0,1.0287012002166316,False,0.0
2.95,0.45255555086,0.9717114099949429,True,-2.2562507417944744e-12
3.0,-0.45385133322,0.9716875593289809,True,-7.170930516053886e-13
3.0,0.0,1.0292224698192578,False,0.0
3.0,0.45385133322,0.9716875593289809,True,7.171485627566199e-13
3.0500000000000003,-0.45493626843,0.9717155739409346,True,1.2290168882600483e-13
3.0500000000000003,0.0,1.0296346800706224,False,0.0
3.0500000000000003,0.45493626843,0.9717155739409346,True,-1.2290168882600483e-13
3.1,-0.45583240021,0.9717911418535955,True,-2.657318809440312e-13
3.1,0.0,1.0299376874405985,False,0.0
3.1,0.45583240021,0.9717911418535955,True,2.657318809440312e-13
3.1500000000000004,-0.45655839223,0.9719104414482337,True,1.9759749392278536e-12
3.1500000000000004,0.0,1.030131869450072,False,0.0
3.1500000000000004,0.45655839223,0.9719104414482337,True,-1.9759749392278536e-12
3.2,-0.4571300528,0.9720700826102326,True,-2.523592446124212e-12
3.2,0.0,1.030218111125029,False,0.0
3.2,0.4571300528,0.9720700826102326,True,2.523592446124212e-12
3.25,-0.45756075576,0.9722670564604383,True,-2.1163071295404734e-12
3.25,0.0,1.0301977870737202,False,0.0
3.25,0.45756075576,0.9722670564604383,True,2.1163071295404734e-12
3.3000000000000003,-0.45786177944,0.9724986923257781,True,7.888134589961737e-13
3.3000000000000003,0.0,1.0300727395354425,False,0.0
3.3000000000000003,0.45786177944,0.9724986923257781,True,-7.888134589961737e-13
3.35,-0.45804258042,0.9727626208439799,True,-1.20525811553307e-12
3.35,0.0,1.0298452527979187,False,0.0
3.35,0.45804258042,0.9727626208439799,True,1.20525811553307e-12
3.4000000000000004,-0.45811101449,0.9730567423184934,True,2.603472992745992e-12
3.4000000000000004,0.0,1.0295180244196591,False,0.0
3.4000000000000004,0.45811101449,0.9730567423184934,True,-2.603472992745992e-12
3.45,-0.45807351408,0.973379199612458,True,6.4742655681016e-13
3.45,0.0,1.0290941337235717,False,0.0
3.45,0.45807351408,0.973379199612458,True,-6.4742655681016e-13
3.5,-0.45793522953,0.9737283549943887,True,1.0941247907680918e-13
3.5,0.0,1.0285770080482017,False,0.0
3.5,0.45793522953,0.9737283549943887,True,-1.0941247907680918e-13
3.5500000000000003,-0.45770013924,0.9741027704877819,True,2.4857338409844942e-12
3.5500000000000003,0.0,1.0279703872533674,False,0.0
3.5500000000000003,0.45770013924,0.9741027704877819,True,-2.4857338409844942e-12
3.6,-0.45737113273,0.974501191361536,True,-1.3296030942910875e-12
3.6,0.0,1.0272782869778687,False,0.0
3.6,0.45737113273,0.974501191361536,True,1.3296030942910875e-12
3.6500000000000004,-0.45695006933,0.9749225324941418,True,1.5509815654013437e-13
3.6500000000000004,0.0,1.02650496113889,False,0.0
3.6500000000000004,0.45695006933,0.9749225324941418,True,-1.5509815654013437e-13
3.7,-0.45643781394,0.97536586743805,True,6.266653862496696e-13
3.7,0.0,1.0256548641463756,False,0.0
3.7,0.45643781394,0.97536586743805,True,-6.266098750984384e-13
3.75,-0.4558342508,0.9758304200766865,True,-4.755640325981858e-13
3.75,0.0,1.024732613281908,False,0.0
3.75,0.4558342508,0.9758304200766865,True,4.755640325981858e-13
3.8000000000000003,-0.45513827483,0.9763155588689632,True,-5.028755190039647e-13
3.8000000000000003,0.0,1.0237429516614185,False,0.0
3.8000000000000003,0.45513827483,0.9763155588689632,True,5.028755190039647e-13
3.85,-0.45434775929,0.9768207937640452,True,4.7883919052083e-13
3.85,0.0,1.0226907121655529,False,0.0
3.85,0.45434775929,0.9768207937640452,True,-4.787281682183675e-13
3.9000000000000004,-0.45345949731,0.9773457759826376,True,-9.75108882528275e-13
3.9000000000000004,0.0,1.02158078268176,False,0.0
3.9000000000000004,0.45345949731,0.9773457759826376,True,9.75108882528275e-13
3.95,-0.4524691134,0.9778903010003198,True,-6.8273164899324e-13
3.95,0.0,1.0204180729594088,False,0.0
3.95,0.4524691134,0.9778903010003198,True,6.8273164899324e-13
4.0,-0.4513709391,0.9784543152522776,True,-1.7746915048633127e-12
4.0,0.0,1.019207483334539,False,0.0
4.0,0.4513709391,0.9784543152522776,True,1.7746915048633127e-12
4.05,-0.45015784465,0.9790379273130607,True,-1.036892793848665e-12
4.05,0.0,1.0179538755353406,False,0.0
4.05,0.45015784465,0.9790379273130607,True,1.036892793848665e-12
4.1000000000000005,-0.44882101488,0.9796414246487904,True,-1.056932319443149e-12
4.1000000000000005,0.0,1.0166620457341407,False,0.0
4.1000000000000005,0.44882101488,0.9796414246487904,True,1.056932319443149e-12
4.15,-0.44734965285,0.9802652975067979,True,5.657141421977485e-13
4.15,0.0,1.0153366999674525,False,0.0
4.15,0.44734965285,0.9802652975067979,True,-5.65825164500211e-13
4.2,-0.44573058738,0.9809102722112633,True,-3.8480330033507926e-13
4.2,0.0,1.0139824320033233,False,0.0
4.2,0.44573058738,0.9809102722112633,True,3.8480330033507926e-13
4.25,-0.44394775007,0.9815773571647545,True,-1.0172418463127997e-12
4.25,0.0,1.0126037036954842,False,0.0
4.25,0.44394775007,0.9815773571647545,True,1.0172418463127997e-12
4.3,-0.44198147059,0.9822679064621154,True,2.2498669594028797e-13
4.3,0.0,1.0112048278271617,False,0.0
4.3,0.44198147059,0.9822679064621154,True,-2.2487567363782546e-13
4.3500000000000005,-0.4398075129,0.9829837085378073,True,-1.154243367551544e-12
4.3500000000000005,0.0,1.0097899534143127,False,0.0
4.3500000000000005,0.4398075129,0.9829837085378073,True,1.1541878564003127e-12
4.4,-0.43739573201,0.9837271113743236,True,-3.7664316110408436e-13
4.4,0.0,1.0083630534087358,False,0.0
4.4,0.43739573201,0.9837271113743236,True,3.765876499528531e-13
4.45,-0.43470815768,0.9845012027349712,True,1.0859091403858656e-12
4.45,0.0,1.006927914716166,False,0.0
4.45,0.43470815768,0.9845012027349712,True,-1.0860201626883281e-12
4.5,-0.43169618266,0.9853100760366854,True,8.841816168114747e-13
4.5,0.0,1.0054881304231313,False,0.0
4.5,0.43169618266,0.9853100760366854,True,-8.841816168114747e-13
4.55,-0.42829629331,0.9861592348938822,True,-6.806222252464522e-13
4.55,0.0,1.0040470941089683,False,0.0
4.55,0.42829629331,0.9861592348938822,True,6.806222252464522e-13
4.6000000000000005,-0.42442330953,0.9870562330404845,True,4.98212582300539e-13
4.6000000000000005,0.0,1.002607996105854,False,0.0
4.6000000000000005,0.42442330953,0.9870562330404845,True,-4.982680934517703e-13
4.65,-0.4199591076,0.9880117375883529,True,-5.238587341693801e-13
4.65,0.0,1.0011738215597896,False,0.0
4.65,0.4199591076,0.9880117375883529,True,5.238587341693801e-13
4.7,-0.41473251299,0.9890414114300397,True,-6.377121053446899e-13
4.7,-0.04559286207,1.0004902889811853,False,2.896988204881268e-14
4.7,0.0,0.9997473501389132,True,0.0
4.7,0.04559286207,1.0004902889811853,False,-2.896988204881268e-14
4.7,0.41473251299,0.9890414114300397,True,6.378231276471524e-13
4.75,-0.40848015434,0.9901695402285613,True,-8.759104552780173e-13
4.75,-0.11946658597,1.0027037491371038,False,-1.650068970349139e-14
4.75,0.0,0.9983311572320422,True,0.0
4.75,0.11946658597,1.0027037491371038,False,1.650068970349139e-14
4.75,0.40848015434,0.9901695402285613,True,8.759104552780173e-13
4.800000000000001,-0.40076035223,0.9914369002224557,True,6.799005802804459e-13
4.800000000000001,-0.16597882348,1.004045671441274,False,-2.013944566670034e-13
4.800000000000001,0.0,0.9969276164796038,True,0.0
4.800000000000001,0.16597882348,1.004045671441274,False,2.013944566670034e-13
4.800000000000001,0.40076035223,0.9914369002224557,True,-6.798450691292146e-13
4.8500000000000005,-0.39072549431,0.9929211812454033,True,-2.2620794126737565e-13
4.8500000000000005,-0.20616809783,1.0045437556105843,False,-2.9898306053155466e-13
4.8500000000000005,0.0,0.9955389034807819,True,0.0
4.8500000000000005,0.20616809783,1.0045437556105843,False,2.9898306053155466e-13
4.8500000000000005,0.39072549431,0.9929211812454033,True,2.2620794126737565e-13
4.9,-0.3762930396,0.9948096094259644,True,1.0486056467584604e-13
4.9,-0.24611869377,1.0040960735269802,False,-1.3616885397027545e-13
4.9,0.0,0.9941670005244421,True,0.0
4.9,0.24611869377,1.0040960735269802,False,1.3616885397027545e-13
4.9,0.3762930396,0.9948096094259644,True,-1.0486056467584604e-13
4.95,-0.34677279346,0.9980204370187231,True,-3.519406988061746e-14
4.95,-0.29816844516,1.0018537589060503,False,9.9253938401489e-14
4.95,0.0,0.9928137021968513,True,0.0
4.95,0.29816844516,1.0018537589060503,False,-9.919842725025774e-14
4.95,0.34677279346,0.9980204370187231,True,3.519406988061746e-14
5.0,0.0,0.9914806217260649,True,0.0
5.050000000000001,0.0,0.9901691979308025,True,0.0
5.1000000000000005,0.0,0.9888807026503891,True,0.0
5.15,0.0,0.9876162485416418,True,0.0
5.2,0.0,0.9863767971382141,True,0.0
5.25,0.0,0.9851631670776474,True,0.0
5.300000000000001,0.0,0.983976042411076,True,0.0
5.3500000000000005,0.0,0.9828159809200246,True,0.0
5.4,0.0,0.9816834223739125,True,0.0
5.45,0.0,0.9805786966706429,True,0.0
5.5,0.0,0.9795020318109472,True,0.0
5.550000000000001,0.0,0.9784535616648925,True,0.0
5.6000000000000005,0.0,0.9774333334961552,True,0.0
5.65,0.0,0.97644131521625,True,0.0
5.7,0.0,0.9754774023469152,True,0.0
5.75,-0.81258417803,0.9944672910882457,True,3.708144902248023e-14
5.75,-0.74319221757,1.0044690014903548,False,4.213296378452469e-13
5.75,0.0,0.9745414246742726,True,0.0
5.75,0.74319221757,1.0044690014903548,False,-4.213296378452469e-13
5.75,0.81258417803,0.9944672910882457,True,-3.708144902248023e-14
5.800000000000001,-0.83159102062,0.9903671114822631,True,-1.8418599978531347e-13
5.800000000000001,-0.71601580884,1.0067453381042322,False,8.415490526658687e-14
5.800000000000001,0.0,0.9736331525832252,True,0.0
5.800000000000001,0.71601580884,1.0067453381042322,False,-8.415490526658687e-14
5.800000000000001,0.83159102062,0.9903671114822631,True,1.8418599978531347e-13
5.8500000000000005,-0.84362562599,0.9874001218705514,True,-1.9939605522267811e-13
5.8500000000000005,-0.69617102187,1.0080073667651124,False,-3.497202527569243e-13
5.8500000000000005,0.0,0.9727523030648549,True,0.0
5.8500000000000005,0.69617102187,1.0080073667651124,False,3.497202527569243e-13
5.8500000000000005,0.84362562599,0.9874001218705514,True,1.9939605522267811e-13
5.9,-0.85269192848,0.9849565328468615,True,-8.348877145181177e-14
5.9,-0.6797026054,1.0088762998529084,False,3.552713678800501e-13
5.9,0.0,0.9718985453933553,True,0.0
5.9,0.6797026054,1.0088762998529084,False,-3.552713678800501e-13
5.9,0.85269192848,0.9849565328468615,True,8.348877145181177e-14
5.95,-0.8600080124,0.9828440884571366,True,-6.866729407306593e-13
5.95,-0.66543551886,1.0095533794989675,False,7.198686091669515e-13
5.95,0.0,0.971071506472313,True,0.0
5.95,0.66543551886,1.0095533794989675,False,-7.198686091669515e-13
5.95,0.8600080124,0.9828440884571366,True,6.867839630331218e-13
6.0,-0.86614023608,0.9809702121516078,True,1.5305534617482408e-12
6.0,-0.65283684186,1.0101370619359051,False,-1.0121903315507552e-12
6.0,0.0,0.9702707758529707,True,0.0
6.0,0.65283684186,1.0101370619359051,False,1.0121903315507552e-12
6.0,0.86614023608,0.9809702121516078,True,-1.5305534617482408e-12
6.050000000000001,-0.8714067556,0.9792810436134778,True,1.9012569296705806e-12
6.050000000000001,-0.64160917633,1.0106836273780058,False,6.504796701278792e-13
6.050000000000001,0.0,0.9694959104294999,True,0.0
6.050000000000001,0.64160917633,1.0106836273780058,False,-6.504796701278792e-13
6.050000000000001,0.8714067556,0.9792810436134778,True,-1.9012569296705806e-12
6.1000000000000005,-0.87600736524,0.9777415579712182,True,-1.9556578578772132e-12
6.1000000000000005,-0.63155928109,1.0112270983467677,False,-4.4075854077618715e-14
6.1000000000000005,0.0,0.9687464388183142,True,0.0
6.1000000000000005,0.63155928109,1.0112270983467677,False,4.4075854077618715e-14
6.1000000000000005,0.87600736524,0.9777415579712182,True,1.9556578578772132e-12
6.15,-0.88007720548,0.9763272308368058,True,2.061573134426453e-12
6.15,-0.62254463797,1.0117879773566298,False,-4.418687638008123e-13
6.15,0.0,0.9680218654301052,True,0.0
6.15,0.62254463797,1.0117879773566298,False,4.418687638008123e-13
6.15,0.88007720548,0.9763272308368058,True,-2.0614621121239907e-12
6.2,-0.88371268761,0.9750199597416128,True,-2.496891582381977e-12
6.2,-0.61444937197,1.0123779815269565,False,-1.0182965581861936e-12
6.2,0.0,0.9673216742446098,True,0.0
6.2,0.61444937197,1.0123779815269565,False,1.0182965581861936e-12
6.2,0.88371268761,0.9750199597416128,True,2.496891582381977e-12
6.25,-0.88698541137,0.9738058438957959,True,-3.1608049511078207e-13
6.25,-0.60717317901,1.0130030218921333,False,6.147304887349492e-13
6.25,0.0,0.9666453322991665,True,0.0
6.25,0.60717317901,1.0130030218921333,False,-6.147304887349492e-13
6.25,0.88698541137,0.9738058438957959,True,3.1608049511078207e-13
6.300000000000001,-0.88995024479,0.9726738768783738,True,1.6794343693504743e-12
6.300000000000001,-0.60062642644,1.0136652371168398,False,-2.5157653738006047e-13
6.300000000000001,0.0,0.9659922929028992,True,0.0
6.300000000000001,0.60062642644,1.0136652371168398,False,2.5146551507759796e-13
6.300000000000001,0.88995024479,0.9726738768783738,True,-1.6794343693504743e-12
6.3500000000000005,-0.89265030672,0.9716151287895421,True,-1.7486012637846216e-12
6.3500000000000005,-0.59472813921,1.0143644162041083,False,4.050093593832571e-13
6.3500000000000005,0.0,0.9653619985889382,True,0.0
6.3500000000000005,0.59472813921,1.0143644162041083,False,-4.050093593832571e-13
6.3500000000000005,0.89265030672,0.9716151287895421,True,1.7486012637846216e-12
6.4,-0.89512019034,0.9706222093602832,True,4.4841907964610073e-13
6.4,-0.58940520602,1.0150989825937562,False,4.078959392472825e-13
6.4,0.0,0.9647538838174535,True,0.0
6.4,0.58940520602,1.0150989825937562,False,-4.078959392472825e-13
6.4,0.89512019034,0.9706222093602832,True,-4.4841907964610073e-13
6.45,-0.89738813188,0.969688901367413,True,4.120037644383956e-13
6.45,-0.58459198631,1.015866654268838,False,6.838973831690964e-14
6.45,0.0,0.9641673774424735,True,0.0
6.45,0.58459198631,1.015866654268838,False,-6.838973831690964e-14
6.45,0.89738813188,0.969688901367413,True,-4.120037644383956e-13
6.5,-0.8994775182,0.9688099019656321,True,1.4380718837969653e-12
6.5,-0.58022995894,1.0166648682457948,False,5.329070518200751e-15
6.5,0.0,0.9636019049555166,True,0.0
6.5,0.58022995894,1.0166648682457948,False,-5.329070518200751e-15
6.5,0.8994775182,0.9688099019656321,True,-1.4380718837969653e-12
6.550000000000001,-0.90140796395,0.9679806350628037,True,2.098765605751396e-12
6.550000000000001,-0.57626729199,1.0174910394007266,False,-9.277023593767808e-13
6.550000000000001,0.0,0.9630568905189902,True,0.0
6.550000000000001,0.57626729199,1.0174910394007266,False,9.277023593767808e-13
6.550000000000001,0.90140796395,0.9679806350628037,True,-2.098765605751396e-12
6.6000000000000005,-0.90319609969,0.967197111938207,True,2.5389690350152705e-12
6.6000000000000005,-0.57265832397,1.0183427073082258,False,-1.333599897179738e-12
6.6000000000000005,0.0,0.9625317588021387,True,0.0
6.6000000000000005,0.57265832397,1.0183427073082258,False,1.333599897179738e-12
6.6000000000000005,0.90319609969,0.967197111938207,True,-2.539080057317733e-12
6.65,-0.90485616044,0.9664558255502727,True,2.2088997297942115e-12
6.65,-0.56936298792,1.019217610423306,False,8.26116952623579e-13
6.65,0.0,0.9620259366320572,True,0.0
6.65,0.56936298792,1.019217610423306,False,-8.26116952623579e-13
6.65,0.90485616044,0.9664558255502727,True,-2.2088997297942115e-12
6.7,-0.90640043317,0.9657536689300517,True,3.8391512191537913e-13
6.7,-0.56634621699,1.0201137151449937,False,-1.4643841694805815e-12
6.7,0.0,0.9615388544719603,True,0.0
6.7,0.56634621699,1.0201137151449937,False,1.4643841694805815e-12
6.7,0.90640043317,0.9657536689300517,True,-3.8391512191537913e-13
6.75,-0.90783960248,0.9650878711601334,True,2.0933255129307327e-12
6.75,-0.56357736334,1.0210292182705785,False,-2.0605739337042905e-13
6.75,0.0,0.9610699477385058,True,0.0
6.75,0.56357736334,1.0210292182705785,False,2.0594637106796654e-13
6.75,0.90783960248,0.9650878711601334,True,-2.0933255129307327e-12
6.800000000000001,-0.90918302139,0.9644559464395375,True,2.5249802249049935e-12
6.800000000000001,-0.56102965228,1.0219625348290606,False,2.0836665726164938e-12
6.800000000000001,0.0,0.9606186579695435,True,0.0
6.800000000000001,0.56102965228,1.0219625348290606,False,-2.0836665726164938e-12
6.800000000000001,0.90918302139,0.9644559464395375,True,-2.5249802249049935e-12
6.8500000000000005,-0.91043892622,0.9638556530340416,True,-3.1652458432063213e-13
6.8500000000000005,-0.55867968373,1.0229122787794613,False,-1.3410383914447266e-12
6.8500000000000005,0.0,0.9601844338531936,True,0.0
6.8500000000000005,0.55867968373,1.0229122787794613,False,1.341149413747189e-12
6.8500000000000005,0.91043892622,0.9638556530340416,True,3.1652458432063213e-13
6.9,-0.91161460902,0.9632849598205101,True,2.626898698565583e-12
6.9,-0.55650698619,1.0238772410733508,False,1.6032730698611886e-12
6.9,0.0,0.9597667321286802,True,0.0
6.9,0.55650698619,1.0238772410733508,False,-1.6032730698611886e-12
6.9,0.91161460902,0.9632849598205101,True,-2.626898698565583e-12
6.95,-0.91271655732,0.9627420187448567,True,6.504796701278792e-13
6.95,-0.55449362369,1.0248563676548246,False,-1.0276224315930449e-12
6.95,0.0,0.9593650183688351,True,0.0
6.95,0.55449362369,1.0248563676548246,False,1.0276224315930449e-12
6.95,0.91271655732,0.9627420187448567,True,-6.504796701278792e-13
7.0,-0.91375056859,0.9622251419162801,True,2.712163826856795e-12
7.0,-0.55262385273,1.0258487387688187,False,-6.118439088709238e-13
7.0,0.0,0.9589787676536882,True,0.0
7.0,0.55262385273,1.0258487387688187,False,6.119549311733863e-13
7.0,0.91375056859,0.9622251419162801,True,-2.7122748491592574e-12
7.050000000000001,-0.91472184462,0.961732782419335,True,-2.224331829836501e-12
7.050000000000001,-0.55088382533,1.0268535502179106,False,-2.5579538487363607e-13
7.050000000000001,0.0,0.9586074651440438,True,0.0
7.050000000000001,0.55088382533,1.0268535502179106,False,2.5579538487363607e-13
7.050000000000001,0.91472184462,0.961732782419335,True,2.224331829836501e-12
7.1000000000000005,-0.91563507014,0.9612635180882374,True,-1.3072876114961218e-12
7.1000000000000005,-0.54926133303,1.0278700967816625,False,-9.43023437116608e-13
7.1000000000000005,0.0,0.9582506065634412,True,0.0
7.1000000000000005,0.54926133303,1.0278700967816625,False,9.43023437116608e-13
7.1000000000000005,0.91563507014,0.9612635180882374,True,1.3073986337985843e-12
7.15,-0.91649447859,0.9608160377145762,True,-3.840594509085804e-12
7.15,-0.54774558698,1.028897757773269,False,-2.8811397712047437e-12
7.15,0.0,0.9579076985963934,True,0.0
7.15,0.54774558698,1.028897757773269,False,2.8811397712047437e-12
7.15,0.91649447859,0.9608160377145762,True,3.8407055313882665e-12
7.2,-0.91730390771,0.9603891292185711,True,3.8828940063240225e-12
7.2,-0.54632702932,1.0299359845860019,False,2.32269758981829e-12
7.2,0.0,0.9575782592103133,True,0.0
7.2,0.54632702932,1.0299359845860019,False,-2.32269758981829e-12
7.2,0.91730390771,0.9603891292185711,True,-3.88278298402156e-12
7.25,-0.9180668466,0.9599816694705653,True,1.3067324999838092e-12
7.25,-0.54499717159,1.0309842900257031,False,-1.053268583461886e-12
7.25,0.0,0.9572618179080605,True,0.0
7.25,0.54499717159,1.0309842900257031,False,1.053268583461886e-12
7.25,0.9180668466,0.9599816694705653,True,-1.3067324999838092e-12
7.300000000000001,-0.91878647604,0.9595926154509921,True,7.778222510523847e-13
7.300000000000001,-0.54374845609,1.0320422392156454,False,5.88418203051333e-15
7.300000000000001,0.0,0.9569579159175814,True,0.0
7.300000000000001,0.54374845609,1.0320422392156454,False,-5.88418203051333e-15
7.300000000000001,0.91878647604,0.9595926154509921,True,-7.778222510523847e-13
7.3500000000000005,-0.91946570296,0.9592209965649585,True,6.945555242054979e-13
7.3500000000000005,-0.54257413712,1.0331094418570403,False,3.952393967665557e-14
7.3500000000000005,0.0,0.9566661063246747,True,0.0
7.3500000000000005,0.54257413712,1.0331094418570403,False,-3.952393967665557e-14
7.3500000000000005,0.91946570296,0.9592209965649585,True,-6.946665465079604e-13
7.4,-0.92010719024,0.9588659079048634,True,5.302425165609748e-13
7.4,-0.54146817889,1.0341855456561173,False,-5.486722187697524e-13
7.4,0.0,0.9563859541544902,True,0.0
7.4,0.54146817889,1.0341855456561173,False,5.486722187697524e-13
7.4,0.92010719024,0.9588659079048634,True,-5.302425165609748e-13
7.45,-0.92071338251,0.9585265043275123,True,-3.3166802637651926e-12
7.45,-0.54042516776,1.035270230741861,False,2.7258195700596843e-12
7.45,0.0,0.956117036406963,True,0.0
7.45,0.54042516776,1.035270230741861,False,-2.725930592362147e-12
7.45,0.92071338251,0.9585265043275123,True,3.3166802637651926e-12
7.5,-0.92128652863,0.9582019952199429,True,1.077804512306102e-12
7.5,-0.53944023666,1.0363632049233944,False,-3.5933478415017817e-12
7.5,0.0,0.955858942051003,True,0.0
7.5,0.53944023666,1.0363632049233944,False,3.5935698861067067e-12
7.5,0.92128652863,0.9582019952199429,True,-1.077804512306102e-12
7.550000000000001,-0.92182870126,0.9578916398657159,True,-4.114708573865755e-12
7.550000000000001,-0.53850899975,1.0374641996615377,False,7.549516567451064e-14
7.550000000000001,0.0,0.9556112719818918,True,0.0
7.550000000000001,0.53850899975,1.0374641996615377,False,-7.549516567451064e-14
7.550000000000001,0.92182870126,0.9578916398657159,True,4.114708573865755e-12
7.6000000000000005,-0.92234181415,0.9575947433077334,True,-3.800404435594373e-12
7.6000000000000005,-0.53762749605,1.038572966635792,False,3.759770272893093e-12
7.6000000000000005,0.0,0.955373638945996,True,0.0
7.6000000000000005,0.53762749605,1.038572966635792,False,-3.759770272893093e-12
7.6000000000000005,0.92234181415,0.9575947433077334,True,3.800293413291911e-12
7.65,-0.92282763724,0.957310652665642,True,3.558153771621164e-12
7.65,-0.53679214045,1.039689274822476,False,5.474509734426647e-13
7.65,0.0,0.9551456674365798,True,0.0
7.65,0.53679214045,1.039689274822476,False,-5.474509734426647e-13
7.65,0.92282763724,0.957310652665642,True,-3.558153771621164e-12
7.7,-0.92328781004,0.9570387538310656,True,-2.0878854201100694e-12
7.7,-0.53599968117,1.0408129080003585,False,3.5271785492341223e-13
7.7,0.0,0.9549269935641923,True,0.0
7.7,0.53599968117,1.0408129080003585,False,-3.5293989952833726e-13
7.7,0.92328781004,0.9570387538310656,True,2.0878854201100694e-12
7.75,-0.92372385357,0.9567784684894352,True,9.280354262841684e-13
7.75,-0.53524716277,1.0419436626157028,False,-1.766586876783549e-12
7.75,0.0,0.9547172649048226,True,0.0
7.75,0.53524716277,1.0419436626157028,False,1.766586876783549e-12
7.75,0.92372385357,0.9567784684894352,True,-9.280354262841684e-13
7.800000000000001,-0.92413718082,0.956529251449428,True,2.0750068330244176e-13
7.800000000000001,-0.5345318938,1.0430813459562107,False,-2.7496893650891252e-12
7.800000000000001,0.0,0.9545161403287384,True,0.0
7.800000000000001,0.5345318938,1.0430813459562107,False,2.7496893650891252e-12
7.800000000000001,0.92413718082,0.956529251449428,True,-2.0738966099997924e-13
7.8500000000000005,-0.92452910621,0.9562905882159873,True,-3.3590907833058736e-12
7.8500000000000005,-0.53385141854,1.0442257745825112,False,-3.5706992917994285e-12
7.8500000000000005,0.0,0.9543232898126838,True,0.0
7.8500000000000005,0.53385141854,1.0442257745825112,False,3.5706992917994285e-12
7.8500000000000005,0.92452910621,0.9562905882159873,True,3.3590907833058736e-12
7.9,-0.92490085399,0.9560619927958951,True,-2.1141977057936856e-12
7.9,-0.5332034922,1.045376772980802,False,-2.19779749954796e-12
7.9,0.0,0.9541383942378643,True,0.0
7.9,0.5332034922,1.045376772980802,False,2.19779749954796e-12
7.9,0.92490085399,0.9560619927958951,True,2.1141977057936856e-12
7.95,-0.92525356576,0.9558430057043426,True,4.111599949396805e-12
7.95,-0.53258605914,1.0465341724019297,False,8.091305403468141e-13
7.95,0.0,0.9539611451759427,True,0.0
7.95,0.53258605914,1.0465341724019297,False,-8.090195180443516e-13
7.95,0.92525356576,0.9558430057043426,True,-4.111599949396805e-12
8.0,-0.92558830723,0.9556331921488167,True,-2.772226892489016e-12
8.0,-0.53199723368,1.0476978098603058,False,3.776645662867395e-12
8.0,0.0,0.9537912446650556,True,0.0
8.0,0.53199723368,1.0476978098603058,False,-3.7767566851698575e-12
8.0,0.92558830723,0.9556331921488167,True,2.772226892489016e-12
8.05,-0.92590607439,0.9554321403649821,True,3.3774094632121887e-12
8.05,-0.53143528317,1.0488675272684127,False,-2.62279087337447e-12
8.05,0.0,0.9536284049776791,True,0.0
8.05,0.53143528317,1.0488675272684127,False,2.62279087337447e-12
8.05,0.92590607439,0.9554321403649821,True,-3.3774094632121887e-12
8.1,-0.92620779891,0.9552394601076429,True,-1.042721464727947e-12
8.1,-0.53089861297,1.0500431706906175,False,2.461142400989047e-12
8.1,0.0,0.9534723483819949,True,0.0
8.1,0.53089861297,1.0500431706906175,False,-2.4610313786865845e-12
8.1,0.92620779891,0.9552394601076429,True,1.0426104424254845e-12
8.15,-0.92649435322,0.9550547812523259,True,-1.6188161922059408e-12
8.15,-0.53038575324,1.0512245896899728,False,2.3961943540484754e-12
8.15,0.0,0.9533228068982484,True,0.0
8.15,0.53038575324,1.0512245896899728,False,-2.3961943540484754e-12
8.15,0.92649435322,0.9550547812523259,True,1.6188161922059408e-12
8.200000000000001,-0.92676655496,0.9548777525228732,True,-4.2443826231419735e-12
8.200000000000001,-0.52989534709,1.052411636768493,False,-4.2665870836344766e-12
8.200000000000001,0.0,0.9531795220514409,True,0.0
8.200000000000001,0.52989534709,1.052411636768493,False,4.2665870836344766e-12
8.200000000000001,0.92676655496,0.9548777525228732,True,4.2443826231419735e-12
8.25,-0.92702517112,0.9547080403133458,True,-5.841993555577574e-13
8.25,-0.52942614008,1.0536041668782476,False,8.260059303211165e-14
8.25,0.0,0.9530422446215617,True,0.0
8.25,0.52942614008,1.0536041668782476,False,-8.260059303211165e-14
8.25,0.92702517112,0.9547080403133458,True,5.841993555577574e-13
8.3,-0.92727092174,0.9545453276070124,True,2.846500812836439e-12
8.3,-0.52897697091,1.0548020369919966,False,-2.6045832157706172e-12
8.3,0.0,0.9529107343924399,True,0.0
8.3,0.52897697091,1.0548020369919966,False,2.6045832157706172e-12
8.3,0.92727092174,0.9545453276070124,True,-2.846500812836439e-12
8.35,-0.92750448333,0.9543893129749744,True,4.1588954502458364e-13
8.35,-0.52854676299,1.056005105737476,False,3.192779374217025e-12
8.35,0.0,0.9527847599001773,True,0.0
8.35,0.52854676299,1.056005105737476,False,-3.192779374217025e-12
8.35,0.92750448333,0.9543893129749744,True,-4.1588954502458364e-13
8.4,-0.92772649199,0.9542397096505681,True,-7.994716000325752e-13
8.4,-0.52813451701,1.0572132330702546,False,4.638289752278979e-12
8.4,0.0,0.9526640981820221,True,0.0
8.4,0.52813451701,1.0572132330702546,False,-4.638289752278979e-12
8.4,0.92772649199,0.9542397096505681,True,7.994716000325752e-13
8.450000000000001,-0.92793754623,0.9540962446743195,True,-1.06403774680075e-12
8.450000000000001,-0.52773930419,1.0584262799950945,False,-1.0533796057643485e-12
8.450000000000001,0.0,0.9525485345264404,True,0.0
8.450000000000001,0.52773930419,1.0584262799950945,False,1.0533796057643485e-12
8.450000000000001,0.92793754623,0.9540962446743195,True,1.0639267244982875e-12
8.5,-0.92813820958,0.9539586580991373,True,-2.3367974222310295e-12
8.5,-0.52736026024,1.0596441083215473,False,4.172440171146263e-12
8.5,0.0,0.9524378622250571,True,0.0
8.5,0.52736026024,1.0596441083215473,False,-4.172440171146263e-12
8.5,0.92813820958,0.9539586580991373,True,2.3367974222310295e-12
8.55,-0.92832901299,0.953826702251889,True,1.8562928971732617e-12
8.55,-0.52699657998,1.0608665804458832,False,2.7855495687845178e-12
8.55,0.0,0.9523318823270541,True,0.0
8.55,0.52699657998,1.060866580445883,False,-2.7855495687845178e-12
8.55,0.92832901299,0.953826702251889,True,-1.8562928971732617e-12
8.6,-0.928510457,0.9537001410487166,True,3.2285285556099552e-12
8.6,-0.5266475124,1.0620935591687983,False,-3.6307623574316494e-12
8.6,0.0,0.9522304033965399,True,0.0
8.6,0.5266475124,1.0620935591687983,False,3.6307623574316494e-12
8.6,0.928510457,0.9537001410487166,True,-3.2286395779124177e-12
8.65,-0.92868301378,0.9535787493548883,True,-2.7968738436356944e-12
8.65,-0.52631235625,1.0633249075325872,False,-2.182143354900745e-12
8.65,0.0,0.9521332412733368,True,0.0
8.65,0.52631235625,1.0633249075325872,False,2.182143354900745e-12
8.65,0.92868301378,0.9535787493548883,True,2.796762821333232e-12
8.700000000000001,-0.92884712901,0.9534623123881205,True,5.64104318812042e-13
8.700000000000001,-0.52599045607,1.064560488677461,False,7.915890165577366e-14
8.700000000000001,0.0,0.9520402188375708,True,0.0
8.700000000000001,0.52599045607,1.064560488677461,False,-7.915890165577366e-14
8.700000000000001,0.92884712901,0.9534623123881205,True,-5.64104318812042e-13
8.75,-0.92900322354,0.953350625165575,True,-1.4661605263199817e-12
8.75,-0.52568119855,1.0658001657208998,False,2.5878188480987774e-12
8.75,0.0,0.9519511657783927,True,0.0
8.75,0.52568119855,1.0658001657208998,False,-2.5878188480987774e-12
8.75,0.92900322354,0.953350625165575,True,1.4661605263199817e-12
8.8,-0.92915169504,0.9532434919807817,True,4.2088554863539684e-12
8.8,-0.52538400926,1.067043801650016,False,-4.388933660948169e-12
8.8,0.0,0.9518659183671059,True,0.0
8.8,0.52538400926,1.067043801650016,False,4.388933660948169e-12
8.8,0.92915169504,0.9532434919807817,True,-4.208744464051506e-12
8.85,-0.9292929194,0.9531407259209191,True,-3.736677633980889e-12
8.85,-0.52509834964,1.0682912592326934,False,-1.7595924717284106e-12
8.85,0.0,0.9517843192349367,True,0.0
8.85,0.52509834964,1.0682912592326934,False,1.7595924717284106e-12
8.85,0.9292929194,0.9531407259209191,True,3.736677633980889e-12
8.9,-0.92942725217,0.9530421484074167,True,-4.520606111668712e-12
8.9,-0.52482371433,1.0695424009336887,False,2.1923574067272966e-12
8.9,0.0,0.9517062171556335,True,0.0
8.9,0.52482371433,1.0695424009336887,False,-2.1923574067272966e-12
8.9,0.92942725217,0.9530421484074167,True,4.520717133971175e-12
8.950000000000001,-0.92955502975,0.9529475887725868,True,3.7980729672426605e-13
8.950000000000001,-0.52455962868,1.0707970888485436,False,-3.702149697915047e-12
8.950000000000001,0.0,0.9516314668330493,True,0.0
8.950000000000001,0.52455962868,1.0707970888485436,False,3.702149697915047e-12
8.950000000000001,0.92955502975,0.9529475887725868,True,-3.7980729672426605e-13
9.0,-0.92967657057,0.9528568838584294,True,-1.8084422848119175e-12
9.0,-0.52430564647,1.0720551846487334,False,3.847255847233555e-12
9.0,0.0,0.9515599286938267,True,0.0
9.0,0.52430564647,1.0720551846487334,False,-3.847255847233555e-12
9.0,0.92967657057,0.9528568838584294,True,1.8084422848119175e-12
