world,condition,completed_updates,action
0,endogenous,0,-0.04143794588701599
0,endogenous,10,0.05751864053614057
0,endogenous,20,0.151740557388624
0,endogenous,30,0.23710935513239378
0,endogenous,40,0.2993477863187677
0,endogenous,50,0.3563697544174279
0,endogenous,60,0.38853109655726425
0,endogenous,70,0.4107466334725329
0,endogenous,80,0.4307743115405975
0,endogenous,90,0.44540839454325243
0,endogenous,100,0.45575967050867067
0,endogenous,110,0.4604321972223017
0,endogenous,120,0.465802272536408
0,endogenous,130,0.46573656344278014
0,endogenous,140,0.46844340905880166
0,endogenous,150,0.46829242285462874
0,endogenous,160,0.46957881560136305
0,endogenous,170,0.47051063101627405
0,endogenous,180,0.46943916318117357
0,endogenous,190,0.47165413721084126
0,endogenous,200,0.4745167626095765
0,endogenous,210,0.47482474511796446
0,endogenous,220,0.4725300102866886
0,endogenous,230,0.4751481000960053
0,endogenous,240,0.4746397516850645
0,endogenous,250,0.47654119763468195
0,static,0,-0.04143794588701599
0,static,10,0.03651021350722901
0,static,20,0.08266759634262318
0,static,30,0.11151709396022176
0,static,40,0.12772906086921074
0,static,50,0.14438067735629367
0,static,60,0.14752671888113558
0,static,70,0.14710213883179285
0,static,80,0.1501885692464171
0,static,90,0.15229531524053644
0,static,100,0.15113027940881674
0,static,110,0.15205493235802386
0,static,120,0.15613093403490597
0,static,130,0.15348399122151177
0,static,140,0.15410398601951136
0,static,150,0.1548902396951401
0,static,160,0.15651205254584916
0,static,170,0.15851322757379221
0,static,180,0.1559778613605482
0,static,190,0.15403164331907412
0,static,200,0.15169135083675384
0,static,210,0.15471369999667361
0,static,220,0.15633097882269145
0,static,230,0.15593045609050327
0,static,240,0.15515112111495133
0,static,250,0.15539562492372852
10,endogenous,0,0.00047058120499928374
10,endogenous,10,-0.013940467371966012
10,endogenous,20,-0.026451154911225228
10,endogenous,30,-0.04186253496165713
10,endogenous,40,-0.05652282901222645
10,endogenous,50,-0.07445125066739376
10,endogenous,60,-0.09134490456311985
10,endogenous,70,-0.11226828452708373
10,endogenous,80,-0.13126508541121842
10,endogenous,90,-0.14742081692162284
10,endogenous,100,-0.17036175050085714
10,endogenous,110,-0.19045883985369297
10,endogenous,120,-0.20796139149976453
10,endogenous,130,-0.22294193081801686
10,endogenous,140,-0.23806880879201522
10,endogenous,150,-0.2508209560894973
10,endogenous,160,-0.2624649004720751
10,endogenous,170,-0.2762020613717052
10,endogenous,180,-0.2823500843414276
10,endogenous,190,-0.29055126240879947
10,endogenous,200,-0.29584929892243605
10,endogenous,210,-0.30398229794571985
10,endogenous,220,-0.3045793525218835
10,endogenous,230,-0.3070662991949747
10,endogenous,240,-0.3172645746022916
10,endogenous,250,-0.32031998546361423
10,static,0,0.00047058120499928374
10,static,10,-0.0106072744204115
10,static,20,-0.016594676019644147
10,static,30,-0.02087796048132211
10,static,40,-0.02136980375709645
10,static,50,-0.023553361964387814
10,static,60,-0.02429399402350408
10,static,70,-0.02472243665481955
10,static,80,-0.025252467461174145
10,static,90,-0.02164947410103786
10,static,100,-0.025558223362160293
10,static,110,-0.024881272970056777
10,static,120,-0.026925414446053442
10,static,130,-0.027917916596248493
10,static,140,-0.026602957223009045
10,static,150,-0.026129813375124416
10,static,160,-0.023262019393763773
10,static,170,-0.026958529049181845
10,static,180,-0.025117878494207956
10,static,190,-0.029909967267564386
10,static,200,-0.028869082384782647
10,static,210,-0.027408810686732316
10,static,220,-0.02207219150722399
10,static,230,-0.020420155564306805
10,static,240,-0.02381333115307304
10,static,250,-0.02554012973853239
11,endogenous,0,-0.006953877971731304
11,endogenous,10,-0.024841394756277085
11,endogenous,20,-0.04519496843876574
11,endogenous,30,-0.06674649974729402
11,endogenous,40,-0.08960818365329112
11,endogenous,50,-0.11426206795288367
11,endogenous,60,-0.13829383809981008
11,endogenous,70,-0.16683998575309206
11,endogenous,80,-0.19165998783332244
11,endogenous,90,-0.2151996452499728
11,endogenous,100,-0.2410414415270775
11,endogenous,110,-0.26128036329305393
11,endogenous,120,-0.2827561139559756
11,endogenous,130,-0.300102315288412
11,endogenous,140,-0.3165125671785435
11,endogenous,150,-0.3274620463432314
11,endogenous,160,-0.3394598857317326
11,endogenous,170,-0.3460761876714275
11,endogenous,180,-0.3537532123942001
11,endogenous,190,-0.3566162191215826
11,endogenous,200,-0.35762326114796417
11,endogenous,210,-0.36365109442966415
11,endogenous,220,-0.3714593722087035
11,endogenous,230,-0.3735903470614148
11,endogenous,240,-0.37195206872874065
11,endogenous,250,-0.3712607945718821
11,static,0,-0.006953877971731304
11,static,10,-0.02063935059535127
11,static,20,-0.028953076448288612
11,static,30,-0.0318635928044972
11,static,40,-0.03406445147272205
11,static,50,-0.03539112781718483
11,static,60,-0.03206192645132097
11,static,70,-0.03605946417639131
11,static,80,-0.03501671256414775
11,static,90,-0.03559974681164413
11,static,100,-0.037705499219455096
11,static,110,-0.03628044683557745
11,static,120,-0.03390256269856791
11,static,130,-0.035684312395131826
11,static,140,-0.03835742619070025
11,static,150,-0.03774920972646291
11,static,160,-0.04099588300820704
11,static,170,-0.03824067914726715
11,static,180,-0.0366355303975902
11,static,190,-0.03379239284801015
11,static,200,-0.033231243379728645
11,static,210,-0.038204133799518
11,static,220,-0.041554265440826
11,static,230,-0.0409404261910451
11,static,240,-0.03517743935301061
11,static,250,-0.035394666383033034
