beta,central_update_slope
0.0,0.95
0.01,0.9500782952252542
0.02,0.95015792507348
0.03,0.9502389029979608
0.04,0.950321242483566
0.05,0.9504049570445132
0.06,0.9504900602220739
0.07,0.9505765655822201
0.08,0.9506644867132146
0.09,0.9507538372231402
0.1,0.9508446307373719
0.11,0.9509368808959875
0.12,0.9510306013511186
0.13,0.9511258057642411
0.14,0.951222507803404
0.15,0.951320721140397
0.16,0.9514204594478558
0.17,0.9515217363963052
0.18,0.9516245656511397
0.19,0.9517289608695404
0.2,0.9518349356973289
0.21,0.9519425037657575
0.22,0.9520516786882353
0.23,0.9521624740569897
0.24,0.9522749034396647
0.25,0.9523889803758526
0.26,0.9525047183735628
0.27,0.9526221309056241
0.28,0.9527412314060228
0.29,0.9528620332661756
0.3,0.9529845498311361
0.31,0.9531087943957379
0.32,0.9532347802006709
0.33,0.9533625204284928
0.34,0.9534920281995758
0.35000000000000003,0.9536233165679877
0.36,0.9537563985173084
0.37,0.9538912869563819
0.38,0.9540279947150028
0.39,0.9541665345395394
0.4,0.9543069190884929
0.41000000000000003,0.9544491609279923
0.42,0.9545932725272264
0.43,0.9547392662538126
0.44,0.9548871543691041
0.45,0.9550369490234341
0.46,0.9551886622512993
0.47000000000000003,0.9553423059664827
0.48,0.9554978919571157
0.49,0.955655431880681
0.5,0.9558149372589575
0.51,0.9559764194729057
0.52,0.9561398897574971
0.53,0.9563053591964878
0.54,0.956472838717135
0.55,0.956642339084861
0.56,0.9568138708978626
0.5700000000000001,0.9569874445816695
0.58,0.9571630703836503
0.59,0.9573407583674692
0.6,0.9575205184074949
0.61,0.9577023601831601
0.62,0.9578862931732777
0.63,0.9580723266503097
0.64,0.9582604696745954
0.65,0.9584507310885362
0.66,0.9586431195107414
0.67,0.958837643330136
0.68,0.9590343107000308
0.6900000000000001,0.9592331295321582
0.7000000000000001,0.9594341074906754
0.71,0.9596372519861357
0.72,0.9598425701694314
0.73,0.9600500689257084
0.74,0.9602597548682572
0.75,0.9604716343323791
0.76,0.9606857133692336
0.77,0.9609019977396651
0.78,0.9611204929080155
0.79,0.9613412040359207
0.8,0.9615641359760977
0.81,0.9617892932661212
0.8200000000000001,0.9620166801221947
0.8300000000000001,0.9622463004329169
0.84,0.9624781577530482
0.85,0.9627122552972773
0.86,0.9629485959339932
0.87,0.9631871821790634
0.88,0.963428016189624
0.89,0.9636710997578805
0.9,0.9639164343049257
0.91,0.9641640208745774
0.92,0.9644138601272373
0.93,0.964665952333775
0.9400000000000001,0.9649202973694416
0.9500000000000001,0.965176894707815
0.96,0.965435743414779
0.97,0.9656968421425429
0.98,0.9659601891237016
0.99,0.9662257821653415
1.0,0.9664936186431955
1.01,0.9667636954958504
1.02,0.96703600921901
1.03,0.967310555859818
1.04,0.9675873310112443
1.05,0.9678663298065386
1.06,0.9681475469137537
1.07,0.9684309765303446
1.08,0.9687166123778446
1.09,0.9690044476966246
1.1,0.969294475240738
1.11,0.9695866872728547
1.12,0.96988107555929
1.1300000000000001,0.9701776313651301
1.1400000000000001,0.9704763454494599
1.1500000000000001,0.9707772080606956
1.16,0.9710802089320272
1.17,0.9713853372769741
1.18,0.9716925817850585
1.19,0.9720019306175997
1.2,0.9723133714036333
1.21,0.972626891235961
1.22,0.9729424766673321
1.23,0.973260113706763
1.24,0.9735797878159977
1.25,0.9739014839061135
1.26,0.9742251863342749
1.27,0.9745508789006414
1.28,0.974878544845431
1.29,0.9752081668461454
1.3,0.9755397270149583
1.31,0.9758732068962725
1.32,0.9762085874644492
1.33,0.9765458491217119
1.34,0.9768849716962308
1.35,0.9772259344403885
1.36,0.9775687160292339
1.37,0.9779132945591241
1.3800000000000001,0.9782596475465614
1.3900000000000001,0.9786077519272254
1.4000000000000001,0.978957584055207
1.41,0.9793091197024439
1.42,0.9796623340583637
1.43,0.9800172017297358
1.44,0.9803736967407377
1.45,0.9807317925332341
1.46,0.9810914619672768
1.47,0.981452677321825
1.48,0.9818154102956888
1.49,0.9821796320087008
1.5,0.982545313003115
1.51,0.9829124232452379
1.52,0.9832809321272933
1.53,0.9836508084695226
1.54,0.9840220205225232
1.55,0.9843945359698263
1.56,0.9847683219307171
1.57,0.9851433449632974
1.58,0.9855195710677936
1.59,0.9858969656901118
1.6,0.9862754937256385
1.61,0.9866551195232927
1.62,0.9870358068898262
1.6300000000000001,0.9874175190943755
1.6400000000000001,0.9878002188732647
1.6500000000000001,0.9881838684350618
1.6600000000000001,0.9885684294658864
1.67,0.9889538631349711
1.68,0.9893401301004768
1.69,0.9897271905155598
1.7,0.9901150040346935
1.71,0.9905035298202424
1.72,0.9908927265492882
1.73,0.9912825524207087
1.74,0.9916729651625076
1.75,0.9920639220393932
1.76,0.9924553798606086
1.77,0.9928472949880076
1.78,0.9932396233443789
1.79,0.9936323204220134
1.8,0.9940253412915168
1.81,0.9944186406108613
1.82,0.9948121726346786
1.83,0.995205891223788
1.84,0.9955997498549609
1.85,0.9959937016309156
1.86,0.9963876992905425
1.87,0.9967816952193552
1.8800000000000001,0.9971756414601649
1.8900000000000001,0.997569489723975
1.9000000000000001,0.9979631914010918
1.9100000000000001,0.9983566975724494
1.92,0.9987499590211419
1.93,0.9991429262441638
1.94,0.9995355494643485
1.95,0.9999277786425068
1.96,1.0003195634897564
1.97,1.0007108534800397
1.98,1.001101597862827
1.99,1.0014917456759953
2.0,1.001881245758883
2.0100000000000002,1.002270046765513
2.02,1.0026580971779782
2.0300000000000002,1.0030453453199855
2.04,1.0034317393705514
2.05,1.003817227377846
2.06,1.004201757273175
2.07,1.004585276885099
2.08,1.0049677339536798
2.09,1.0053490761448516
2.1,1.0057292510649047
2.11,1.0061082062750828
2.12,1.006485889306281
2.13,1.0068622476738414
2.14,1.007237228892439
2.15,1.0076107804910492
2.16,1.0079828500279928
2.17,1.0083533851060495
2.18,1.008722333387632
2.19,1.0090896426100175
2.2,1.0094552606006248
2.21,1.0098191352923307
2.22,1.0101812147388225
2.23,1.0105414471299714
2.24,1.010899780807227
2.25,1.011256164279021
2.2600000000000002,1.0116105462361722
2.27,1.011962875567289
2.2800000000000002,1.012313101374156
2.29,1.0126611729871038
2.3000000000000003,1.0130070399803472
2.31,1.0133506521872901
2.32,1.013691959715785
2.33,1.0140309129633427
2.34,1.0143674626322814
2.35,1.0147015597448106
2.36,1.015033155658038
2.37,1.0153622020788984
2.38,1.015688651078986
2.39,1.0160124551092966
2.4,1.0163335670148592
2.41,1.016651940049257
2.42,1.0169675278890284
2.43,1.0172802846479385
2.44,1.0175901648911172
2.45,1.0178971236490546
2.46,1.018201116431445
2.47,1.018502099240877
2.48,1.0188000285863557
2.49,1.0190948614966566
2.5,1.019386555533501
2.5100000000000002,1.0196750688045462
2.52,1.0199603599761828
2.5300000000000002,1.0202423882861371
2.54,1.020521113555865
2.5500000000000003,1.0207964962027372
2.56,1.0210684972520068
2.57,1.0213370783485525
2.58,1.0216022017683921
2.59,1.0218638304299628
2.6,1.0221219279051572
2.61,1.0223764584301152
2.62,1.0226273869157623
2.63,1.0228746789580914
2.64,1.0231183008481812
2.65,1.023358219581948
2.66,1.0235944028696242
2.67,1.023826819144961
2.68,1.0240554375741497
2.69,1.0242802280644556
2.7,1.0245011612725645
2.71,1.0247182086126352
2.72,1.0249313422640522
2.73,1.0251405351788818
2.74,1.0253457610890193
2.75,1.0255469945130324
2.7600000000000002,1.025744210762693
2.77,1.025937385949195
2.7800000000000002,1.0261264969890571
2.79,1.0263115216097085
2.8000000000000003,1.0264924383547527
2.81,1.02666922658891
2.82,1.0268418665026353
2.83,1.0270103391164125
2.84,1.0271746262847175
2.85,1.0273347106996589
2.86,1.0274905758942843
2.87,1.027642206245561
2.88,1.0277895869770233
2.89,1.027932704161091
2.9,1.0280715447210564
2.91,1.0282060964327415
2.92,1.0283363479258218
2.93,1.0284622886848247
2.94,1.0285839090497946
2.95,1.0287012002166316
2.96,1.0288141542371025
2.97,1.0289227640185252
2.98,1.0290270233231291
2.99,1.0291269267670926
3.0,1.0292224698192578
3.0100000000000002,1.0293136487995294
3.02,1.0294004608769534
3.0300000000000002,1.0294829040674829
3.04,1.0295609772314325
3.0500000000000003,1.0296346800706224
3.06,1.0297040131252173
3.0700000000000003,1.029768977770261
3.08,1.029829576211913
3.09,1.029885811483387
3.1,1.0299376874405985
3.11,1.029985208757521
3.12,1.030028380921259
3.13,1.0300672102268404
3.14,1.03010170377173
3.15,1.030131869450072
3.16,1.0301577159466655
3.17,1.0301792527306737
3.18,1.0301964900490777
3.19,1.030209438919875
3.2,1.030218111125029
3.21,1.0302225192031766
3.22,1.0302226764420952
3.23,1.0302185968709388
3.24,1.0302102952522447
3.25,1.0301977870737202
3.2600000000000002,1.0301810885398104
3.27,1.0301602165630572
3.2800000000000002,1.0301351887552528
3.29,1.0301060234183939
3.3000000000000003,1.0300727395354425
3.31,1.0300353567609009
3.3200000000000003,1.0299938954112036
3.33,1.029948376454936
3.34,1.0298988215028837
3.35,1.0298452527979187
3.36,1.0297876932047303
3.37,1.0297261661994055
3.38,1.029660695858865
3.39,1.0295913068501639
3.4,1.0295180244196591
3.41,1.029440874382054
3.42,1.0293598831093231
3.43,1.0292750775195278
3.44,1.029186485065524
3.45,1.0290941337235717
3.46,1.0289980519818536
3.47,1.028898268828905
3.48,1.028794813741966
3.49,1.0286877166752595
3.5,1.0285770080482017
3.5100000000000002,1.0284627187335535
3.52,1.028344880045515
3.5300000000000002,1.0282235237277741
3.54,1.0280986819415108
3.5500000000000003,1.0279703872533674
3.56,1.0278386726233877
3.5700000000000003,1.0277035713929332
3.58,1.02756511727258
3.59,1.0274233443300058
3.6,1.0272782869778687
3.61,1.027129979961687
3.62,1.0269784583477244
3.63,1.0268237575108845
3.64,1.0266659131226248
3.65,1.02650496113889
3.66,1.0263409377880732
3.67,1.0261738795590123
3.68,1.0260038231890203
3.69,1.0258308056519616
3.7,1.0256548641463756
3.71,1.0254760360836532
3.72,1.0252943590762702
3.73,1.0251098709260849
3.74,1.024922609612702
3.75,1.024732613281908
3.7600000000000002,1.024539920234183
3.77,1.0243445689132928
3.7800000000000002,1.0241465978949666
3.79,1.0239460458756608
3.8000000000000003,1.0237429516614185
3.81,1.0235373541568238
3.8200000000000003,1.0233292923540565
3.83,1.023118805322052
3.84,1.0229059321957656
3.85,1.0226907121655529
3.86,1.0224731844666575
3.87,1.0222533883688225
3.88,1.0220313631660183
3.89,1.0218071481662947
3.9,1.02158078268176
3.91,1.0213523060186873
3.92,1.0211217574677547
3.93,1.020889176294416
3.94,1.02065460172941
3.95,1.0204180729594088
3.96,1.020179629117804
3.97,1.0199393092756373
3.98,1.0196971524326763
3.99,1.019453197508634
4.0,1.019207483334539
4.01,1.0189600486442525
4.0200000000000005,1.0187109320661392
4.03,1.0184601721148867
4.04,1.0182078071834821
4.05,1.0179538755353406
4.0600000000000005,1.0176984152965898
4.07,1.0174414644485126
4.08,1.0171830608201446
4.09,1.0169232420810308
4.1,1.0166620457341409
4.11,1.0163995091089433
4.12,1.016135669354639
4.13,1.015870563433554
4.14,1.0156042281146929
4.15,1.0153366999674525
4.16,1.015068015355494
4.17,1.0147982104307773
4.18,1.014527321127754
4.19,1.0142553831577188
4.2,1.0139824320033233
4.21,1.0137085029132458
4.22,1.013433630897021
4.23,1.0131578507200272
4.24,1.01288119689863
4.25,1.0126037036954842
4.26,1.0123254051149897
4.2700000000000005,1.0120463348989035
4.28,1.0117665265221047
4.29,1.0114860131885135
4.3,1.0112048278271617
4.3100000000000005,1.0109230030884133
4.32,1.0106405713403366
4.33,1.010357564665223
4.34,1.0100740148562537
4.3500000000000005,1.0097899534143127
4.36,1.0095054115449442
4.37,1.0092204201554524
4.38,1.008935009852143
4.39,1.0086492109377059
4.4,1.0083630534087358
4.41,1.008076566953389
4.42,1.0077897809491771
4.43,1.007502724460893
4.44,1.0072154262386688
4.45,1.006927914716166
4.46,1.0066402180088911
4.47,1.0063523639126402
4.48,1.0060643799020672
4.49,1.0057762931293757
4.5,1.0054881304231313
4.51,1.005199918287194
4.5200000000000005,1.0049116828997664
4.53,1.0046234501125597
4.54,1.0043352454500698
4.55,1.0040470941089683
4.5600000000000005,1.0037590209576006
4.57,1.0034710505355924
4.58,1.0031832070535611
4.59,1.002895514392932
4.6000000000000005,1.002607996105854
4.61,1.002320675415217
4.62,1.0020335752147638
4.63,1.0017467180693007
4.64,1.0014601262149991
4.65,1.0011738215597896
4.66,1.0008878256838443
4.67,1.0006021598401469
4.68,1.0003168449551496
4.69,1.0000319016295103
4.7,0.9997473501389132
4.71,0.9994632104349678
4.72,0.9991795021461851
4.73,0.9988962445790294
4.74,0.998613456719043
4.75,0.9983311572320422
4.76,0.9980493644653828
4.7700000000000005,0.9977680964492927
4.78,0.99748737089827
4.79,0.9972072052125451
4.8,0.9969276164796038
4.8100000000000005,0.99664862147577
4.82,0.9963702366678472
4.83,0.9960924782148151
4.84,0.9958153619695806
4.8500000000000005,0.9955389034807819
4.86,0.9952631179946413
4.87,0.9949880204568692
4.88,0.9947136255146133
4.89,0.9944399475184538
4.9,0.9941670005244421
4.91,0.9938947982961813
4.92,0.9936233543069473
4.93,0.9933526817418473
4.94,0.9930827935000169
4.95,0.9928137021968513
4.96,0.9925454201662702
4.97,0.992277959463016
4.98,0.9920113318649814
4.99,0.9917455488755667
5.0,0.9914806217260649
5.01,0.9912165613780723
5.0200000000000005,0.9909533785259252
5.03,0.9906910835991581
5.04,0.9904296867649853
5.05,0.9901691979308026
5.0600000000000005,0.989909626746708
5.07,0.989650982608041
5.08,0.9893932746579375
5.09,0.9891365117899014
5.1000000000000005,0.9888807026503891
5.11,0.9886258556414077
5.12,0.9883719789231249
5.13,0.988119080416489
5.14,0.9878671678058588
5.15,0.9876162485416418
5.16,0.9873663298429394
5.17,0.9871174187001985
5.18,0.9868695218778682
5.19,0.9866226459170605
5.2,0.9863767971382141
5.21,0.9861319816437611
5.22,0.9858882053207937
5.23,0.9856454738437319
5.24,0.9854037926769912
5.25,0.9851631670776474
5.26,0.9849236020981006
5.2700000000000005,0.9846851025887348
5.28,0.9844476732005747
5.29,0.9842113183879369
5.3,0.983976042411076
5.3100000000000005,0.9837418493388247
5.32,0.9835087430512266
5.33,0.9832767272421615
5.34,0.9830458054219626
5.3500000000000005,0.9828159809200246
5.36,0.9825872568874024
5.37,0.982359636299399
5.38,0.982133121958144
5.39,0.9819077164951588
5.4,0.9816834223739125
5.41,0.9814602418923626
5.42,0.9812381771854847
5.43,0.9810172302277883
5.44,0.9807974028358183
5.45,0.9805786966706429
5.46,0.9803611132403258
5.47,0.9801446539023841
5.48,0.9799293198662298
5.49,0.9797151121955963
5.5,0.9795020318109472
5.51,0.9792900794918697
5.5200000000000005,0.9790792558794502
5.53,0.9788695614786325
5.54,0.978660996660559
5.55,0.9784535616648926
5.5600000000000005,0.9782472566021222
5.57,0.9780420814558479
5.58,0.9778380360850488
5.59,0.9776351202263307
5.6000000000000005,0.9774333334961552
5.61,0.9772326753930499
5.62,0.9770331452997973
5.63,0.9768347424856061
5.64,0.9766374661082602
5.65,0.97644131521625
5.66,0.9762462887508812
5.67,0.9760523855483647
5.68,0.9758596043418853
5.69,0.97566794376365
5.7,0.9754774023469152
5.71,0.9752879785279935
5.72,0.9750996706482398
5.73,0.974912476956015
5.74,0.9747263956086312
5.75,0.9745414246742726
5.76,0.9743575621338982
5.7700000000000005,0.9741748058831217
5.78,0.9739931537340701
5.79,0.9738126034172223
5.8,0.9736331525832252
5.8100000000000005,0.9734547988046894
5.82,0.9732775395779633
5.83,0.9731013723248855
5.84,0.9729262943945178
5.8500000000000005,0.9727523030648549
5.86,0.9725793955445141
5.87,0.9724075689744037
5.88,0.9722368204293708
5.89,0.9720671469198272
5.9,0.9718985453933553
5.91,0.9717310127362927
5.92,0.9715645457752958
5.93,0.9713991412788834
5.94,0.971234795958959
5.95,0.971071506472313
5.96,0.970909269422104
5.97,0.9707480813593204
5.98,0.9705879387842213
5.99,0.9704288381477572
6.0,0.9702707758529707
6.01,0.9701137482563781
6.0200000000000005,0.9699577516693296
6.03,0.9698027823593514
6.04,0.9696488365514669
6.05,0.9694959104294999
6.0600000000000005,0.969344000137357
6.07,0.9691931017802917
6.08,0.9690432114261498
6.09,0.9688943251065946
6.1000000000000005,0.9687464388183142
6.11,0.9685995485242112
6.12,0.9684536501545711
6.13,0.9683087396082155
6.140000000000001,0.9681648127536351
6.15,0.9680218654301052
6.16,0.9678798934487834
6.17,0.9677388925937903
6.18,0.9675988586232708
6.19,0.9674597872704398
6.2,0.9673216742446098
6.21,0.9671845152322015
6.22,0.9670483058977375
6.23,0.9669130418848193
6.24,0.9667787188170877
6.25,0.9666453322991665
6.26,0.9665128779175902
6.2700000000000005,0.9663813512417156
6.28,0.9662507478246174
6.29,0.9661210632039673
6.3,0.9659922929028992
6.3100000000000005,0.965864432430857
6.32,0.9657374772844285
6.33,0.9656114229481635
6.34,0.965486264895377
6.3500000000000005,0.9653619985889382
6.36,0.9652386194820438
6.37,0.965116123018978
6.38,0.9649945046358573
6.390000000000001,0.9648737597613622
6.4,0.9647538838174535
6.41,0.9646348722200763
6.42,0.9645167203798491
6.43,0.9643994237027412
6.44,0.9642829775907343
6.45,0.9641673774424735
6.46,0.9640526186539033
6.47,0.9639386966188925
6.48,0.9638256067298452
6.49,0.9637133443782999
6.5,0.9636019049555166
6.51,0.9634912838530504
6.5200000000000005,0.9633814764633152
6.53,0.9632724781801336
6.54,0.9631642843992765
6.55,0.9630568905189902
6.5600000000000005,0.9629502919405128
6.57,0.9628444840685793
6.58,0.9627394623119151
6.59,0.9626352220837199
6.6000000000000005,0.9625317588021387
6.61,0.9624290678907249
6.62,0.9623271447788904
6.63,0.9622259849023471
6.640000000000001,0.962125583703538
6.65,0.9620259366320572
6.66,0.9619270391450616
6.67,0.961828886707672
6.68,0.9617314747933641
6.69,0.9616347988843521
6.7,0.9615388544719603
6.71,0.9614436370569878
6.72,0.9613491421500632
6.73,0.9612553652719902
6.74,0.9611623019540851
6.75,0.9610699477385058
6.76,0.9609782981785712
6.7700000000000005,0.9608873488390735
6.78,0.9607970952965819
6.79,0.960707533139738
6.8,0.9606186579695435
6.8100000000000005,0.9605304653996399
6.82,0.9604429510565812
6.83,0.9603561105800973
6.84,0.9602699396233523
6.8500000000000005,0.9601844338531936
6.86,0.9600995889503949
6.87,0.9600154006098913
6.88,0.9599318645410083
6.890000000000001,0.9598489764676833
6.9,0.9597667321286802
6.91,0.9596851272777986
6.92,0.9596041576840751
6.93,0.9595238191319787
6.94,0.9594441074216001
6.95,0.9593650183688351
6.96,0.9592865478055609
6.97,0.9592086915798075
6.98,0.9591314455559223
6.99,0.9590548056147307
7.0,0.9589787676536882
7.01,0.9589033275870297
7.0200000000000005,0.9588284813459119
7.03,0.9587542248785506
7.04,0.9586805541503527
7.05,0.9586074651440438
7.0600000000000005,0.9585349538597893
7.07,0.9584630163153116
7.08,0.9583916485460025
7.09,0.95832084660503
7.1000000000000005,0.9582506065634412
7.11,0.95818092451026
7.12,0.9581117965525809
7.13,0.9580432188156575
7.140000000000001,0.9579751874429875
7.15,0.9579076985963934
7.16,0.957840748456098
7.17,0.9577743332207971
7.18,0.9577084491077273
7.19,0.9576430923527304
7.2,0.9575782592103133
7.21,0.957513945953705
7.22,0.9574501488749092
7.23,0.9573868642847533
7.24,0.9573240885129342
7.25,0.9572618179080605
7.26,0.9572000488376909
7.2700000000000005,0.9571387776883701
7.28,0.9570780008656603
7.29,0.9570177147941703
7.3,0.9569579159175814
7.3100000000000005,0.9568986006986702
7.32,0.9568397656193275
7.33,0.956781407180576
7.34,0.9567235219025838
7.3500000000000005,0.9566661063246747
7.36,0.956609157005338
7.37,0.9565526705222324
7.38,0.9564966434721902
7.390000000000001,0.9564410724712171
7.4,0.9563859541544902
7.41,0.9563312851763535
7.42,0.9562770622103103
7.43,0.9562232819490148
7.44,0.9561699411042599
7.45,0.956117036406963
7.46,0.9560645646071507
7.47,0.9560125224739399
7.48,0.9559609067955176
7.49,0.9559097143791191
7.5,0.955858942051003
7.51,0.9558085866564252
7.5200000000000005,0.9557586450596107
7.53,0.9557091141437237
7.54,0.9556599908108356
7.55,0.9556112719818918
7.5600000000000005,0.9555629545966757
7.57,0.9555150356137727
7.58,0.9554675120105309
7.59,0.9554203807830213
7.6000000000000005,0.955373638945996
7.61,0.9553272835328454
7.62,0.9552813115955525
7.63,0.9552357202046484
7.640000000000001,0.9551905064491636
7.65,0.9551456674365798
7.66,0.9551012002927796
7.67,0.9550571021619952
7.68,0.9550133702067561
7.69,0.9549700016078349
7.7,0.9549269935641923
7.71,0.9548843432929218
7.72,0.9548420480291917
7.73,0.954800105026187
7.74,0.9547585115550505
7.75,0.9547172649048226
7.76,0.9546763623823792
7.7700000000000005,0.9546358013123709
7.78,0.9545955790371589
7.79,0.9545556929167512
7.8,0.9545161403287384
7.8100000000000005,0.9544769186682275
7.82,0.9544380253477757
7.83,0.954399457797323
7.84,0.9543612134641252
7.8500000000000005,0.9543232898126838
7.86,0.9542856843246782
7.87,0.9542483944988948
7.88,0.9542114178511567
7.890000000000001,0.9541747519142524
7.9,0.9541383942378643
7.91,0.9541023423884959
7.92,0.9540665939493994
7.930000000000001,0.9540311465205018
7.94,0.9539959977183312
7.95,0.9539611451759427
7.96,0.9539265865428429
7.97,0.9538923194849152
7.98,0.9538583416843439
7.99,0.9538246508395383
8.0,0.9537912446650556
8.01,0.953758120891525
8.02,0.9537252772655699
8.03,0.9536927115497306
8.040000000000001,0.9536604215223868
8.05,0.9536284049776791
8.06,0.953596659725431
8.07,0.95356518359107
8.08,0.9535339744155494
8.09,0.9535030300552688
8.1,0.9534723483819949
8.11,0.9534419272827823
8.120000000000001,0.9534117646598936
8.13,0.9533818584307204
8.14,0.9533522065277025
8.15,0.9533228068982484
8.16,0.9532936575046553
8.17,0.9532647563240289
8.18,0.9532361013482022
8.19,0.9532076905836567
8.2,0.9531795220514409
8.21,0.9531515937870896
8.22,0.9531239038405445
8.23,0.9530964502760725
8.24,0.9530692311721859
8.25,0.9530422446215617
8.26,0.9530154887309608
8.27,0.9529889616211473
8.28,0.9529626614268091
8.290000000000001,0.9529365862964758
8.3,0.9529107343924399
8.31,0.9528851038906752
8.32,0.9528596929807571
8.33,0.9528344998657826
8.34,0.9528095227622896
8.35,0.9527847599001773
8.36,0.9527602095226262
8.370000000000001,0.9527358698860183
8.38,0.9527117392598572
8.39,0.9526878159266888
8.4,0.9526640981820221
8.41,0.9526405843342493
8.42,0.952617272704567
8.43,0.9525941616268975
8.44,0.9525712494478097
8.45,0.9525485345264404
8.46,0.9525260152344162
8.47,0.9525036899557747
8.48,0.9524815570868871
8.49,0.9524596150363799
8.5,0.9524378622250571
8.51,0.9524162970858233
8.52,0.9523949180636058
8.53,0.9523737236152778
8.540000000000001,0.9523527122095823
8.55,0.9523318823270541
8.56,0.9523112324599449
8.57,0.9522907611121461
8.58,0.9522704667991136
8.59,0.9522503480477923
8.6,0.9522304033965399
8.61,0.9522106313950527
8.620000000000001,0.9521910306042903
8.63,0.9521715995964015
8.64,0.9521523369546491
8.65,0.9521332412733368
8.66,0.9521143111577349
8.67,0.9520955452240072
8.68,0.9520769420991375
8.69,0.9520585004208568
8.700000000000001,0.9520402188375708
8.71,0.9520220960082875
8.72,0.9520041306025447
8.73,0.9519863213003396
8.74,0.9519686667920556
8.75,0.9519511657783927
8.76,0.9519338169702957
8.77,0.9519166190888841
8.78,0.9518995708653822
8.790000000000001,0.9518826710410483
8.8,0.9518659183671059
8.81,0.9518493116046742
8.82,0.9518328495246993
8.83,0.9518165309078851
8.84,0.9518003545446256
8.85,0.9517843192349367
8.86,0.9517684237883882
8.870000000000001,0.951752667024037
8.88,0.9517370477703597
8.89,0.9517215648651863
8.9,0.9517062171556335
8.91,0.9516910034980386
8.92,0.9516759227578945
8.93,0.9516609738097834
8.94,0.9516461555373126
8.950000000000001,0.9516314668330493
8.96,0.9516169065984567
8.97,0.9516024737438292
8.98,0.9515881671882298
8.99,0.9515739858594259
9.0,0.9515599286938267
