world,effect,seed_min,seed_max
0,0.9297172987281337,0.8963743201999219,0.9784132606921536
1,1.1746153024752155,1.088180703280215,1.2234281163304581
2,0.8717450096091852,0.8319832522971948,0.9164476217233479
3,1.1511965969629792,1.1203181550400547,1.1886517490926027
4,0.7531141183099097,0.7318358200033634,0.7728271616799727
5,0.8444966979595891,0.817592470954599,0.8695235557255323
6,0.8982921782116543,0.8751284239375479,0.9229457402165073
7,0.6848684981975891,0.6652002262406227,0.7058565559327112
8,0.8621397760382589,0.8359359656919976,0.8906855575685788
9,0.9141024071898883,0.876357585538359,0.9457454583848743
10,-0.485208455679345,-0.5257847987463776,-0.4591141721564518
11,-0.5138104316352043,-0.5340680972401562,-0.4910938208417001
12,0.69112684961821,0.6530794804961286,0.7043842344736533
13,0.6931937526475835,0.6716481671893264,0.7123239399861563
14,0.6409417735180816,0.618941985659909,0.6730663779102475
15,0.8099756330178126,0.796586991407551,0.8407674783682857
16,1.1174899359683486,1.0831452269044468,1.1653870591484943
17,0.8598297458568442,0.8248055637127394,0.8907037577465295
18,0.9455190862121198,0.9082835460511525,0.9817651829150407
19,0.8320958060136725,0.80956003800702,0.8545692745885485
