friction,family,loss,participation
1.2,sigmoid,0.0,0.682375501882508
1.2,sigmoid,0.013377926421404682,0.6740717006318682
1.2,sigmoid,0.026755852842809364,0.665646172289518
1.2,sigmoid,0.04013377926421405,0.6571031523985096
1.2,sigmoid,0.05351170568561873,0.6484471871833307
1.2,sigmoid,0.06688963210702341,0.6396831280481103
1.2,sigmoid,0.0802675585284281,0.6308161244531147
1.2,sigmoid,0.09364548494983277,0.6218516151576136
1.2,sigmoid,0.10702341137123746,0.6127953178312938
1.2,sigmoid,0.12040133779264214,0.6036532170511076
1.2,sigmoid,0.13377926421404682,0.5944315507155591
1.2,sigmoid,0.1471571906354515,0.5851367949237815
1.2,sigmoid,0.1605351170568562,0.575775647382096
1.2,sigmoid,0.17391304347826086,0.5663550094158732
1.2,sigmoid,0.18729096989966554,0.5568819666791931
1.2,sigmoid,0.20066889632107024,0.5473637686688039
1.2,sigmoid,0.2140468227424749,0.5378078071619751
1.2,sigmoid,0.22742474916387959,0.5282215937098235
1.2,sigmoid,0.2408026755852843,0.5186127363283517
1.2,sigmoid,0.25418060200668896,0.5089889155386055
1.2,sigmoid,0.26755852842809363,0.4993578599148496
1.2,sigmoid,0.2809364548494983,0.48972732130538404
1.2,sigmoid,0.294314381270903,0.48010504989443475
1.2,sigmoid,0.3076923076923077,0.4704987692754144
1.2,sigmoid,0.3210702341137124,0.46091615170571887
1.2,sigmoid,0.33444816053511706,0.45136479371109545
1.2,sigmoid,0.34782608695652173,0.4418521922035485
1.2,sigmoid,0.3612040133779264,0.432385721270786
1.2,sigmoid,0.3745819397993311,0.4229726097874827
1.2,sigmoid,0.3879598662207358,0.41361991998925957
1.2,sigmoid,0.4013377926421405,0.4043345271394362
1.2,sigmoid,0.41471571906354515,0.39512310040646037
1.2,sigmoid,0.4280936454849498,0.38599208505670046
1.2,sigmoid,0.4414715719063545,0.3769476860531701
1.2,sigmoid,0.45484949832775917,0.36799585313601063
1.2,sigmoid,0.46822742474916385,0.3591422674453873
1.2,sigmoid,0.4816053511705686,0.3503923297320958
1.2,sigmoid,0.49498327759197325,0.3417511501858539
1.2,sigmoid,0.5083612040133779,0.3332235398961733
1.2,sigmoid,0.5217391304347826,0.3248140039460725
1.2,sigmoid,0.5351170568561873,0.31652673612488313
1.2,sigmoid,0.5484949832775919,0.3083656152331784
1.2,sigmoid,0.5618729096989966,0.30033420294055696
1.2,sigmoid,0.5752508361204013,0.29243574314575954
1.2,sigmoid,0.588628762541806,0.28467316277847565
1.2,sigmoid,0.6020066889632107,0.27704907397327516
1.2,sigmoid,0.6153846153846154,0.2695657775384282
1.2,sigmoid,0.6287625418060201,0.2622252676359605
1.2,sigmoid,0.6421404682274248,0.2550292375841528
1.2,sigmoid,0.6555183946488294,0.24797908668978308
1.2,sigmoid,0.6688963210702341,0.24107592801471925
1.2,sigmoid,0.6822742474916388,0.23432059697991622
1.2,sigmoid,0.6956521739130435,0.22771366070941257
1.2,sigmoid,0.7090301003344481,0.22125542801745784
1.2,sigmoid,0.7224080267558528,0.21494595994336055
1.2,sigmoid,0.7357859531772575,0.20878508074092927
1.2,sigmoid,0.7491638795986622,0.2027723892323896
1.2,sigmoid,0.7625418060200668,0.19690727044029893
1.2,sigmoid,0.7759197324414716,0.19118890741515449
1.2,sigmoid,0.7892976588628763,0.18561629318099562
1.2,sigmoid,0.802675585284281,0.18018824272625003
1.2,sigmoid,0.8160535117056856,0.17490340497227772
1.2,sigmoid,0.8294314381270903,0.16976027465743734
1.2,sigmoid,0.842809364548495,0.16475720407996705
1.2,sigmoid,0.8561872909698997,0.15989241464846146
1.2,sigmoid,0.8695652173913043,0.15516400819417706
1.2,sigmoid,0.882943143812709,0.15056997800475358
1.2,sigmoid,0.8963210702341137,0.14610821954415176
1.2,sigmoid,0.9096989966555183,0.14177654082863572
1.2,sigmoid,0.923076923076923,0.13757267243343912
1.2,sigmoid,0.9364548494983277,0.13349427710931797
1.2,sigmoid,0.9498327759197325,0.12953895899249207
1.2,sigmoid,0.9632107023411371,0.12570427239549184
1.2,sigmoid,0.9765886287625418,0.12198773017015292
1.2,sigmoid,0.9899665551839465,0.1183868116374249
1.2,sigmoid,1.0033444816053512,0.11489897008179084
1.2,sigmoid,1.0167224080267558,0.11152163981092414
1.2,sigmoid,1.0301003344481605,0.10825224278375105
1.2,sigmoid,1.0434782608695652,0.10508819481234664
1.2,sigmoid,1.0568561872909699,0.10202691134507937
1.2,sigmoid,1.0702341137123745,0.0990658128401481
1.2,sigmoid,1.0836120401337792,0.09620232974013855
1.2,sigmoid,1.0969899665551839,0.09343390705947847
1.2,sigmoid,1.1103678929765886,0.09075800859770804
1.2,sigmoid,1.1237458193979932,0.0881721207923188
1.2,sigmoid,1.137123745819398,0.08567375622556882
1.2,sigmoid,1.1505016722408026,0.0832604568001664
1.2,sigmoid,1.1638795986622072,0.08092979659904853
1.2,sigmoid,1.177257525083612,0.07867938444467544
1.2,sigmoid,1.1906354515050166,0.07650686617333582
1.2,sigmoid,1.2040133779264215,0.07440992663992088
1.2,sigmoid,1.2173913043478262,0.07238629146849389
1.2,sigmoid,1.2307692307692308,0.07043372856376562
1.2,sigmoid,1.2441471571906355,0.06855004939830045
1.2,sigmoid,1.2575250836120402,0.06673311008992851
1.2,sigmoid,1.2709030100334449,0.06498081228344023
1.2,sigmoid,1.2842809364548495,0.06329110385019901
1.2,sigmoid,1.2976588628762542,0.0616619794188321
1.2,sigmoid,1.3110367892976589,0.060091480749659074
1.2,sigmoid,1.3244147157190636,0.058577696964996595
1.2,sigmoid,1.3377926421404682,0.05711876464694468
1.2,sigmoid,1.351170568561873,0.05571286781371758
1.2,sigmoid,1.3645484949832776,0.05435823778503768
1.2,sigmoid,1.3779264214046822,0.05305315294656676
1.2,sigmoid,1.391304347826087,0.051795938422809426
1.2,sigmoid,1.4046822742474916,0.050584965667392026
1.2,sigmoid,1.4180602006688963,0.049418651979098234
1.2,sigmoid,1.431438127090301,0.048295459951534045
1.2,sigmoid,1.4448160535117056,0.04721389686379966
1.2,sigmoid,1.4581939799331103,0.04617251401906669
1.2,sigmoid,1.471571906354515,0.04516990603749705
1.2,sigmoid,1.4849498327759196,0.044204710109495414
1.2,sigmoid,1.4983277591973243,0.04327560521486078
1.2,sigmoid,1.511705685618729,0.04238131131299569
1.2,sigmoid,1.5250836120401337,0.041520588508943176
1.2,sigmoid,1.5384615384615383,0.04069223619965223
1.2,sigmoid,1.5518394648829432,0.039895092204522295
1.2,sigmoid,1.565217391304348,0.03912803188394588
1.2,sigmoid,1.5785953177257526,0.038389967249254815
1.2,sigmoid,1.5919732441471572,0.03767984606718104
1.2,sigmoid,1.605351170568562,0.03699665096166492
1.2,sigmoid,1.6187290969899666,0.03633939851558353
1.2,sigmoid,1.6321070234113713,0.03570713837472715
1.2,sigmoid,1.645484949832776,0.035098952356124195
1.2,sigmoid,1.6588628762541806,0.03451395356260112
1.2,sigmoid,1.6722408026755853,0.03395128550526579
1.2,sigmoid,1.68561872909699,0.03341012123541768
1.2,sigmoid,1.6989966555183946,0.03288966248721685
1.2,sigmoid,1.7123745819397993,0.03238913883228481
1.2,sigmoid,1.725752508361204,0.03190780684726313
1.2,sigmoid,1.7391304347826086,0.03144494929521986
1.2,sigmoid,1.7525083612040133,0.030999874321668765
1.2,sigmoid,1.765886287625418,0.030571914665850942
1.2,sigmoid,1.7792642140468227,0.03016042688782292
1.2,sigmoid,1.7926421404682273,0.02976479061179809
1.2,sigmoid,1.806020066889632,0.029384407786099936
1.2,sigmoid,1.8193979933110367,0.029018701960004452
1.2,sigmoid,1.8327759197324414,0.028667117577675677
1.2,sigmoid,1.846153846153846,0.028329119289331184
1.2,sigmoid,1.8595317725752507,0.028004191279714027
1.2,sigmoid,1.8729096989966554,0.027691836613892705
1.2,sigmoid,1.8862876254180603,0.0273915766003616
1.2,sigmoid,1.899665551839465,0.02710295017137013
1.2,sigmoid,1.9130434782608696,0.026825513280369
1.2,sigmoid,1.9264214046822743,0.026558838316427406
1.2,sigmoid,1.939799331103679,0.02630251353544288
1.2,sigmoid,1.9531772575250836,0.026056142507938952
1.2,sigmoid,1.9665551839464883,0.025819343583220657
1.2,sigmoid,1.979933110367893,0.02559174936963786
1.2,sigmoid,1.9933110367892977,0.025373006230687292
1.2,sigmoid,2.0066889632107023,0.025162773796669494
1.2,sigmoid,2.020066889632107,0.02496072449160299
1.2,sigmoid,2.0334448160535117,0.02476654307508768
1.2,sigmoid,2.0468227424749164,0.024579926198799985
1.2,sigmoid,2.060200668896321,0.02440058197729565
1.2,sigmoid,2.0735785953177257,0.024228229572790066
1.2,sigmoid,2.0869565217391304,0.024062598793582607
1.2,sigmoid,2.100334448160535,0.02390342970578828
1.2,sigmoid,2.1137123745819397,0.023750472258039036
1.2,sigmoid,2.1270903010033444,0.023603485918816412
1.2,sigmoid,2.140468227424749,0.023462239326078195
1.2,sigmoid,2.1538461538461537,0.023326509948842916
1.2,sigmoid,2.1672240802675584,0.023196083760398837
1.2,sigmoid,2.180602006688963,0.023070754922806552
1.2,sigmoid,2.1939799331103678,0.022950325482368493
1.2,sigmoid,2.2073578595317724,0.02283460507574227
1.2,sigmoid,2.220735785953177,0.022723410646379977
1.2,sigmoid,2.234113712374582,0.022616566170980002
1.2,sigmoid,2.2474916387959865,0.022513902395643944
1.2,sigmoid,2.260869565217391,0.022415256581436255
1.2,sigmoid,2.274247491638796,0.022320472259050737
1.2,sigmoid,2.2876254180602005,0.022229398992293706
1.2,sigmoid,2.301003344481605,0.02214189215010027
1.2,sigmoid,2.31438127090301,0.022057812686806285
1.2,sigmoid,2.3277591973244145,0.021977026930405465
1.2,sigmoid,2.341137123745819,0.021899406378527202
1.2,sigmoid,2.354515050167224,0.021824827501877885
1.2,sigmoid,2.3678929765886285,0.02175317155489456
1.2,sigmoid,2.381270903010033,0.021684324393366927
1.2,sigmoid,2.394648829431438,0.021618176298789937
1.2,sigmoid,2.408026755852843,0.02155462180921607
1.2,sigmoid,2.4214046822742477,0.02149355955638277
1.2,sigmoid,2.4347826086956523,0.02143489210889706
1.2,sigmoid,2.448160535117057,0.021378525821265714
1.2,sigmoid,2.4615384615384617,0.021324370688565707
1.2,sigmoid,2.4749163879598663,0.0212723402065558
1.2,sigmoid,2.488294314381271,0.021222351237036325
1.2,sigmoid,2.5016722408026757,0.021174323878270104
1.2,sigmoid,2.5150501672240804,0.02112818134028344
1.2,sigmoid,2.528428093645485,0.021083849824871777
1.2,sigmoid,2.5418060200668897,0.021041258410140328
1.2,sigmoid,2.5551839464882944,0.021000338939415435
1.2,sigmoid,2.568561872909699,0.020961025914367822
1.2,sigmoid,2.5819397993311037,0.02092325639219419
1.2,sigmoid,2.5953177257525084,0.020886969886708608
1.2,sigmoid,2.608695652173913,0.020852108273200318
1.2,sigmoid,2.6220735785953178,0.02081861569691925
1.2,sigmoid,2.6354515050167224,0.020786438485055406
1.2,sigmoid,2.648829431438127,0.02075552506208275
1.2,sigmoid,2.6622073578595318,0.020725825868342828
1.2,sigmoid,2.6755852842809364,0.020697293281747582
1.2,sigmoid,2.688963210702341,0.02066988154248505
1.2,sigmoid,2.702341137123746,0.020643546680615802
1.2,sigmoid,2.7157190635451505,0.020618246446451775
1.2,sigmoid,2.729096989966555,0.020593940243613197
1.2,sigmoid,2.74247491638796,0.02057058906466286
1.2,sigmoid,2.7558528428093645,0.02054815542922063
1.2,sigmoid,2.769230769230769,0.020526603324464696
1.2,sigmoid,2.782608695652174,0.02050589814792923
1.2,sigmoid,2.7959866220735785,0.020486006652511598
1.2,sigmoid,2.809364548494983,0.02046689689360528
1.2,sigmoid,2.822742474916388,0.020448538178277777
1.2,sigmoid,2.8361204013377925,0.02043090101641577
1.2,sigmoid,2.849498327759197,0.020413957073762517
1.2,sigmoid,2.862876254180602,0.020397679126775432
1.2,sigmoid,2.8762541806020065,0.020382041019234253
1.2,sigmoid,2.8896321070234112,0.020367017620532918
1.2,sigmoid,2.903010033444816,0.02035258478559072
1.2,sigmoid,2.9163879598662206,0.02033871931632064
1.2,sigmoid,2.9297658862876252,0.020325398924595162
1.2,sigmoid,2.94314381270903,0.020312602196652076
1.2,sigmoid,2.9565217391304346,0.02030030855888491
1.2,sigmoid,2.9698996655518393,0.020288498244964717
1.2,sigmoid,2.983277591973244,0.020277152264241958
1.2,sigmoid,2.9966555183946486,0.020266252371379145
1.2,sigmoid,3.0100334448160533,0.020255781037166787
1.2,sigmoid,3.023411371237458,0.020245721420476932
1.2,sigmoid,3.0367892976588626,0.020236057341310378
1.2,sigmoid,3.0501672240802673,0.02022677325489527
1.2,sigmoid,3.063545150501672,0.020217854226796433
1.2,sigmoid,3.0769230769230766,0.020209285908996222
1.2,sigmoid,3.0903010033444818,0.02020105451690939
1.2,sigmoid,3.1036789297658864,0.02019314680729567
1.2,sigmoid,3.117056856187291,0.020185550057035276
1.2,sigmoid,3.130434782608696,0.02017825204273386
1.2,sigmoid,3.1438127090301005,0.0201712410211247
1.2,sigmoid,3.157190635451505,0.02016450571023716
1.2,sigmoid,3.17056856187291,0.02015803527130161
1.2,sigmoid,3.1839464882943145,0.020151819291362224
1.2,sigmoid,3.197324414715719,0.02014584776657004
1.2,sigmoid,3.210702341137124,0.020140111086129904
1.2,sigmoid,3.2240802675585285,0.020134600016875715
1.2,sigmoid,3.237458193979933,0.02012930568844963
1.2,sigmoid,3.250836120401338,0.02012421957906158
1.2,sigmoid,3.2642140468227425,0.02011933350180653
1.2,sigmoid,3.277591973244147,0.02011463959151775
1.2,sigmoid,3.290969899665552,0.020110130292135132
1.2,sigmoid,3.3043478260869565,0.02010579834456848
1.2,sigmoid,3.317725752508361,0.02010163677503648
1.2,sigmoid,3.331103678929766,0.020097638883862717
1.2,sigmoid,3.3444816053511706,0.02009379823471095
1.2,sigmoid,3.3578595317725752,0.02009010864424243
1.2,sigmoid,3.37123745819398,0.02008656417217877
1.2,sigmoid,3.3846153846153846,0.02008315911175459
1.2,sigmoid,3.3979933110367893,0.020079887980544584
1.2,sigmoid,3.411371237458194,0.020076745511650423
1.2,sigmoid,3.4247491638795986,0.020073726645233457
1.2,sigmoid,3.4381270903010033,0.020070826520379576
1.2,sigmoid,3.451505016722408,0.020068040467283357
1.2,sigmoid,3.4648829431438126,0.020065363999738888
1.2,sigmoid,3.4782608695652173,0.02006279280792535
1.2,sigmoid,3.491638795986622,0.02006032275147575
1.2,sigmoid,3.5050167224080266,0.020057949852817742
1.2,sigmoid,3.5183946488294313,0.02005567029077589
1.2,sigmoid,3.531772575250836,0.020053480394425106
1.2,sigmoid,3.5451505016722407,0.02005137663718542
1.2,sigmoid,3.5585284280936453,0.02004935563114866
1.2,sigmoid,3.57190635451505,0.02004741412162788
1.2,sigmoid,3.5852842809364547,0.02004554898192091
1.2,sigmoid,3.5986622073578594,0.0200437572082795
1.2,sigmoid,3.612040133779264,0.02004203591507613
1.2,sigmoid,3.6254180602006687,0.020040382330160617
1.2,sigmoid,3.6387959866220734,0.02003879379039918
1.2,sigmoid,3.652173913043478,0.020037267737388686
1.2,sigmoid,3.6655518394648827,0.020035801713339352
1.2,sigmoid,3.6789297658862874,0.02003439335711913
1.2,sigmoid,3.692307692307692,0.020033040400453575
1.2,sigmoid,3.7056856187290967,0.020031740664275
1.2,sigmoid,3.7190635451505014,0.020030492055215104
1.2,sigmoid,3.732441471571906,0.020029292562235408
1.2,sigmoid,3.7458193979933108,0.020028140253390142
1.2,sigmoid,3.7591973244147154,0.020027033272716318
1.2,sigmoid,3.7725752508361206,0.020025969837246034
1.2,sigmoid,3.7859531772575252,0.020024948234136232
1.2,sigmoid,3.79933110367893,0.020023966817911226
1.2,sigmoid,3.8127090301003346,0.020023024007813632
1.2,sigmoid,3.8260869565217392,0.02002211828525945
1.2,sigmoid,3.839464882943144,0.020021248191393136
1.2,sigmoid,3.8528428093645486,0.020020412324738814
1.2,sigmoid,3.8662207357859533,0.020019609338943818
1.2,sigmoid,3.879598662207358,0.020018837940610924
1.2,sigmoid,3.8929765886287626,0.020018096887215828
1.2,sigmoid,3.9063545150501673,0.020017384985106454
1.2,sigmoid,3.919732441471572,0.02001670108758098
1.2,sigmoid,3.9331103678929766,0.020016044093041363
1.2,sigmoid,3.9464882943143813,0.02001541294321951
1.2,sigmoid,3.959866220735786,0.020014806621473168
1.2,sigmoid,3.9732441471571907,0.020014224151148827
1.2,sigmoid,3.9866220735785953,0.02001366459400897
1.2,sigmoid,4.0,0.020013127048721217
1.2,exponential,0.0,0.682375501882508
1.2,exponential,0.013377926421404682,0.6741849585900593
1.2,exponential,0.026755852842809364,0.6660956947066994
1.2,exponential,0.04013377926421405,0.6581064578712186
1.2,exponential,0.05351170568561873,0.6502160112083644
1.2,exponential,0.06688963210702341,0.6424231331373514
1.2,exponential,0.0802675585284281,0.6347266171827393
1.2,exponential,0.09364548494983277,0.6271252717876483
1.2,exponential,0.10702341137123746,0.6196179201292857
1.2,exponential,0.12040133779264214,0.6122033999367529
1.2,exponential,0.13377926421404682,0.604880563311105
1.2,exponential,0.1471571906354515,0.5976482765476354
1.2,exponential,0.1605351170568562,0.5905054199603594
1.2,exponential,0.17391304347826086,0.5834508877086658
1.2,exponential,0.18729096989966554,0.5764835876261138
1.2,exponential,0.20066889632107024,0.5696024410513463
1.2,exponential,0.2140468227424749,0.5628063826610935
1.2,exponential,0.22742474916387959,0.5560943603052431
1.2,exponential,0.2408026755852843,0.5494653348439473
1.2,exponential,0.25418060200668896,0.5429182799867474
1.2,exponential,0.26755852842809363,0.5364521821336842
1.2,exponential,0.2809364548494983,0.5300660402183754
1.2,exponential,0.294314381270903,0.5237588655530336
1.2,exponential,0.3076923076923077,0.5175296816753986
1.2,exponential,0.3210702341137124,0.5113775241975645
1.2,exponential,0.33444816053511706,0.5053014406566757
1.2,exponential,0.34782608695652173,0.49930049036746765
1.2,exponential,0.3612040133779264,0.49337374427663333
1.2,exponential,0.3745819397993311,0.48752028481898874
1.2,exponential,0.3879598662207358,0.4817392057754176
1.2,exponential,0.4013377926421405,0.47602961213257305
1.2,exponential,0.41471571906354515,0.4703906199443129
1.2,exponential,0.4280936454849498,0.4648213561948498
1.2,exponential,0.4414715719063545,0.4593209586635929
1.2,exponential,0.45484949832775917,0.45388857579166053
1.2,exponential,0.46822742474916385,0.4485233665500439
1.2,exponential,0.4816053511705686,0.44322450030940125
1.2,exponential,0.49498327759197325,0.4379911567114613
1.2,exponential,0.5083612040133779,0.43282252554201756
1.2,exponential,0.5217391304347826,0.4277178066054926
1.2,exponential,0.5351170568561873,0.42267620960105384
1.2,exponential,0.5484949832775919,0.4176969540002609
1.2,exponential,0.5618729096989966,0.4127792689262259
1.2,exponential,0.5752508361204013,0.40792239303426814
1.2,exponential,0.588628762541806,0.4031255743940447
1.2,exponential,0.6020066889632107,0.39838807037313767
1.2,exponential,0.6153846153846154,0.3937091475220823
1.2,exponential,0.6287625418060201,0.3890880814608158
1.2,exponential,0.6421404682274248,0.38452415676652985
1.2,exponential,0.6555183946488294,0.38001666686291147
1.2,exponential,0.6688963210702341,0.3755649139107518
1.2,exponential,0.6822742474916388,0.3711682086999085
1.2,exponential,0.6956521739130435,0.3668258705426039
1.2,exponential,0.7090301003344481,0.3625372271680422
1.2,exponential,0.7224080267558528,0.3583016146183305
1.2,exponential,0.7357859531772575,0.3541183771456859
1.2,exponential,0.7491638795986622,0.34998686711091437
1.2,exponential,0.7625418060200668,0.34590644488314476
1.2,exponential,0.7759197324414716,0.34187647874080257
1.2,exponential,0.7892976588628763,0.3378963447738083
1.2,exponential,0.802675585284281,0.333965426786985
1.2,exponential,0.8160535117056856,0.33008311620466063
1.2,exponential,0.8294314381270903,0.3262488119764494
1.2,exponential,0.842809364548495,0.32246192048419886
1.2,exponential,0.8561872909698997,0.31872185545008713
1.2,exponential,0.8695652173913043,0.3150280378458568
1.2,exponential,0.882943143812709,0.31137989580317105
1.2,exponential,0.8963210702341137,0.30777686452507835
1.2,exponential,0.9096989966555183,0.3042183861985719
1.2,exponential,0.923076923076923,0.30070390990823015
1.2,exponential,0.9364548494983277,0.2972328915509257
1.2,exponential,0.9498327759197325,0.2938047937515881
1.2,exponential,0.9632107023411371,0.2904190857800089
1.2,exponential,0.9765886287625418,0.28707524346867536
1.2,exponential,0.9899665551839465,0.28377274913161965
1.2,exponential,1.0033444816053512,0.28051109148427217
1.2,exponential,1.0167224080267558,0.2772897655643056
1.2,exponential,1.0301003344481605,0.2741082726534579
1.2,exponential,1.0434782608695652,0.2709661202003217
1.2,exponential,1.0568561872909699,0.2678628217440886
1.2,exponential,1.0702341137123745,0.26479789683923677
1.2,exponential,1.0836120401337792,0.26177087098114915
1.2,exponential,1.0969899665551839,0.2587812755326518
1.2,exponential,1.1103678929765886,0.25582864765146063
1.2,exponential,1.1237458193979932,0.2529125302185253
1.2,exponential,1.137123745819398,0.25003247176725885
1.2,exponential,1.1505016722408026,0.2471880264136429
1.2,exponential,1.1638795986622072,0.24437875378719698
1.2,exponential,1.177257525083612,0.24160421896280118
1.2,exponential,1.1906354515050166,0.23886399239336195
1.2,exponential,1.2040133779264215,0.23615764984331103
1.2,exponential,1.2173913043478262,0.23348477232292586
1.2,exponential,1.2307692307692308,0.2308449460234628
1.2,exponential,1.2441471571906355,0.22823776225309225
1.2,exponential,1.2575250836120402,0.2256628173736255
1.2,exponential,1.2709030100334449,0.22311971273802497
1.2,exponential,1.2842809364548495,0.22060805462868624
1.2,exponential,1.2976588628762542,0.21812745419648372
1.2,exponential,1.3110367892976589,0.2156775274005697
1.2,exponential,1.3244147157190636,0.21325789494891847
1.2,exponential,1.3377926421404682,0.21086818223960493
1.2,exponential,1.351170568561873,0.20850801930280938
1.2,exponential,1.3645484949832776,0.20617704074354
1.2,exponential,1.3779264214046822,0.20387488568506323
1.2,exponential,1.391304347826087,0.2016011977130333
1.2,exponential,1.4046822742474916,0.19935562482031335
1.2,exponential,1.4180602006688963,0.19713781935247843
1.2,exponential,1.431438127090301,0.19494743795399222
1.2,exponential,1.4448160535117056,0.19278414151504977
1.2,exponential,1.4581939799331103,0.19064759511907725
1.2,exponential,1.471571906354515,0.18853746799088075
1.2,exponential,1.4849498327759196,0.18645343344543674
1.2,exponential,1.4983277591973243,0.18439516883731513
1.2,exponential,1.511705685618729,0.18236235551072827
1.2,exponential,1.5250836120401337,0.18035467875019728
1.2,exponential,1.5384615384615383,0.17837182773182866
1.2,exponential,1.5518394648829432,0.17641349547519294
1.2,exponential,1.565217391304348,0.17447937879579917
1.2,exponential,1.5785953177257526,0.17256917825815613
1.2,exponential,1.5919732441471572,0.1706825981294146
1.2,exponential,1.605351170568562,0.16881934633358275
1.2,exponential,1.6187290969899666,0.16697913440630752
1.2,exponential,1.6321070234113713,0.16516167745021526
1.2,exponential,1.645484949832776,0.16336669409080448
1.2,exponential,1.6588628762541806,0.16159390643288438
1.2,exponential,1.6722408026755853,0.1598430400175513
1.2,exponential,1.68561872909699,0.15811382377969815
1.2,exponential,1.6989966555183946,0.1564059900060483
1.2,exponential,1.7123745819397993,0.154719274293709
1.2,exponential,1.725752508361204,0.1530534155092372
1.2,exponential,1.7391304347826086,0.15140815574821143
1.2,exponential,1.7525083612040133,0.14978324029530346
1.2,exponential,1.765886287625418,0.14817841758484412
1.2,exponential,1.7792642140468227,0.14659343916187637
1.2,exponential,1.7926421404682273,0.14502805964369
1.2,exponential,1.806020066889632,0.14348203668183213
1.2,exponential,1.8193979933110367,0.1419551309245874
1.2,exponential,1.8327759197324414,0.14044710597992202
1.2,exponential,1.846153846153846,0.13895772837888615
1.2,exponential,1.8595317725752507,0.13748676753946878
1.2,exponential,1.8729096989966554,0.13603399573089947
1.2,exponential,1.8862876254180603,0.13459918803839163
1.2,exponential,1.899665551839465,0.13318212232832197
1.2,exponential,1.9130434782608696,0.1317825792138398
1.2,exponential,1.9264214046822743,0.1304003420209025
1.2,exponential,1.939799331103679,0.12903519675473032
1.2,exponential,1.9531772575250836,0.12768693206667625
1.2,exponential,1.9665551839464883,0.12635533922150557
1.2,exponential,1.979933110367893,0.12504021206507987
1.2,exponential,1.9933110367892977,0.12374134699244072
1.2,exponential,2.0066889632107023,0.12245854291628809
1.2,exponential,2.020066889632107,0.12119160123584849
1.2,exponential,2.0334448160535117,0.11994032580612793
1.2,exponential,2.0468227424749164,0.11870452290754532
1.2,exponential,2.060200668896321,0.11748400121594126
1.2,exponential,2.0735785953177257,0.11627857177295756
1.2,exponential,2.0869565217391304,0.11508804795678326
1.2,exponential,2.100334448160535,0.1139122454532622
1.2,exponential,2.1137123745819397,0.11275098222735802
1.2,exponential,2.1270903010033444,0.1116040784949717
1.2,exponential,2.140468227424749,0.11047135669510807
1.2,exponential,2.1538461538461537,0.10935264146238607
1.2,exponential,2.1672240802675584,0.10824775959988912
1.2,exponential,2.180602006688963,0.10715654005235112
1.2,exponential,2.1939799331103678,0.10607881387967416
1.2,exponential,2.2073578595317724,0.10501441423077357
1.2,exponential,2.220735785953177,0.10396317631774638
1.2,exponential,2.234113712374582,0.10292493739035924
1.2,exponential,2.2474916387959865,0.10189953671085196
1.2,exponential,2.260869565217391,0.10088681552905211
1.2,exponential,2.274247491638796,0.09988661705779808
1.2,exponential,2.2876254180602005,0.09889878644866541
1.2,exponential,2.301003344481605,0.09792317076799358
1.2,exponential,2.31438127090301,0.09695961897320915
1.2,exponential,2.3277591973244145,0.09600798188944178
1.2,exponential,2.341137123745819,0.09506811218642923
1.2,exponential,2.354515050167224,0.09413986435570798
1.2,exponential,2.3678929765886285,0.09322309468808611
1.2,exponential,2.381270903010033,0.09231766125139446
1.2,exponential,2.394648829431438,0.09142342386851304
1.2,exponential,2.408026755852843,0.09054024409566913
1.2,exponential,2.4214046822742477,0.08966798520100373
1.2,exponential,2.4347826086956523,0.08880651214340309
1.2,exponential,2.448160535117057,0.08795569155159184
1.2,exponential,2.4615384615384617,0.08711539170348497
1.2,exponential,2.4749163879598663,0.08628548250579463
1.2,exponential,2.488294314381271,0.0854658354738897
1.2,exponential,2.5016722408026757,0.08465632371190379
1.2,exponential,2.5150501672240804,0.08385682189308975
1.2,exponential,2.528428093645485,0.0830672062404168
1.2,exponential,2.5418060200668897,0.08228735450740758
1.2,exponential,2.5551839464882944,0.08151714595921235
1.2,exponential,2.568561872909699,0.080756461353917
1.2,exponential,2.5819397993311037,0.08000518292408235
1.2,exponential,2.5953177257525084,0.07926319435851162
1.2,exponential,2.608695652173913,0.07853038078424346
1.2,exponential,2.6220735785953178,0.07780662874876754
1.2,exponential,2.6354515050167224,0.07709182620246009
1.2,exponential,2.648829431438127,0.07638586248123669
1.2,exponential,2.6622073578595318,0.07568862828941941
1.2,exponential,2.6755852842809364,0.07500001568281599
1.2,exponential,2.688963210702341,0.07431991805200813
1.2,exponential,2.702341137123746,0.07364823010584651
1.2,exponential,2.7157190635451505,0.07298484785514979
1.2,exponential,2.729096989966555,0.07232966859660532
1.2,exponential,2.74247491638796,0.07168259089686878
1.2,exponential,2.7558528428093645,0.07104351457686049
1.2,exponential,2.769230769230769,0.07041234069625604
1.2,exponential,2.782608695652174,0.06978897153816843
1.2,exponential,2.7959866220735785,0.06917331059401986
1.2,exponential,2.809364548494983,0.06856526254860049
1.2,exponential,2.822742474916388,0.06796473326531187
1.2,exponential,2.8361204013377925,0.06737162977159303
1.2,exponential,2.849498327759197,0.06678586024452664
1.2,exponential,2.862876254180602,0.0662073339966232
1.2,exponential,2.8762541806020065,0.06563596146178101
1.2,exponential,2.8896321070234112,0.06507165418141976
1.2,exponential,2.903010033444816,0.0645143247907856
1.2,exponential,2.9163879598662206,0.06396388700542541
1.2,exponential,2.9297658862876252,0.06342025560782864
1.2,exponential,2.94314381270903,0.06288334643423395
1.2,exponential,2.9565217391304346,0.06235307636159927
1.2,exponential,2.9698996655518393,0.061829363294732875
1.2,exponential,2.983277591973244,0.06131212615358354
1.2,exponential,2.9966555183946486,0.06080128486068795
1.2,exponential,3.0100334448160533,0.06029676032877332
1.2,exponential,3.023411371237458,0.05979847444851323
1.2,exponential,3.0367892976588626,0.05930635007643495
1.2,exponential,3.0501672240802673,0.05882031102297629
1.2,exponential,3.063545150501672,0.05834028204069004
1.2,exponential,3.0769230769230766,0.057866188812594394
1.2,exponential,3.0903010033444818,0.057397957940667294
1.2,exponential,3.1036789297658864,0.056935516934483246
1.2,exponential,3.117056856187291,0.056478794199990384
1.2,exponential,3.130434782608696,0.05602771902842654
1.2,exponential,3.1438127090301005,0.055582221585372196
1.2,exponential,3.157190635451505,0.055142232899938914
1.2,exponential,3.17056856187291,0.054707684854091485
1.2,exponential,3.1839464882943145,0.05427851017210192
1.2,exponential,3.197324414715719,0.053854642410134115
1.2,exponential,3.210702341137124,0.053436015945957066
1.2,exponential,3.2240802675585285,0.05302256596878546
1.2,exponential,3.237458193979933,0.052614228469245725
1.2,exponential,3.250836120401338,0.052210940229466374
1.2,exponential,3.2642140468227425,0.051812638813290623
1.2,exponential,3.277591973244147,0.05141926255661031
1.2,exponential,3.290969899665552,0.05103075055781907
1.2,exponential,3.3043478260869565,0.050647042668383754
1.2,exponential,3.317725752508361,0.0502680794835324
1.2,exponential,3.331103678929766,0.04989380233305723
1.2,exponential,3.3444816053511706,0.049524153272231544
1.2,exponential,3.3578595317725752,0.04915907507283885
1.2,exponential,3.37123745819398,0.04879851121431286
1.2,exponential,3.3846153846153846,0.04844240587498717
1.2,exponential,3.3979933110367893,0.04809070392345305
1.2,exponential,3.411371237458194,0.0477433509100241
1.2,exponential,3.4247491638795986,0.04740029305830655
1.2,exponential,3.4381270903010033,0.04706147725687366
1.2,exponential,3.451505016722408,0.04672685105104313
1.2,exponential,3.4648829431438126,0.046396362634756216
1.2,exponential,3.4782608695652173,0.04606996084255726
1.2,exponential,3.491638795986622,0.045747595141672266
1.2,exponential,3.5050167224080266,0.04542921562418564
1.2,exponential,3.5183946488294313,0.04511477299931356
1.2,exponential,3.531772575250836,0.044804218585772784
1.2,exponential,3.5451505016722407,0.04449750430424405
1.2,exponential,3.5585284280936453,0.04419458266992847
1.2,exponential,3.57190635451505,0.04389540678519606
1.2,exponential,3.5852842809364547,0.04359993033232516
1.2,exponential,3.5986622073578594,0.043308107566331674
1.2,exponential,3.612040133779264,0.043019893307886845
1.2,exponential,3.6254180602006687,0.04273524293632277
1.2,exponential,3.6387959866220734,0.04245411238272432
1.2,exponential,3.652173913043478,0.042176458123106435
1.2,exponential,3.6655518394648827,0.04190223717167593
1.2,exponential,3.6789297658862874,0.04163140707417648
1.2,exponential,3.692307692307692,0.04136392590131594
1.2,exponential,3.7056856187290967,0.04109975224227498
1.2,exponential,3.7190635451505014,0.04083884519829596
1.2,exponential,3.732441471571906,0.04058116437635102
1.2,exponential,3.7458193979933108,0.0403266698828886
1.2,exponential,3.7591973244147154,0.040075322317657175
1.2,exponential,3.7725752508361206,0.039827082767605396
1.2,exponential,3.7859531772575252,0.03958191280085768
1.2,exponential,3.79933110367893,0.03933977446076427
1.2,exponential,3.8127090301003346,0.03910063026002482
1.2,exponential,3.8260869565217392,0.0388644431748848
1.2,exponential,3.839464882943144,0.03863117663940348
1.2,exponential,3.8528428093645486,0.03840079453979292
1.2,exponential,3.8662207357859533,0.038173261208826886
1.2,exponential,3.879598662207358,0.03794854142031896
1.2,exponential,3.8929765886287626,0.03772660038366887
1.2,exponential,3.9063545150501673,0.037507403738476316
1.2,exponential,3.919732441471572,0.03729091754922138
1.2,exponential,3.9331103678929766,0.03707710830001069
1.2,exponential,3.9464882943143813,0.03686594288938854
1.2,exponential,3.959866220735786,0.03665738862521226
1.2,exponential,3.9732441471571907,0.03645141321959084
1.2,exponential,3.9866220735785953,0.036247984783886224
1.2,exponential,4.0,0.03604707182377637
0,sigmoid,0.0,0.865565194858767
0,sigmoid,0.013377926421404682,0.8614577347719279
0,sigmoid,0.026755852842809364,0.8572242506811762
0,sigmoid,0.04013377926421405,0.8528624203240187
0,sigmoid,0.05351170568561873,0.8483699914704722
0,sigmoid,0.06688963210702341,0.8437447916322725
0,sigmoid,0.0802675585284281,0.8389847381577373
0,sigmoid,0.09364548494983277,0.8340878486904476
0,sigmoid,0.10702341137123746,0.8290522519652809
0,sigmoid,0.12040133779264214,0.8238761989104726
0,sigmoid,0.13377926421404682,0.8185580740193058
0,sigmoid,0.1471571906354515,0.8130964069497738
0,sigmoid,0.1605351170568562,0.8074898843051883
0,sigmoid,0.17391304347826086,0.8017373615432307
0,sigmoid,0.18729096989966554,0.7958378749554609
0,sigmoid,0.20066889632107024,0.7897906536538427
0,sigmoid,0.2140468227424749,0.7835951314955083
0,sigmoid,0.22742474916387959,0.7772509588718298
0,sigmoid,0.2408026755852843,0.7707580142829905
0,sigmoid,0.25418060200668896,0.7641164156147358
0,sigmoid,0.26755852842809363,0.7573265310299246
0,sigmoid,0.2809364548494983,0.7503889893840022
0,sigmoid,0.294314381270903,0.7433046900706655
0,sigmoid,0.3076923076923077,0.7360748122018917
0,sigmoid,0.3210702341137124,0.7287008230252555
0,sigmoid,0.33444816053511706,0.7211844854811368
0,sigmoid,0.34782608695652173,0.7135278648031428
0,sigmoid,0.3612040133779264,0.7057333340668723
0,sigmoid,0.3745819397993311,0.6978035785951221
0,sigmoid,0.3879598662207358,0.6897415991318329
0,sigmoid,0.4013377926421405,0.6815507137025059
0,sigmoid,0.41471571906354515,0.6732345580855289
0,sigmoid,0.4280936454849498,0.6647970848268201
0,sigmoid,0.4414715719063545,0.656242560739401
0,sigmoid,0.45484949832775917,0.6475755628399075
0,sigmoid,0.46822742474916385,0.638800972685546
0,sigmoid,0.4816053511705686,0.629923969087538
0,sigmoid,0.49498327759197325,0.6209500191905034
0,sigmoid,0.5083612040133779,0.611884867921411
0,sigmoid,0.5217391304347826,0.6027345258264775
0,sigmoid,0.5351170568561873,0.5935052553295499
0,sigmoid,0.5484949832775919,0.5842035554608569
0,sigmoid,0.5618729096989966,0.5748361451203494
0,sigmoid,0.5752508361204013,0.5654099449549426
0,sigmoid,0.588628762541806,0.5559320579435894
0,sigmoid,0.6020066889632107,0.5464097487980402
0,sigmoid,0.6153846153846154,0.536850422300135
0,sigmoid,0.6287625418060201,0.5272616007083358
0,sigmoid,0.6421404682274248,0.5176509003767276
0,sigmoid,0.6555183946488294,0.5080260077387169
0,sigmoid,0.6688963210702341,0.49839465481498707
0,sigmoid,0.6822742474916388,0.4887645944107957
0,sigmoid,0.6956521739130435,0.47914357517132505
0,sigmoid,0.7090301003344481,0.46953931666545906
0,sigmoid,0.7224080267558528,0.459959484668027
0,sigmoid,0.7357859531772575,0.4504116668082314
0,sigmoid,0.7491638795986622,0.44090334874771137
0,sigmoid,0.7625418060200668,0.4314418910455507
0,sigmoid,0.7759197324414716,0.42203450685964006
0,sigmoid,0.7892976588628763,0.41268824062427295
0,sigmoid,0.802675585284281,0.4034099478328685
0,sigmoid,0.8160535117056856,0.39420627604245556
0,sigmoid,0.8294314381270903,0.3850836472032202
0,sigmoid,0.842809364548495,0.3760482414022422
0,sigmoid,0.8561872909698997,0.3671059820957422
0,sigmoid,0.8695652173913043,0.35826252288896415
0,sigmoid,0.882943143812709,0.3495232359074528
0,sigmoid,0.8963210702341137,0.34089320178817933
0,sigmoid,0.9096989966555183,0.3323772013039211
0,sigmoid,0.923076923076923,0.32397970861972836
0,sigmoid,0.9364548494983277,0.3157048861663663
0,sigmoid,0.9498327759197325,0.3075565811024909
0,sigmoid,0.9632107023411371,0.2995383233251152
0,sigmoid,0.9765886287625418,0.2916533249767811
0,sigmoid,0.9899665551839465,0.28390448138784496
0,sigmoid,1.0033444816053512,0.27629437338349
0,sigmoid,1.0167224080267558,0.2688252708775281
0,sigmoid,1.0301003344481605,0.26149913766877014
0,sigmoid,1.0434782608695652,0.2543176373507243
0,sigmoid,1.0568561872909699,0.24728214024160095
0,sigmoid,1.0702341137123745,0.24039373123902333
0,sigmoid,1.0836120401337792,0.2336532185024075
0,sigmoid,1.0969899665551839,0.22706114286561366
0,sigmoid,1.1103678929765886,0.220617787883107
0,sigmoid,1.1237458193979932,0.21432319041441228
0,sigmoid,1.137123745819398,0.2081771516540017
0,sigmoid,1.1505016722408026,0.20217924851683836
0,sigmoid,1.1638795986622072,0.19632884529349123
0,sigmoid,1.177257525083612,0.19062510549295977
0,sigmoid,1.1906354515050166,0.1850670037959901
0,sigmoid,1.2040133779264215,0.179653338046643
0,sigmoid,1.2173913043478262,0.17438274121509886
0,sigmoid,1.2307692307692308,0.16925369327006576
0,sigmoid,1.2441471571906355,0.164264532904635
0,sigmoid,1.2575250836120402,0.15941346906491094
0,sigmoid,1.2709030100334449,0.15469859223618937
0,sigmoid,1.2842809364548495,0.15011788544679994
0,sigmoid,1.2976588628762542,0.14566923495492487
0,sigmoid,1.3110367892976589,0.14135044058871374
0,sigmoid,1.3244147157190636,0.137159225714801
0,sigmoid,1.3377926421404682,0.13309324681487167
0,sigmoid,1.351170568561873,0.12915010265419113
0,sigmoid,1.3645484949832776,0.12532734303000215
0,sigmoid,1.3779264214046822,0.1216224770913868
0,sigmoid,1.391304347826087,0.1180329812255864
0,sigmoid,1.4046822742474916,0.11455630650887261
0,sigmoid,1.4180602006688963,0.11118988572286247
0,sigmoid,1.431438127090301,0.10793113993968541
0,sigmoid,1.4448160535117056,0.10477748468163982
0,sigmoid,1.4581939799331103,0.10172633566293895
0,sigmoid,1.471571906354515,0.09877511412284935
0,sigmoid,1.4849498327759196,0.0959212517609838
0,sigmoid,1.4983277591973243,0.09316219528674148
0,sigmoid,1.511705685618729,0.09049541059590406
0,sigmoid,1.5250836120401337,0.08791838658821485
0,sigmoid,1.5384615384615383,0.08542863864040375
0,sigmoid,1.5518394648829432,0.08302371174959114
0,sigmoid,1.565217391304348,0.08070118336232196
0,sigmoid,1.5785953177257526,0.07845866590466367
0,sigmoid,1.5919732441471572,0.07629380902886426
0,sigmoid,1.605351170568562,0.07420430159201923
0,sigmoid,1.6187290969899666,0.07218787338205566
0,sigmoid,1.6321070234113713,0.07024229660611928
0,sigmoid,1.645484949832776,0.0683653871561558
0,sigmoid,1.6588628762541806,0.06655500566612475
0,sigmoid,1.6722408026755853,0.0648090583748801
0,sigmoid,1.68561872909699,0.06312549780830638
0,sigmoid,1.6989966555183946,0.061502323293822256
0,sigmoid,1.7123745819397993,0.059937581319858976
0,sigmoid,1.725752508361204,0.058429365752400125
0,sigmoid,1.7391304347826086,0.05697581792013337
0,sigmoid,1.7525083612040133,0.0555751265792233
0,sigmoid,1.765886287625418,0.05422552776816922
0,sigmoid,1.7792642140468227,0.05292530456266788
0,sigmoid,1.7926421404682273,0.05167278673986256
0,sigmoid,1.806020066889632,0.05046635036082884
0,sigmoid,1.8193979933110367,0.049304417279627345
0,sigmoid,1.8327759197324414,0.048185454586745335
0,sigmoid,1.846153846153846,0.04710797399425649
0,sigmoid,1.8595317725752507,0.0460705311695501
0,sigmoid,1.8729096989966554,0.04507172502402095
0,sigmoid,1.8862876254180603,0.04411019696266795
0,sigmoid,1.899665551839465,0.04318463010012609
0,sigmoid,1.9130434782608696,0.042293748448249756
0,sigmoid,1.9264214046822743,0.04143631607998073
0,sigmoid,1.939799331103679,0.04061113627386459
0,sigmoid,1.9531772575250836,0.03981705064323328
0,sigmoid,1.9665551839464883,0.03905293825373951
0,sigmoid,1.979933110367893,0.03831771473261955
0,sigmoid,1.9933110367892977,0.03761033137276541
0,sigmoid,2.0066889632107023,0.03692977423441379
0,sigmoid,2.020066889632107,0.03627506324699806
0,sigmoid,2.0334448160535117,0.03564525131346898
0,sigmoid,2.0468227424749164,0.035039423419161386
0,sigmoid,2.060200668896321,0.03445669574707384
0,sigmoid,2.0735785953177257,0.03389621480122974
0,sigmoid,2.0869565217391304,0.03335715653960635
0,sigmoid,2.100334448160535,0.03283872551794659
0,sigmoid,2.1137123745819397,0.032340154045611934
0,sigmoid,2.1270903010033444,0.03186070135448775
0,sigmoid,2.140468227424749,0.03139965278181875
0,sigmoid,2.1538461538461537,0.03095631896772682
0,sigmoid,2.1672240802675584,0.030530035068050715
0,sigmoid,2.180602006688963,0.030120159983040677
0,sigmoid,2.1939799331103678,0.029726075602346497
0,sigmoid,2.2073578595317724,0.02934718606664829
0,sigmoid,2.220735785953177,0.028982917046200367
0,sigmoid,2.234113712374582,0.02863271503648449
0,sigmoid,2.2474916387959865,0.028296046671103664
0,sigmoid,2.260869565217391,0.02797239805198663
0,sigmoid,2.274247491638796,0.027661274096920006
0,sigmoid,2.2876254180602005,0.02736219790437543
0,sigmoid,2.301003344481605,0.027074710135556082
0,sigmoid,2.31438127090301,0.02679836841354718
0,sigmoid,2.3277591973244145,0.026532746739420913
0,sigmoid,2.341137123745819,0.026277434925114748
0,sigmoid,2.354515050167224,0.026032038042875558
0,sigmoid,2.3678929765886285,0.02579617589103751
0,sigmoid,2.381270903010033,0.025569482475881634
0,sigmoid,2.394648829431438,0.025351605509306367
0,sigmoid,2.408026755852843,0.025142205922023795
0,sigmoid,2.4214046822742477,0.0249409573919828
0,sigmoid,2.4347826086956523,0.024747545887710005
0,sigmoid,2.448160535117057,0.024561669226250422
0,sigmoid,2.4615384615384617,0.024383036645382872
0,sigmoid,2.4749163879598663,0.02421136838977985
0,sigmoid,2.488294314381271,0.024046395310777714
0,sigmoid,2.5016722408026757,0.02388785847942054
0,sigmoid,2.5150501672240804,0.02373550881243977
0,sigmoid,2.528428093645485,0.02358910671083145
0,sigmoid,2.5418060200668897,0.023448421710693716
0,sigmoid,2.5551839464882944,0.023313232145988752
0,sigmoid,2.568561872909699,0.02318332482289592
0,sigmoid,2.5819397993311037,0.023058494705425748
0,sigmoid,2.5953177257525084,0.022938544611968214
0,sigmoid,2.608695652173913,0.022823284922452978
0,sigmoid,2.6220735785953178,0.02271253329580389
0,sigmoid,2.6354515050167224,0.02260611439737512
0,sigmoid,2.648829431438127,0.022503859636061788
0,sigmoid,2.6622073578595318,0.022405606910783575
0,sigmoid,2.6755852842809364,0.022311200366045784
0,sigmoid,2.688963210702341,0.022220490156288516
0,sigmoid,2.702341137123746,0.02213333221874085
0,sigmoid,2.7157190635451505,0.02204958805450343
0,sigmoid,2.729096989966555,0.021969124517589374
0,sigmoid,2.74247491638796,0.021891813611659986
0,sigmoid,2.7558528428093645,0.021817532294198423
0,sigmoid,2.769230769230769,0.02174616228787112
0,sigmoid,2.782608695652174,0.021677589898833387
0,sigmoid,2.7959866220735785,0.021611705841742313
0,sigmoid,2.809364548494983,0.021548405071246505
0,sigmoid,2.822742474916388,0.02148758661972897
0,sigmoid,2.8361204013377925,0.02142915344108568
0,sigmoid,2.849498327759197,0.02137301226032896
0,sigmoid,2.862876254180602,0.021319073428810842
0,sigmoid,2.8762541806020065,0.021267250784868106
0,sigmoid,2.8896321070234112,0.021217461519696466
0,sigmoid,2.903010033444816,0.021169626048267564
0,sigmoid,2.9163879598662206,0.021123667885108225
0,sigmoid,2.9297658862876252,0.021079513524767158
0,sigmoid,2.94314381270903,0.02103709232679995
0,sigmoid,2.9565217391304346,0.020996336405108684
0,sigmoid,2.9698996655518393,0.02095718052147786
0,sigmoid,2.983277591973244,0.02091956198315354
0,sigmoid,2.9966555183946486,0.020883420544317785
0,sigmoid,3.0100334448160533,0.020848698311315375
0,sigmoid,3.023411371237458,0.020815339651494662
0,sigmoid,3.0367892976588626,0.02078329110552915
0,sigmoid,3.0501672240802673,0.0207525013030909
0,sigmoid,3.063545150501672,0.020722920881751424
0,sigmoid,3.0769230769230766,0.020694502408989957
0,sigmoid,3.0903010033444818,0.020667200307193205
0,sigmoid,3.1036789297658864,0.020640970781534828
0,sigmoid,3.117056856187291,0.020615771750626732
0,sigmoid,3.130434782608696,0.020591562779838188
0,sigmoid,3.1438127090301005,0.02056830501718243
0,sigmoid,3.157190635451505,0.020545961131674024
0,sigmoid,3.17056856187291,0.02052449525406373
0,sigmoid,3.1839464882943145,0.020503872919860992
0,sigmoid,3.197324414715719,0.020484061014557443
0,sigmoid,3.210702341137124,0.020465027720967897
0,sigmoid,3.2240802675585285,0.020446742468608448
0,sigmoid,3.237458193979933,0.020429175885034154
0,sigmoid,3.250836120401338,0.02041229974906168
0,sigmoid,3.2642140468227425,0.020396086945805005
0,sigmoid,3.277591973244147,0.02038051142345494
0,sigmoid,3.290969899665552,0.020365548151735788
0,sigmoid,3.3043478260869565,0.02035117308197496
0,sigmoid,3.317725752508361,0.020337363108723725
0,sigmoid,3.331103678929766,0.020324096032869565
0,sigmoid,3.3444816053511706,0.02031135052618289
0,sigmoid,3.3578595317725752,0.020299106097242996
0,sigmoid,3.37123745819398,0.02028734305869009
0,sigmoid,3.3846153846153846,0.02027604249575249
0,sigmoid,3.3979933110367893,0.02026518623599966
0,sigmoid,3.411371237458194,0.02025475682027397
0,sigmoid,3.4247491638795986,0.020244737474755543
0,sigmoid,3.4381270903010033,0.02023511208411649
0,sigmoid,3.451505016722408,0.020225865165722372
0,sigmoid,3.4648829431438126,0.020216981844840422
0,sigmoid,3.4782608695652173,0.020208447830815476
0,sigmoid,3.491638795986622,0.020200249394176216
0,sigmoid,3.5050167224080266,0.02019237334463558
0,sigmoid,3.5183946488294313,0.020184807009950696
0,sigmoid,3.531772575250836,0.020177538215608998
0,sigmoid,3.5451505016722407,0.020170555265308417
0,sigmoid,3.5585284280936453,0.020163846922200794
0,sigmoid,3.57190635451505,0.020157402390868863
0,sigmoid,3.5852842809364547,0.020151211300008305
0,sigmoid,3.5986622073578594,0.020145263685787364
0,sigmoid,3.612040133779264,0.02013954997585775
0,sigmoid,3.6254180602006687,0.02013406097399137
0,sigmoid,3.6387959866220734,0.020128787845318595
0,sigmoid,3.652173913043478,0.020123722102144578
0,sigmoid,3.6655518394648827,0.02011885559032106
0,sigmoid,3.6789297658862874,0.020114180476152075
0,sigmoid,3.692307692307692,0.020109689233812653
0,sigmoid,3.7056856187290967,0.020105374633260557
0,sigmoid,3.7190635451505014,0.020101229728621755
0,sigmoid,3.732441471571906,0.020097247847031166
0,sigmoid,3.7458193979933108,0.020093422577910896
0,sigmoid,3.7591973244147154,0.02008974776266885
0,sigmoid,3.7725752508361206,0.020086217484801286
0,sigmoid,3.7859531772575252,0.020082826060383554
0,sigmoid,3.79933110367893,0.020079568028933823
0,sigmoid,3.8127090301003346,0.02007643814463518
0,sigmoid,3.8260869565217392,0.020073431367902135
0,sigmoid,3.839464882943144,0.02007054285727801
0,sigmoid,3.8528428093645486,0.020067767961650284
0,sigmoid,3.8662207357859533,0.020065102212771448
0,sigmoid,3.879598662207358,0.020062541318073394
0,sigmoid,3.8929765886287626,0.02006008115376386
0,sigmoid,3.9063545150501673,0.020057717758193868
0,sigmoid,3.919732441471572,0.020055447325485552
0,sigmoid,3.9331103678929766,0.020053266199410173
0,sigmoid,3.9464882943143813,0.020051170867506497
0,sigmoid,3.959866220735786,0.020049157955430146
0,sigmoid,3.9732441471571907,0.020047224221524843
0,sigmoid,3.9866220735785953,0.02004536655160686
0,sigmoid,4.0,0.020043581953954337
0,exponential,0.0,0.865565194858767
0,exponential,0.013377926421404682,0.8615296179787459
0,exponential,0.026755852842809364,0.857513301447724
0,exponential,0.04013377926421405,0.8535161533430209
0,exponential,0.05351170568561873,0.8495380821806701
0,exponential,0.06688963210702341,0.8455789969133247
0,exponential,0.0802675585284281,0.8416388069281742
0,exponential,0.09364548494983277,0.8377174220448698
0,exponential,0.10702341137123746,0.8338147525134614
0,exponential,0.12040133779264214,0.8299307090123426
0,exponential,0.13377926421404682,0.826065202646207
0,exponential,0.1471571906354515,0.822218144944013
0,exponential,0.1605351170568562,0.8183894478569596
0,exponential,0.17391304347826086,0.8145790237564707
0,exponential,0.18729096989966554,0.81078678543219
0,exponential,0.20066889632107024,0.8070126460899842
0,exponential,0.2140468227424749,0.8032565193499573
0,exponential,0.22742474916387959,0.7995183192444736
0,exponential,0.2408026755852843,0.7957979602161891
0,exponential,0.25418060200668896,0.7920953571160947
0,exponential,0.26755852842809363,0.7884104252015665
0,exponential,0.2809364548494983,0.7847430801344264
0,exponential,0.294314381270903,0.7810932379790121
0,exponential,0.3076923076923077,0.7774608152002558
0,exponential,0.3210702341137124,0.7738457286617723
0,exponential,0.33444816053511706,0.7702478956239563
0,exponential,0.34782608695652173,0.766667233742089
0,exponential,0.3612040133779264,0.7631036610644527
0,exponential,0.3745819397993311,0.759557096030456
0,exponential,0.3879598662207358,0.7560274574687664
0,exponential,0.4013377926421405,0.7525146645954531
0,exponential,0.41471571906354515,0.7490186370121376
0,exponential,0.4280936454849498,0.7455392947041538
0,exponential,0.4414715719063545,0.7420765580387166
0,exponential,0.45484949832775917,0.7386303477630998
0,exponential,0.46822742474916385,0.7352005850028213
0,exponential,0.4816053511705686,0.7317871912598384
0,exponential,0.49498327759197325,0.7283900884107516
0,exponential,0.5083612040133779,0.7250091987050157
0,exponential,0.5217391304347826,0.721644444763161
0,exponential,0.5351170568561873,0.718295749575022
0,exponential,0.5484949832775919,0.7149630364979745
0,exponential,0.5618729096989966,0.7116462292551824
0,exponential,0.5752508361204013,0.7083452519338509
0,exponential,0.588628762541806,0.7050600289834897
0,exponential,0.6020066889632107,0.701790485214184
0,exponential,0.6153846153846154,0.6985365457948726
0,exponential,0.6287625418060201,0.6952981362516361
0,exponential,0.6421404682274248,0.6920751824659926
0,exponential,0.6555183946488294,0.6888676106732005
0,exponential,0.6688963210702341,0.6856753474605708
0,exponential,0.6822742474916388,0.6824983197657866
0,exponential,0.6956521739130435,0.6793364548752311
0,exponential,0.7090301003344481,0.6761896804223233
0,exponential,0.7224080267558528,0.6730579243858617
0,exponential,0.7357859531772575,0.6699411150883758
0,exponential,0.7491638795986622,0.6668391811944864
0,exponential,0.7625418060200668,0.6637520517092711
0,exponential,0.7759197324414716,0.6606796559766416
0,exponential,0.7892976588628763,0.6576219236777252
0,exponential,0.802675585284281,0.6545787848292557
0,exponential,0.8160535117056856,0.6515501697819718
0,exponential,0.8294314381270903,0.6485360092190228
0,exponential,0.842809364548495,0.6455362341543825
0,exponential,0.8561872909698997,0.64255077593127
0,exponential,0.8695652173913043,0.6395795662205781
0,exponential,0.882943143812709,0.63662253701931
0,exponential,0.8963210702341137,0.6336796206490226
0,exponential,0.9096989966555183,0.6307507497542775
0,exponential,0.923076923076923,0.6278358573010995
0,exponential,0.9364548494983277,0.6249348765754419
0,exponential,0.9498327759197325,0.6220477411816606
0,exponential,0.9632107023411371,0.6191743850409938
0,exponential,0.9765886287625418,0.6163147423900492
0,exponential,0.9899665551839465,0.6134687477793002
0,exponential,1.0033444816053512,0.6106363360715864
0,exponential,1.0167224080267558,0.6078174424406241
0,exponential,1.0301003344481605,0.6050120023695214
0,exponential,1.0434782608695652,0.6022199516493026
0,exponential,1.0568561872909699,0.5994412263774382
0,exponential,1.0702341137123745,0.5966757629563826
0,exponential,1.0836120401337792,0.5939234980921173
0,exponential,1.0969899665551839,0.5911843687927044
0,exponential,1.1103678929765886,0.5884583123668433
0,exponential,1.1237458193979932,0.5857452664224361
0,exponential,1.137123745819398,0.5830451688651601
0,exponential,1.1505016722408026,0.5803579578970463
0,exponential,1.1638795986622072,0.5776835720150648
0,exponential,1.177257525083612,0.5750219500097178
0,exponential,1.1906354515050166,0.5723730309636382
0,exponential,1.2040133779264215,0.5697367542501951
0,exponential,1.2173913043478262,0.5671130595321072
0,exponential,1.2307692307692308,0.5645018867600607
0,exponential,1.2441471571906355,0.5619031761713358
0,exponential,1.2575250836120402,0.5593168682884382
0,exponential,1.2709030100334449,0.5567429039177385
0,exponential,1.2842809364548495,0.554181224148117
0,exponential,1.2976588628762542,0.5516317703496152
0,exponential,1.3110367892976589,0.5490944841720947
0,exponential,1.3244147157190636,0.5465693075439008
0,exponential,1.3377926421404682,0.5440561826705339
0,exponential,1.351170568561873,0.5415550520333267
0,exponential,1.3645484949832776,0.5390658583881277
0,exponential,1.3779264214046822,0.536588544763991
0,exponential,1.391304347826087,0.5341230544618724
0,exponential,1.4046822742474916,0.5316693310533318
0,exponential,1.4180602006688963,0.5292273183792415
0,exponential,1.431438127090301,0.5267969605485013
0,exponential,1.4448160535117056,0.5243782019367585
0,exponential,1.4581939799331103,0.5219709871851361
0,exponential,1.471571906354515,0.5195752611989641
0,exponential,1.4849498327759196,0.5171909691465201
0,exponential,1.4983277591973243,0.5148180564577733
0,exponential,1.511705685618729,0.5124564688231362
0,exponential,1.5250836120401337,0.5101061521922211
0,exponential,1.5384615384615383,0.5077670527726035
0,exponential,1.5518394648829432,0.5054391170285903
0,exponential,1.565217391304348,0.5031222916799953
0,exponential,1.5785953177257526,0.5008165237009192
0,exponential,1.5919732441471572,0.4985217603185361
0,exponential,1.605351170568562,0.4962379490118858
0,exponential,1.6187290969899666,0.4939650375106714
0,exponential,1.6321070234113713,0.49170297379406364
0,exponential,1.645484949832776,0.48945170608950955
0,exponential,1.6588628762541806,0.48721118287154797
0,exponential,1.6722408026755853,0.48498135286063
0,exponential,1.68561872909699,0.48276216502194574
0,exponential,1.6989966555183946,0.4805535685642557
0,exponential,1.7123745819397993,0.4783555129387287
0,exponential,1.725752508361204,0.47616794783778493
0,exponential,1.7391304347826086,0.47399082319394437
0,exponential,1.7525083612040133,0.471824089178681
0,exponential,1.765886287625418,0.4696676962012825
0,exponential,1.7792642140468227,0.4675215949077147
0,exponential,1.7926421404682273,0.4653857361794929
0,exponential,1.806020066889632,0.4632600711325567
0,exponential,1.8193979933110367,0.4611445511161517
0,exponential,1.8327759197324414,0.4590391277117163
0,exponential,1.846153846153846,0.4569437527317729
0,exponential,1.8595317725752507,0.45485837821882535
0,exponential,1.8729096989966554,0.4527829564442613
0,exponential,1.8862876254180603,0.4507174399072598
0,exponential,1.899665551839465,0.44866178133370427
0,exponential,1.9130434782608696,0.4466159336751001
0,exponential,1.9264214046822743,0.4445798501074984
0,exponential,1.939799331103679,0.44255348403042394
0,exponential,1.9531772575250836,0.44053678906580873
0,exponential,1.9665551839464883,0.4385297190569305
0,exponential,1.979933110367893,0.43653222806735636
0,exponential,1.9933110367892977,0.4345442703798914
0,exponential,2.0066889632107023,0.43256580049553234
0,exponential,2.020066889632107,0.43059677313242606
0,exponential,2.0334448160535117,0.4286371432248336
0,exponential,2.0468227424749164,0.42668686592209826
0,exponential,2.060200668896321,0.4247458965876195
0,exponential,2.0735785953177257,0.4228141907978309
0,exponential,2.0869565217391304,0.4208917043411838
0,exponential,2.100334448160535,0.41897839321713526
0,exponential,2.1137123745819397,0.417074213635141
0,exponential,2.1270903010033444,0.41517912201365326
0,exponential,2.140468227424749,0.41329307497912304
0,exponential,2.1538461538461537,0.41141602936500776
0,exponential,2.1672240802675584,0.40954794221078317
0,exponential,2.180602006688963,0.40768877076095994
0,exponential,2.1939799331103678,0.4058384724641053
0,exponential,2.2073578595317724,0.4039970049718691
0,exponential,2.220735785953177,0.4021643261380144
0,exponential,2.234113712374582,0.4003403940174533
0,exponential,2.2474916387959865,0.3985251668652864
0,exponential,2.260869565217391,0.3967186031358476
0,exponential,2.274247491638796,0.3949206614817534
0,exponential,2.2876254180602005,0.39313130075295627
0,exponential,2.301003344481605,0.39135047999580297
0,exponential,2.31438127090301,0.38957815845209737
0,exponential,2.3277591973244145,0.3878142955581674
0,exponential,2.341137123745819,0.38605885094393666
0,exponential,2.354515050167224,0.3843117844320006
0,exponential,2.3678929765886285,0.3825730560367069
0,exponential,2.381270903010033,0.3808426259632402
0,exponential,2.394648829431438,0.3791204546067115
0,exponential,2.408026755852843,0.3774065025512515
0,exponential,2.4214046822742477,0.37570073056910896
0,exponential,2.4347826086956523,0.374003099619752
0,exponential,2.448160535117057,0.3723135708489753
0,exponential,2.4615384615384617,0.3706321055880107
0,exponential,2.4749163879598663,0.3689586653526419
0,exponential,2.488294314381271,0.367293211842324
0,exponential,2.5016722408026757,0.36563570693930675
0,exponential,2.5150501672240804,0.36398611270776204
0,exponential,2.528428093645485,0.36234439139291574
0,exponential,2.5418060200668897,0.36071050542018374
0,exponential,2.5551839464882944,0.35908441739431174
0,exponential,2.568561872909699,0.3574660900985194
0,exponential,2.5819397993311037,0.35585548649364873
0,exponential,2.5953177257525084,0.35425256971731617
0,exponential,2.608695652173913,0.35265730308306903
0,exponential,2.6220735785953178,0.3510696500795458
0,exponential,2.6354515050167224,0.3494895743696405
0,exponential,2.648829431438127,0.347917039789671
0,exponential,2.6622073578595318,0.3463520103485512
0,exponential,2.6755852842809364,0.34479445022696764
0,exponential,2.688963210702341,0.34324432377655945
0,exponential,2.702341137123746,0.34170159551910245
0,exponential,2.7157190635451505,0.34016623014569725
0,exponential,2.729096989966555,0.33863819251596095
0,exponential,2.74247491638796,0.3371174476572231
0,exponential,2.7558528428093645,0.3356039607637251
0,exponential,2.769230769230769,0.3340976971958238
0,exponential,2.782608695652174,0.33259862247919825
0,exponential,2.7959866220735785,0.3311067023040612
0,exponential,2.809364548494983,0.3296219025243735
0,exponential,2.822742474916388,0.3281441891570627
0,exponential,2.8361204013377925,0.3266735283812454
0,exponential,2.849498327759197,0.325209886537453
0,exponential,2.862876254180602,0.323753230126861
0,exponential,2.8762541806020065,0.32230352581052335
0,exponential,2.8896321070234112,0.32086074040860807
0,exponential,2.903010033444816,0.31942484089963913
0,exponential,2.9163879598662206,0.3179957944197394
0,exponential,2.9297658862876252,0.3165735682618798
0,exponential,2.94314381270903,0.3151581298751296
0,exponential,2.9565217391304346,0.3137494468639121
0,exponential,2.9698996655518393,0.312347486987263
0,exponential,2.983277591973244,0.31095221815809226
0,exponential,2.9966555183946486,0.30956360844245023
0,exponential,3.0100334448160533,0.3081816260587961
0,exponential,3.023411371237458,0.30680623937727125
0,exponential,3.0367892976588626,0.3054374169189745
0,exponential,3.0501672240802673,0.3040751273552425
0,exponential,3.063545150501672,0.3027193395069319
0,exponential,3.0769230769230766,0.30137002234370647
0,exponential,3.0903010033444818,0.3000271449833263
0,exponential,3.1036789297658864,0.2986906766909413
0,exponential,3.117056856187291,0.2973605868783879
0,exponential,3.130434782608696,0.2960368451034885
0,exponential,3.1438127090301005,0.2947194210693551
0,exponential,3.157190635451505,0.29340828462369595
0,exponential,3.17056856187291,0.2921034057581249
0,exponential,3.1839464882943145,0.2908047546074754
0,exponential,3.197324414715719,0.2895123014491163
0,exponential,3.210702341137124,0.28822601670227194
0,exponential,3.2240802675585285,0.28694587092734486
0,exponential,3.237458193979933,0.2856718348252423
0,exponential,3.250836120401338,0.28440387923670535
0,exponential,3.2642140468227425,0.2831419751416417
0,exponential,3.277591973244147,0.2818860936584616
0,exponential,3.290969899665552,0.2806362060434165
0,exponential,3.3043478260869565,0.27939228368994157
0,exponential,3.317725752508361,0.2781542981280005
0,exponential,3.331103678929766,0.2769222210234345
0,exponential,3.3444816053511706,0.27569602417731304
0,exponential,3.3578595317725752,0.27447567952528934
0,exponential,3.37123745819398,0.27326115913695737
0,exponential,3.3846153846153846,0.27205243521521266
0,exponential,3.3979933110367893,0.2708494800956167
0,exponential,3.411371237458194,0.26965226624576294
0,exponential,3.4247491638795986,0.2684607662646473
0,exponential,3.4381270903010033,0.2672749528820406
0,exponential,3.451505016722408,0.26609479895786486
0,exponential,3.4648829431438126,0.26492027748157143
0,exponential,3.4782608695652173,0.2637513615715238
0,exponential,3.491638795986622,0.2625880244743813
0,exponential,3.5050167224080266,0.2614302395644876
0,exponential,3.5183946488294313,0.2602779803432609
0,exponential,3.531772575250836,0.2591312204385874
0,exponential,3.5451505016722407,0.2579899336042181
0,exponential,3.5585284280936453,0.2568540937191678
0,exponential,3.57190635451505,0.25572367478711716
0,exponential,3.5852842809364547,0.254598650935818
0,exponential,3.5986622073578594,0.25347899641650107
0,exponential,3.612040133779264,0.2523646856032866
0,exponential,3.6254180602006687,0.25125569299259776
0,exponential,3.6387959866220734,0.2501519932025774
0,exponential,3.652173913043478,0.2490535609725064
0,exponential,3.6655518394648827,0.2479603711622263
0,exponential,3.6789297658862874,0.2468723987515631
0,exponential,3.692307692307692,0.24578961883975559
0,exponential,3.7056856187290967,0.2447120066448843
0,exponential,3.7190635451505014,0.24363953750330533
0,exponential,3.732441471571906,0.24257218686908527
0,exponential,3.7458193979933108,0.24150993031343945
0,exponential,3.7591973244147154,0.24045274352417326
0,exponential,3.7725752508361206,0.23940060230512508
0,exponential,3.7859531772575252,0.2383534825756131
0,exponential,3.79933110367893,0.23731136036988368
0,exponential,3.8127090301003346,0.23627421183656316
0,exponential,3.8260869565217392,0.23524201323811186
0,exponential,3.839464882943144,0.23421474095028075
0,exponential,3.8528428093645486,0.23319237146157082
0,exponential,3.8662207357859533,0.23217488137269496
0,exponential,3.879598662207358,0.23116224739604235
0,exponential,3.8929765886287626,0.2301544463551456
0,exponential,3.9063545150501673,0.22915145518415003
0,exponential,3.919732441471572,0.2281532509272862
0,exponential,3.9331103678929766,0.22715981073834404
0,exponential,3.9464882943143813,0.22617111188015032
0,exponential,3.959866220735786,0.22518713172404803
0,exponential,3.9732441471571907,0.22420784774937863
0,exponential,3.9866220735785953,0.22323323754296642
0,exponential,4.0,0.22226327879860586
