scenario,beta,condition,metric,mean,ci95_low,ci95_high,n_worlds
main,0.0,endogenous,g0_risk,1.2184389066558103,1.1573281694312119,1.2829252446345583,20
main,0.0,endogenous,g1_risk,0.02159033384658329,0.017780333825382227,0.026496645659839772,20
main,0.0,endogenous,g2_risk,0.8870096557762495,0.8354648432218671,0.9409275580866028,20
main,0.0,endogenous,population_risk,0.7090129654262144,0.6769048628417046,0.7431974936124456,20
main,0.0,endogenous,population_regret,0.00616810687719323,0.005819551574963317,0.006559433032028546,20
main,0.0,endogenous,feedback_weighted_risk,0.670346566436766,0.639736395575012,0.7028196415978585,20
main,0.0,endogenous,monitoring_gap,0.03866639898944839,0.035862735268651365,0.041550062535497985,20
main,0.0,endogenous,sample_monitoring_gap,0.038263531069619286,0.0351917397174861,0.04163458834289918,20
main,0.0,endogenous,g0_feedback_share,0.2828104166666666,0.2819114583333333,0.2837177083333332,20
main,0.0,endogenous,g0_expected_feedback_share,0.2827320638650378,0.2827320638650378,0.2827320638650378,20
main,0.0,endogenous,expected_invitations_per_accepted,1.2430050452502273,1.2430050452502273,1.2430050452502273,20
main,0.0,endogenous,action,0.07236220388450329,0.046954736981175096,0.09591341032215989,20
main,0.0,static,g0_risk,1.2184389066558103,1.1573281694312119,1.2829252446345583,20
main,0.0,static,g1_risk,0.02159033384658329,0.017780333825382227,0.026496645659839772,20
main,0.0,static,g2_risk,0.8870096557762495,0.8354648432218671,0.9409275580866028,20
main,0.0,static,population_risk,0.7090129654262144,0.6769048628417046,0.7431974936124456,20
main,0.0,static,population_regret,0.00616810687719323,0.005819551574963317,0.006559433032028546,20
main,0.0,static,feedback_weighted_risk,0.670346566436766,0.639736395575012,0.7028196415978585,20
main,0.0,static,monitoring_gap,0.03866639898944839,0.035862735268651365,0.041550062535497985,20
main,0.0,static,sample_monitoring_gap,0.038263531069619286,0.0351917397174861,0.04163458834289918,20
main,0.0,static,g0_feedback_share,0.2828104166666666,0.2819114583333333,0.2837177083333332,20
main,0.0,static,g0_expected_feedback_share,0.2827320638650378,0.2827320638650378,0.2827320638650378,20
main,0.0,static,expected_invitations_per_accepted,1.2430050452502273,1.2430050452502273,1.2430050452502273,20
main,0.0,static,action,0.07236220388450329,0.046954736981175096,0.09591341032215989,20
main,0.0,quota,g0_risk,1.0545031907371094,1.0013271589759158,1.1100426734101927,20
main,0.0,quota,g1_risk,0.01711386153093452,0.014613930584382205,0.020543465814521548,20
main,0.0,quota,g2_risk,1.0369289205261578,0.9797716634061149,1.0967441938450722,20
main,0.0,quota,population_risk,0.7028486575980673,0.6709961927041259,0.7367035058898,20
main,0.0,quota,population_regret,3.7990490462101834e-06,3.3536369328384797e-06,4.278546762311991e-06,20
main,0.0,quota,feedback_weighted_risk,0.7028486575980673,0.6709961927041259,0.7367035058897998,20
main,0.0,quota,monitoring_gap,3.7059244561987724e-17,3.637090628672012e-17,3.780309398848657e-17,20
main,0.0,quota,sample_monitoring_gap,-1.6004027871872424e-05,-0.0003727715375793498,0.000338683495636137,20
main,0.0,quota,g0_feedback_share,0.333333333333333,0.333333333333333,0.333333333333333,20
main,0.0,quota,g0_expected_feedback_share,0.333333333333333,0.333333333333333,0.333333333333333,20
main,0.0,quota,expected_invitations_per_accepted,1.2586992471636234,1.2586992471636234,1.2586992471636234,20
main,0.0,quota,action,-0.004820476607059901,-0.030294797864147228,0.019078689009818902,20
main,0.0,ipw,g0_risk,1.0561318470190861,1.0031446332658485,1.1119780098096372,20
main,0.0,ipw,g1_risk,0.01720700859368681,0.014829069151938839,0.02039260261188518,20
main,0.0,ipw,g2_risk,1.0358146493712113,0.9776670742223478,1.0963075519720344,20
main,0.0,ipw,population_risk,0.7030511683279949,0.6711896681474483,0.7369266884646879,20
main,0.0,ipw,population_regret,0.0002063097789736284,0.0001835432247933052,0.00023048288364257652,20
main,0.0,ipw,feedback_weighted_risk,0.6762516724782499,0.6454309323338991,0.708977965276331,20
main,0.0,ipw,monitoring_gap,0.026799495849744948,0.024514207052308473,0.029141050913454845,20
main,0.0,ipw,sample_monitoring_gap,0.026376985312527156,0.023812404376936224,0.029305556796563364,20
main,0.0,ipw,g0_feedback_share,0.2828104166666666,0.2819114583333333,0.2837177083333332,20
main,0.0,ipw,g0_expected_feedback_share,0.2827320638650378,0.2827320638650378,0.2827320638650378,20
main,0.0,ipw,expected_invitations_per_accepted,1.2430050452502273,1.2430050452502273,1.2430050452502273,20
main,0.0,ipw,action,-0.004118336748918784,-0.029485368790370427,0.019521379757879997,20
main,1.5,endogenous,g0_risk,2.0055173965010953,1.8558765281093752,2.1636760573383538,20
main,1.5,endogenous,g1_risk,0.16017252108279723,0.1411842529503031,0.18045228449590162,20
main,1.5,endogenous,g2_risk,0.40574198900843683,0.36737913362005437,0.4480623375445025,20
main,1.5,endogenous,population_risk,0.8571439688641099,0.8064914706129953,0.9111502871635168,20
main,1.5,endogenous,population_regret,0.15429911031508858,0.13279754037694086,0.1770354077677737,20
main,1.5,endogenous,feedback_weighted_risk,0.39190453170594075,0.3667066076316332,0.4182951182798245,20
main,1.5,endogenous,monitoring_gap,0.4652394371581689,0.4077481829508265,0.5257194130866807,20
main,1.5,endogenous,sample_monitoring_gap,0.4646475240211373,0.40697304391675443,0.5253478672094956,20
main,1.5,endogenous,g0_feedback_share,0.070721875,0.06060510416666667,0.08110851562499999,20
main,1.5,endogenous,g0_expected_feedback_share,0.07038833622780505,0.060342792068822225,0.0805806177030461,20
main,1.5,endogenous,expected_invitations_per_accepted,1.714688074890438,1.6952262186516658,1.7345704555578432,20
main,1.5,endogenous,action,0.38265445935932724,0.34585862204077933,0.41845754942228236,20
main,1.5,static,g0_risk,1.412660343408303,1.3195211437749688,1.5095008649946497,20
main,1.5,static,g1_risk,0.03734353483943871,0.03362635608036187,0.04119039369259149,20
main,1.5,static,g2_risk,0.7409053164802595,0.6796474190192874,0.8061364826278914,20
main,1.5,static,population_risk,0.7303030649093337,0.6962708093364525,0.7663411985156091,20
main,1.5,static,population_regret,0.027458206360312525,0.02223093350320439,0.033243435393878654,20
main,1.5,static,feedback_weighted_risk,0.5165575239954717,0.4994907572181136,0.5343098186499989,20
main,1.5,static,monitoring_gap,0.21374554091386191,0.18976686309447016,0.23930051640373892,20
main,1.5,static,sample_monitoring_gap,0.21334681975695463,0.18938331106574938,0.23896909541985836,20
main,1.5,static,g0_feedback_share,0.17996354166666667,0.172968515625,0.18673143229166667,20
main,1.5,static,g0_expected_feedback_share,0.1798969924060049,0.17299254105467937,0.1865174087373286,20
main,1.5,static,expected_invitations_per_accepted,1.6791842741357237,1.6496067069915972,1.7110944764521694,20
main,1.5,static,action,0.15599148711682229,0.12554880993165407,0.18472282311732827,20
main,1.5,quota,g0_risk,1.0545031907371094,1.0013271589759158,1.1100426734101927,20
main,1.5,quota,g1_risk,0.01711386153093452,0.014613930584382205,0.020543465814521548,20
main,1.5,quota,g2_risk,1.0369289205261578,0.9797716634061149,1.0967441938450722,20
main,1.5,quota,population_risk,0.7028486575980673,0.6709961927041259,0.7367035058898,20
main,1.5,quota,population_regret,3.7990490462101834e-06,3.3536369328384797e-06,4.278546762311991e-06,20
main,1.5,quota,feedback_weighted_risk,0.7028486575980673,0.6709961927041259,0.7367035058897998,20
main,1.5,quota,monitoring_gap,3.7059244561987724e-17,3.637090628672012e-17,3.780309398848657e-17,20
main,1.5,quota,sample_monitoring_gap,-1.6004027871872424e-05,-0.0003727715375793498,0.000338683495636137,20
main,1.5,quota,g0_feedback_share,0.333333333333333,0.333333333333333,0.333333333333333,20
main,1.5,quota,g0_expected_feedback_share,0.333333333333333,0.333333333333333,0.333333333333333,20
main,1.5,quota,expected_invitations_per_accepted,1.989530436026063,1.9227069354079842,2.0630296139783266,20
main,1.5,quota,action,-0.004820476607059901,-0.030294797864147228,0.019078689009818902,20
main,1.5,ipw,g0_risk,1.0594057434970137,1.0060810868873489,1.1158026702364001,20
main,1.5,ipw,g1_risk,0.01725112570698227,0.01487414830987347,0.020444426622801243,20
main,1.5,ipw,g2_risk,1.0327773826202344,0.9747244642715425,1.0932651601508896,20
main,1.5,ipw,population_risk,0.7031447506080768,0.6712628797089143,0.7370386579026508,20
main,1.5,ipw,population_regret,0.00029989205905574175,0.0002601289217186175,0.00034622396069516307,20
main,1.5,ipw,feedback_weighted_risk,0.5428330568519255,0.5262592507179349,0.5598250272158141,20
main,1.5,ipw,monitoring_gap,0.16031169375615145,0.14363022993346916,0.178546774867301,20
main,1.5,ipw,sample_monitoring_gap,0.15994843634904748,0.14325062840968122,0.17804380231441055,20
main,1.5,ipw,g0_feedback_share,0.17922708333333331,0.17207278645833332,0.18615744791666666,20
main,1.5,ipw,g0_expected_feedback_share,0.17913294632405286,0.17213817609798568,0.18589023117888048,20
main,1.5,ipw,expected_invitations_per_accepted,1.6792350663382458,1.649689042155223,1.7111021631937664,20
main,1.5,ipw,action,-0.002573276576006661,-0.027770414496754128,0.020953943107747345,20
main,3.0,endogenous,g0_risk,2.0784824410392573,1.789957114558721,2.3114073711150347,20
main,3.0,endogenous,g1_risk,0.20358566803735995,0.17592998453257566,0.22625457402293517,20
main,3.0,endogenous,g2_risk,0.4716522199600238,0.2809012302424618,0.7459735922923406,20
main,3.0,endogenous,population_risk,0.9179067763455473,0.8769394822938106,0.9623501380981317,20
main,3.0,endogenous,population_regret,0.21506191779652611,0.19476026955929288,0.23297409076044948,20
main,3.0,endogenous,feedback_weighted_risk,0.2780290722368861,0.2586389282843365,0.2965142674571722,20
main,3.0,endogenous,monitoring_gap,0.639877704108661,0.60377579369726,0.6774246275009155,20
main,3.0,endogenous,sample_monitoring_gap,0.639459373882338,0.603442936629649,0.6768112466896301,20
main,3.0,endogenous,g0_feedback_share,0.04330416666666666,0.014783307291666659,0.08695419270833334,20
main,3.0,endogenous,g0_expected_feedback_share,0.043066076317533446,0.014775009423128819,0.08629007398636791,20
main,3.0,endogenous,expected_invitations_per_accepted,1.985741890077944,1.9290079126658537,2.0589106382952846,20
main,3.0,endogenous,action,0.3888888892368908,0.26484029213422555,0.4821404393565851,20
main,3.0,static,g0_risk,1.3447103620782312,1.2406522209765423,1.4524704366532613,20
main,3.0,static,g1_risk,0.02845509407142252,0.02671285392992413,0.03002808918599525,20
main,3.0,static,g2_risk,0.8025099858686199,0.7059863159265057,0.9063215079883987,20
main,3.0,static,population_risk,0.7252251473394244,0.6934036971334777,0.7587583939510435,20
main,3.0,static,population_regret,0.02238028879040341,0.014792707702986121,0.031924732903879066,20
main,3.0,static,feedback_weighted_risk,0.2926485171835692,0.28326720153025625,0.30136780522088313,20
main,3.0,static,monitoring_gap,0.43257663015585524,0.3932735717944392,0.47455505035487455,20
main,3.0,static,sample_monitoring_gap,0.4318010825694768,0.39226588441336946,0.4740667409346083,20
main,3.0,static,g0_feedback_share,0.08615833333333335,0.07804763020833336,0.09418653645833334,20
main,3.0,static,g0_expected_feedback_share,0.08587969289583111,0.07800164425062249,0.09361327957751175,20
main,3.0,static,expected_invitations_per_accepted,2.4473682472130163,2.373274138020077,2.5248590144739955,20
main,3.0,static,action,0.12565147381746386,0.08432186972368681,0.16619226882499713,20
main,3.0,quota,g0_risk,1.0545031907371094,1.0013271589759158,1.1100426734101927,20
main,3.0,quota,g1_risk,0.01711386153093452,0.014613930584382205,0.020543465814521548,20
main,3.0,quota,g2_risk,1.0369289205261578,0.9797716634061149,1.0967441938450722,20
main,3.0,quota,population_risk,0.7028486575980673,0.6709961927041259,0.7367035058898,20
main,3.0,quota,population_regret,3.7990490462101834e-06,3.3536369328384797e-06,4.278546762311991e-06,20
main,3.0,quota,feedback_weighted_risk,0.7028486575980673,0.6709961927041259,0.7367035058897998,20
main,3.0,quota,monitoring_gap,3.7059244561987724e-17,3.637090628672012e-17,3.780309398848657e-17,20
main,3.0,quota,sample_monitoring_gap,-1.6004027871872424e-05,-0.0003727715375793498,0.000338683495636137,20
main,3.0,quota,g0_feedback_share,0.333333333333333,0.333333333333333,0.333333333333333,20
main,3.0,quota,g0_expected_feedback_share,0.333333333333333,0.333333333333333,0.333333333333333,20
main,3.0,quota,expected_invitations_per_accepted,5.103593704575379,4.596923246758701,5.666847053476681,20
main,3.0,quota,action,-0.004820476607059901,-0.030294797864147228,0.019078689009818902,20
main,3.0,ipw,g0_risk,1.075194666982562,1.0168121051761692,1.1370274541052294,20
main,3.0,ipw,g1_risk,0.017147471089754292,0.01500984129340309,0.019963014894965745,20
main,3.0,ipw,g2_risk,1.0186171220375455,0.9614104373208667,1.0787581313929353,20
main,3.0,ipw,population_risk,0.7036530867032874,0.671617816352752,0.7376746870137589,20
main,3.0,ipw,population_regret,0.0008082281542662632,0.0006231777756128733,0.0010185546434064944,20
main,3.0,ipw,feedback_weighted_risk,0.3149754292300003,0.30684865262194305,0.32218975493054686,20
main,3.0,ipw,monitoring_gap,0.388677657473287,0.3498662988339427,0.4306689617057386,20
main,3.0,ipw,sample_monitoring_gap,0.38791137281868887,0.3490111393794092,0.4297141602522673,20
main,3.0,ipw,g0_feedback_share,0.083209375,0.07461505208333336,0.09180210937500001,20
main,3.0,ipw,g0_expected_feedback_share,0.0829410656805861,0.07456198384197302,0.09129631025245077,20
main,3.0,ipw,expected_invitations_per_accepted,2.432438635611375,2.359587617325256,2.5082648287243203,20
main,3.0,ipw,action,0.004653265274852082,-0.021435648880349698,0.029293626979931587,20
symmetric,0.0,endogenous,g0_risk,1.0542394891515765,1.0013785393281003,1.1101026984943196,20
symmetric,0.0,endogenous,g1_risk,0.017255275404204094,0.014816658125256723,0.020561505604756298,20
symmetric,0.0,endogenous,g2_risk,1.0376238741242845,0.9796938451784932,1.097852990550292,20
symmetric,0.0,endogenous,population_risk,0.7030395462266884,0.6711740747386822,0.7369189138296449,20
symmetric,0.0,endogenous,population_regret,0.00019468767766719545,0.00017095871796465195,0.00022036895341535995,20
symmetric,0.0,endogenous,feedback_weighted_risk,0.7030395462266883,0.6711740747386822,0.736918913829645,20
symmetric,0.0,endogenous,monitoring_gap,3.7203573555188997e-17,3.566036355096003e-17,3.8846703631634226e-17,20
symmetric,0.0,endogenous,sample_monitoring_gap,-0.0009122170060587983,-0.0022193561088983136,0.0005279522822981927,20
symmetric,0.0,endogenous,g0_feedback_share,0.333746875,0.33283643229166665,0.33466359375,20
symmetric,0.0,endogenous,g0_expected_feedback_share,0.333333333333333,0.333333333333333,0.333333333333333,20
symmetric,0.0,endogenous,expected_invitations_per_accepted,1.1553144765290246,1.1553144765290246,1.1553144765290246,20
symmetric,0.0,endogenous,action,-0.005040925998122834,-0.03034997705037266,0.01855824157311794,20
symmetric,0.0,static,g0_risk,1.0542394891515765,1.0013785393281003,1.1101026984943196,20
symmetric,0.0,static,g1_risk,0.017255275404204094,0.014816658125256723,0.020561505604756298,20
symmetric,0.0,static,g2_risk,1.0376238741242845,0.9796938451784932,1.097852990550292,20
symmetric,0.0,static,population_risk,0.7030395462266884,0.6711740747386822,0.7369189138296449,20
symmetric,0.0,static,population_regret,0.00019468767766719545,0.00017095871796465195,0.00022036895341535995,20
symmetric,0.0,static,feedback_weighted_risk,0.7030395462266883,0.6711740747386822,0.736918913829645,20
symmetric,0.0,static,monitoring_gap,3.7203573555188997e-17,3.566036355096003e-17,3.8846703631634226e-17,20
symmetric,0.0,static,sample_monitoring_gap,-0.0009122170060587983,-0.0022193561088983136,0.0005279522822981927,20
symmetric,0.0,static,g0_feedback_share,0.333746875,0.33283643229166665,0.33466359375,20
symmetric,0.0,static,g0_expected_feedback_share,0.333333333333333,0.333333333333333,0.333333333333333,20
symmetric,0.0,static,expected_invitations_per_accepted,1.1553144765290246,1.1553144765290246,1.1553144765290246,20
symmetric,0.0,static,action,-0.005040925998122834,-0.03034997705037266,0.01855824157311794,20
symmetric,0.0,quota,g0_risk,1.0545031907371094,1.0013271589759158,1.1100426734101927,20
symmetric,0.0,quota,g1_risk,0.01711386153093452,0.014613930584382205,0.020543465814521548,20
symmetric,0.0,quota,g2_risk,1.0369289205261578,0.9797716634061149,1.0967441938450722,20
symmetric,0.0,quota,population_risk,0.7028486575980673,0.6709961927041259,0.7367035058898,20
symmetric,0.0,quota,population_regret,3.7990490462101834e-06,3.3536369328384797e-06,4.278546762311991e-06,20
symmetric,0.0,quota,feedback_weighted_risk,0.7028486575980673,0.6709961927041259,0.7367035058897998,20
symmetric,0.0,quota,monitoring_gap,3.7059244561987724e-17,3.637090628672012e-17,3.780309398848657e-17,20
symmetric,0.0,quota,sample_monitoring_gap,-1.6004027871872424e-05,-0.0003727715375793498,0.000338683495636137,20
symmetric,0.0,quota,g0_feedback_share,0.333333333333333,0.333333333333333,0.333333333333333,20
symmetric,0.0,quota,g0_expected_feedback_share,0.333333333333333,0.333333333333333,0.333333333333333,20
symmetric,0.0,quota,expected_invitations_per_accepted,1.1553144765290246,1.1553144765290246,1.1553144765290246,20
symmetric,0.0,quota,action,-0.004820476607059901,-0.030294797864147228,0.019078689009818902,20
symmetric,0.0,ipw,g0_risk,1.0542394891515765,1.0013785393281003,1.1101026984943196,20
symmetric,0.0,ipw,g1_risk,0.017255275404204094,0.014816658125256723,0.020561505604756298,20
symmetric,0.0,ipw,g2_risk,1.0376238741242845,0.9796938451784932,1.097852990550292,20
symmetric,0.0,ipw,population_risk,0.7030395462266884,0.6711740747386822,0.7369189138296449,20
symmetric,0.0,ipw,population_regret,0.00019468767766719545,0.00017095871796465195,0.00022036895341535995,20
symmetric,0.0,ipw,feedback_weighted_risk,0.7030395462266883,0.6711740747386822,0.736918913829645,20
symmetric,0.0,ipw,monitoring_gap,3.7203573555188997e-17,3.566036355096003e-17,3.8846703631634226e-17,20
symmetric,0.0,ipw,sample_monitoring_gap,-0.0009122170060587983,-0.0022193561088983136,0.0005279522822981927,20
symmetric,0.0,ipw,g0_feedback_share,0.333746875,0.33283643229166665,0.33466359375,20
symmetric,0.0,ipw,g0_expected_feedback_share,0.333333333333333,0.333333333333333,0.333333333333333,20
symmetric,0.0,ipw,expected_invitations_per_accepted,1.1553144765290246,1.1553144765290246,1.1553144765290246,20
symmetric,0.0,ipw,action,-0.005040925998122834,-0.03034997705037266,0.01855824157311794,20
symmetric,1.5,endogenous,g0_risk,1.0914872034362477,0.9599362030525382,1.2283928653324716,20
symmetric,1.5,endogenous,g1_risk,0.01724862545603329,0.01471285948391822,0.021042862888043003,20
symmetric,1.5,endogenous,g2_risk,1.0390382959897955,0.9070561744664262,1.1923819200676948,20
symmetric,1.5,endogenous,population_risk,0.7159247082940257,0.6794586798817948,0.7549634356430284,20
symmetric,1.5,endogenous,population_regret,0.013079849745004434,0.004468625194450176,0.024212577377537278,20
symmetric,1.5,endogenous,feedback_weighted_risk,0.5900847136634251,0.5683118340484019,0.6126756718961848,20
symmetric,1.5,endogenous,monitoring_gap,0.1258399946306004,0.09608412632068916,0.16155837159343514,20
symmetric,1.5,endogenous,sample_monitoring_gap,0.12511810949518237,0.09524360147166575,0.1609610399122212,20
symmetric,1.5,endogenous,g0_feedback_share,0.28451041666666665,0.26284552083333335,0.3068054166666666,20
symmetric,1.5,endogenous,g0_expected_feedback_share,0.28439853326937187,0.263014050985774,0.30646061020760496,20
symmetric,1.5,endogenous,expected_invitations_per_accepted,1.4684223496477629,1.4403378222550107,1.4989409233589173,20
symmetric,1.5,endogenous,action,0.0040008882784233184,-0.05156897877633503,0.05522825660705667,20
symmetric,1.5,static,g0_risk,1.0642349722446403,0.9954187036933797,1.1364194052774268,20
symmetric,1.5,static,g1_risk,0.01447735981098101,0.013846732200749653,0.015365840541973643,20
symmetric,1.5,static,g2_risk,1.0331373488271034,0.958237845339452,1.112106073309591,20
symmetric,1.5,static,population_risk,0.7039498936275748,0.6720096440796138,0.7379048522789178,20
symmetric,1.5,static,population_regret,0.0011050350785537027,0.0004707749747581574,0.001934850889484137,20
symmetric,1.5,static,feedback_weighted_risk,0.6113981976282641,0.5910522624410344,0.6326473465303794,20
symmetric,1.5,static,monitoring_gap,0.09255169599931076,0.08065785757530519,0.10551420520282542,20
symmetric,1.5,static,sample_monitoring_gap,0.0920304617007803,0.07995244044500148,0.10486074756901514,20
symmetric,1.5,static,g0_feedback_share,0.28951979166666664,0.28356132812499996,0.2953542708333334,20
symmetric,1.5,static,g0_expected_feedback_share,0.28939738415614535,0.2837949621328682,0.2948004879829289,20
symmetric,1.5,static,expected_invitations_per_accepted,1.4548114815391355,1.4313264456153239,1.4803432633334763,20
symmetric,1.5,static,action,-0.0013044647832540454,-0.030102434135910832,0.02629918252609226,20
symmetric,1.5,quota,g0_risk,1.0545031907371094,1.0013271589759158,1.1100426734101927,20
symmetric,1.5,quota,g1_risk,0.01711386153093452,0.014613930584382205,0.020543465814521548,20
symmetric,1.5,quota,g2_risk,1.0369289205261578,0.9797716634061149,1.0967441938450722,20
symmetric,1.5,quota,population_risk,0.7028486575980673,0.6709961927041259,0.7367035058898,20
symmetric,1.5,quota,population_regret,3.7990490462101834e-06,3.3536369328384797e-06,4.278546762311991e-06,20
symmetric,1.5,quota,feedback_weighted_risk,0.7028486575980673,0.6709961927041259,0.7367035058897998,20
symmetric,1.5,quota,monitoring_gap,3.7059244561987724e-17,3.637090628672012e-17,3.780309398848657e-17,20
symmetric,1.5,quota,sample_monitoring_gap,-1.6004027871872424e-05,-0.0003727715375793498,0.000338683495636137,20
symmetric,1.5,quota,g0_feedback_share,0.333333333333333,0.333333333333333,0.333333333333333,20
symmetric,1.5,quota,g0_expected_feedback_share,0.333333333333333,0.333333333333333,0.333333333333333,20
symmetric,1.5,quota,expected_invitations_per_accepted,1.501786779605553,1.4702320266003726,1.536316614929044,20
symmetric,1.5,quota,action,-0.004820476607059901,-0.030294797864147228,0.019078689009818902,20
symmetric,1.5,ipw,g0_risk,1.054748550456406,1.0016620615666403,1.1105301977991278,20
symmetric,1.5,ipw,g1_risk,0.01713661326582856,0.014811071294413449,0.02027411092304674,20
symmetric,1.5,ipw,g2_risk,1.0373357120730315,0.9784262809398842,1.0987380652718504,20
symmetric,1.5,ipw,population_risk,0.7030736252650887,0.6712089699475741,0.736951143190403,20
symmetric,1.5,ipw,population_regret,0.00022876671606755485,0.00020109295253643354,0.00025928590200296017,20
symmetric,1.5,ipw,feedback_weighted_risk,0.6117731680634277,0.5912715298085071,0.6329989399156442,20
symmetric,1.5,ipw,monitoring_gap,0.09130045720166083,0.07971578753890875,0.10399713113441686,20
symmetric,1.5,ipw,sample_monitoring_gap,0.0908906047693154,0.07918427141538986,0.10364256271796875,20
symmetric,1.5,ipw,g0_feedback_share,0.2893875,0.2832353124999999,0.2954084635416667,20
symmetric,1.5,ipw,g0_expected_feedback_share,0.28938694480354793,0.28363191537405796,0.2949367141935479,20
symmetric,1.5,ipw,expected_invitations_per_accepted,1.4550693775241195,1.431569120231656,1.4806211874861637,20
symmetric,1.5,ipw,action,-0.004809044958904438,-0.030057086259531723,0.018671831337156816,20
symmetric,3.0,endogenous,g0_risk,1.5668245939675391,1.1450783735967494,1.9658477409365893,20
symmetric,3.0,endogenous,g1_risk,0.192583381346518,0.17593252709301013,0.20759798711440322,20
symmetric,3.0,endogenous,g2_risk,1.0038698398660593,0.6225989266545763,1.421750611142398,20
symmetric,3.0,endogenous,population_risk,0.9210926050600386,0.8716358179053578,0.9704294178113084,20
symmetric,3.0,endogenous,population_regret,0.21824774651101767,0.19796120966641018,0.23670964312020562,20
symmetric,3.0,endogenous,feedback_weighted_risk,0.2818238069098923,0.263787784801293,0.2990542409473828,20
symmetric,3.0,endogenous,monitoring_gap,0.6392687981501465,0.5892214803206113,0.6874158218503988,20
symmetric,3.0,endogenous,sample_monitoring_gap,0.638943704481582,0.5888388065011069,0.6872306348345721,20
symmetric,3.0,endogenous,g0_feedback_share,0.18281458333333328,0.098485390625,0.27460007812500004,20
symmetric,3.0,endogenous,g0_expected_feedback_share,0.18262399272757623,0.09824962551446231,0.2744765641063738,20
symmetric,3.0,endogenous,expected_invitations_per_accepted,1.9184500383328458,1.89459004448213,1.9445990649703855,20
symmetric,3.0,endogenous,action,0.1271060180220659,-0.0645194178821934,0.30538292335267164,20
symmetric,3.0,static,g0_risk,1.0843669019766977,0.984310338209005,1.190576460888889,20
symmetric,3.0,static,g1_risk,0.01365395659363854,0.013510571409574292,0.013840662877739118,20
symmetric,3.0,static,g2_risk,1.0280181394021433,0.9213519775813725,1.1418334930557594,20
symmetric,3.0,static,population_risk,0.7086796659908267,0.6756773025129652,0.7436775592900676,20
symmetric,3.0,static,population_regret,0.005834807441805331,0.002048423936511958,0.010915119543618273,20
symmetric,3.0,static,feedback_weighted_risk,0.38532172518085317,0.37638094862000593,0.39348454918325354,20
symmetric,3.0,static,monitoring_gap,0.32335794080997327,0.28301122390291406,0.36718706605255585,20
symmetric,3.0,static,sample_monitoring_gap,0.3227088352547431,0.28222431015499105,0.3665552403576014,20
symmetric,3.0,static,g0_feedback_share,0.1827177083333333,0.16782986979166667,0.19716580729166666,20
symmetric,3.0,static,g0_expected_feedback_share,0.18259245090697523,0.16773455763325593,0.1968427839905122,20
symmetric,3.0,static,expected_invitations_per_accepted,2.1893698548864777,2.110550747267443,2.2738330024079327,20
symmetric,3.0,static,action,0.005214359825150415,-0.036696230069377056,0.046301569584213685,20
symmetric,3.0,quota,g0_risk,1.0545031907371094,1.0013271589759158,1.1100426734101927,20
symmetric,3.0,quota,g1_risk,0.01711386153093452,0.014613930584382205,0.020543465814521548,20
symmetric,3.0,quota,g2_risk,1.0369289205261578,0.9797716634061149,1.0967441938450722,20
symmetric,3.0,quota,population_risk,0.7028486575980673,0.6709961927041259,0.7367035058898,20
symmetric,3.0,quota,population_regret,3.7990490462101834e-06,3.3536369328384797e-06,4.278546762311991e-06,20
symmetric,3.0,quota,feedback_weighted_risk,0.7028486575980673,0.6709961927041259,0.7367035058897998,20
symmetric,3.0,quota,monitoring_gap,3.7059244561987724e-17,3.637090628672012e-17,3.780309398848657e-17,20
symmetric,3.0,quota,sample_monitoring_gap,-1.6004027871872424e-05,-0.0003727715375793498,0.000338683495636137,20
symmetric,3.0,quota,g0_feedback_share,0.333333333333333,0.333333333333333,0.333333333333333,20
symmetric,3.0,quota,g0_expected_feedback_share,0.333333333333333,0.333333333333333,0.333333333333333,20
symmetric,3.0,quota,expected_invitations_per_accepted,3.1498472259525148,2.8611941361618025,3.475113765305232,20
symmetric,3.0,quota,action,-0.004820476607059901,-0.030294797864147228,0.019078689009818902,20
symmetric,3.0,ipw,g0_risk,1.0548160250172314,1.0008821019639127,1.111303544502481,20
symmetric,3.0,ipw,g1_risk,0.017181130026683034,0.01492166188856354,0.020259864790486592,20
symmetric,3.0,ipw,g2_risk,1.037718272516315,0.9784038100965704,1.099619951174976,20
symmetric,3.0,ipw,population_risk,0.7032384758534098,0.6713067156429403,0.737153817548305,20
symmetric,3.0,ipw,population_regret,0.00039361730438871944,0.00032939588705985413,0.0004599514882687887,20
symmetric,3.0,ipw,feedback_weighted_risk,0.39013170883597514,0.38182481345248515,0.3972180695541883,20
symmetric,3.0,ipw,monitoring_gap,0.3131067670174348,0.2747524417698599,0.3549056585650823,20
symmetric,3.0,ipw,sample_monitoring_gap,0.3125343523591257,0.2741353035781533,0.35433263220910965,20
symmetric,3.0,ipw,g0_feedback_share,0.18301145833333332,0.1676494010416667,0.1980469270833333,20
symmetric,3.0,ipw,g0_expected_feedback_share,0.1829469038907518,0.1677131224256327,0.1977569690191742,20
symmetric,3.0,ipw,expected_invitations_per_accepted,2.1873228907454734,2.10878447700873,2.271370785425943,20
symmetric,3.0,ipw,action,-0.004901696641263801,-0.030408246187883393,0.018957020943832694,20
no_conflict,0.0,endogenous,g0_risk,0.013337132382379546,0.013336686970266173,0.01333761188009565,20
no_conflict,0.0,endogenous,g1_risk,0.013337132382379546,0.013336686970266173,0.01333761188009565,20
no_conflict,0.0,endogenous,g2_risk,0.013337132382379546,0.013336686970266173,0.01333761188009565,20
no_conflict,0.0,endogenous,population_risk,0.013337132382379546,0.013336686970266177,0.01333761188009565,20
no_conflict,0.0,endogenous,population_regret,3.7990490462101842e-06,3.353636932838484e-06,4.278546762311998e-06,20
no_conflict,0.0,endogenous,feedback_weighted_risk,0.013337132382379546,0.013336686970266173,0.01333761188009565,20
no_conflict,0.0,endogenous,monitoring_gap,7.705641680288979e-19,7.490535969267854e-19,7.910339050454243e-19,20
no_conflict,0.0,endogenous,sample_monitoring_gap,-1.2096684075576808e-05,-3.405768250701194e-05,1.1153167140577777e-05,20
no_conflict,0.0,endogenous,g0_feedback_share,0.2828104166666666,0.2819114583333333,0.2837177083333332,20
no_conflict,0.0,endogenous,g0_expected_feedback_share,0.2827320638650378,0.2827320638650378,0.2827320638650378,20
no_conflict,0.0,endogenous,expected_invitations_per_accepted,1.2430050452502273,1.2430050452502273,1.2430050452502273,20
no_conflict,0.0,endogenous,action,-0.004820476607059904,-0.03029479786414723,0.019078689009818902,20
no_conflict,0.0,static,g0_risk,0.013337132382379546,0.013336686970266173,0.01333761188009565,20
no_conflict,0.0,static,g1_risk,0.013337132382379546,0.013336686970266173,0.01333761188009565,20
no_conflict,0.0,static,g2_risk,0.013337132382379546,0.013336686970266173,0.01333761188009565,20
no_conflict,0.0,static,population_risk,0.013337132382379546,0.013336686970266177,0.01333761188009565,20
no_conflict,0.0,static,population_regret,3.7990490462101842e-06,3.353636932838484e-06,4.278546762311998e-06,20
no_conflict,0.0,static,feedback_weighted_risk,0.013337132382379546,0.013336686970266173,0.01333761188009565,20
no_conflict,0.0,static,monitoring_gap,7.705641680288979e-19,7.490535969267854e-19,7.910339050454243e-19,20
no_conflict,0.0,static,sample_monitoring_gap,-1.2096684075576808e-05,-3.405768250701194e-05,1.1153167140577777e-05,20
no_conflict,0.0,static,g0_feedback_share,0.2828104166666666,0.2819114583333333,0.2837177083333332,20
no_conflict,0.0,static,g0_expected_feedback_share,0.2827320638650378,0.2827320638650378,0.2827320638650378,20
no_conflict,0.0,static,expected_invitations_per_accepted,1.2430050452502273,1.2430050452502273,1.2430050452502273,20
no_conflict,0.0,static,action,-0.004820476607059904,-0.03029479786414723,0.019078689009818902,20
no_conflict,0.0,quota,g0_risk,0.013337132382379546,0.013336686970266173,0.01333761188009565,20
no_conflict,0.0,quota,g1_risk,0.013337132382379546,0.013336686970266173,0.01333761188009565,20
no_conflict,0.0,quota,g2_risk,0.013337132382379546,0.013336686970266173,0.01333761188009565,20
no_conflict,0.0,quota,population_risk,0.013337132382379546,0.013336686970266177,0.01333761188009565,20
no_conflict,0.0,quota,population_regret,3.7990490462101842e-06,3.353636932838484e-06,4.278546762311998e-06,20
no_conflict,0.0,quota,feedback_weighted_risk,0.013337132382379546,0.013336686970266173,0.01333761188009565,20
no_conflict,0.0,quota,monitoring_gap,8.899131431761023e-19,8.664943762504153e-19,9.136788547969844e-19,20
no_conflict,0.0,quota,sample_monitoring_gap,-1.2096684075576808e-05,-3.405768250701194e-05,1.1153167140577777e-05,20
no_conflict,0.0,quota,g0_feedback_share,0.333333333333333,0.333333333333333,0.333333333333333,20
no_conflict,0.0,quota,g0_expected_feedback_share,0.333333333333333,0.333333333333333,0.333333333333333,20
no_conflict,0.0,quota,expected_invitations_per_accepted,1.2586992471636234,1.2586992471636234,1.2586992471636234,20
no_conflict,0.0,quota,action,-0.004820476607059904,-0.03029479786414723,0.019078689009818902,20
no_conflict,0.0,ipw,g0_risk,0.013337159582508981,0.013336728581592674,0.01333761861970849,20
no_conflict,0.0,ipw,g1_risk,0.013337159582508981,0.013336728581592674,0.01333761861970849,20
no_conflict,0.0,ipw,g2_risk,0.013337159582508981,0.013336728581592674,0.01333761861970849,20
no_conflict,0.0,ipw,population_risk,0.013337159582508981,0.013336728581592674,0.01333761861970849,20
no_conflict,0.0,ipw,population_regret,3.826249175644282e-06,3.395248259338612e-06,4.285286375155011e-06,20
no_conflict,0.0,ipw,feedback_weighted_risk,0.013337159582508981,0.013336728581592674,0.01333761861970849,20
no_conflict,0.0,ipw,monitoring_gap,7.327471962526035e-19,7.062059270701583e-19,7.58594576044658e-19,20
no_conflict,0.0,ipw,sample_monitoring_gap,-1.216496093862135e-05,-3.411192967820007e-05,1.1111892000112585e-05,20
no_conflict,0.0,ipw,g0_feedback_share,0.2828104166666666,0.2819114583333333,0.2837177083333332,20
no_conflict,0.0,ipw,g0_expected_feedback_share,0.2827320638650378,0.2827320638650378,0.2827320638650378,20
no_conflict,0.0,ipw,expected_invitations_per_accepted,1.2430050452502273,1.2430050452502273,1.2430050452502273,20
no_conflict,0.0,ipw,action,-0.004831602801935961,-0.03030046549215574,0.019056223773308255,20
no_conflict,1.5,endogenous,g0_risk,0.013337132382379546,0.013336686970266173,0.01333761188009565,20
no_conflict,1.5,endogenous,g1_risk,0.013337132382379546,0.013336686970266173,0.01333761188009565,20
no_conflict,1.5,endogenous,g2_risk,0.013337132382379546,0.013336686970266173,0.01333761188009565,20
no_conflict,1.5,endogenous,population_risk,0.013337132382379546,0.013336686970266177,0.01333761188009565,20
no_conflict,1.5,endogenous,population_regret,3.7990490462101842e-06,3.353636932838484e-06,4.278546762311998e-06,20
no_conflict,1.5,endogenous,feedback_weighted_risk,0.013337132382379546,0.013336686970266173,0.01333761188009565,20
no_conflict,1.5,endogenous,monitoring_gap,3.9725167599868877e-20,1.0230531699573217e-20,6.921546669147459e-20,20
no_conflict,1.5,endogenous,sample_monitoring_gap,-1.2096684075576808e-05,-3.405768250701194e-05,1.1153167140577777e-05,20
no_conflict,1.5,endogenous,g0_feedback_share,0.28201562499999994,0.28109997395833336,0.2829260677083333,20
no_conflict,1.5,endogenous,g0_expected_feedback_share,0.28198002047280984,0.28197999330742646,0.2819800457070708,20
no_conflict,1.5,endogenous,expected_invitations_per_accepted,1.2472361272263932,1.247235984637112,1.2472362807279564,20
no_conflict,1.5,endogenous,action,-0.004820476607059904,-0.03029479786414723,0.019078689009818902,20
no_conflict,1.5,static,g0_risk,0.013337132382379546,0.013336686970266173,0.01333761188009565,20
no_conflict,1.5,static,g1_risk,0.013337132382379546,0.013336686970266173,0.01333761188009565,20
no_conflict,1.5,static,g2_risk,0.013337132382379546,0.013336686970266173,0.01333761188009565,20
no_conflict,1.5,static,population_risk,0.013337132382379546,0.013336686970266177,0.01333761188009565,20
no_conflict,1.5,static,population_regret,3.7990490462101842e-06,3.353636932838484e-06,4.278546762311998e-06,20
no_conflict,1.5,static,feedback_weighted_risk,0.013337132382379546,0.013336686970266173,0.01333761188009565,20
no_conflict,1.5,static,monitoring_gap,1.491862189340054e-20,-1.2490009027033005e-20,4.4582393332603943e-20,20
no_conflict,1.5,static,sample_monitoring_gap,-1.2096684075576808e-05,-3.405768250701194e-05,1.1153167140577777e-05,20
no_conflict,1.5,static,g0_feedback_share,0.28201562499999994,0.28109997395833336,0.2829260677083333,20
no_conflict,1.5,static,g0_expected_feedback_share,0.28198023570173614,0.28198023570173614,0.28198023570173614,20
no_conflict,1.5,static,expected_invitations_per_accepted,1.2472349110563943,1.2472349110563943,1.2472349110563943,20
no_conflict,1.5,static,action,-0.004820476607059904,-0.03029479786414723,0.019078689009818902,20
no_conflict,1.5,quota,g0_risk,0.013337132382379546,0.013336686970266173,0.01333761188009565,20
no_conflict,1.5,quota,g1_risk,0.013337132382379546,0.013336686970266173,0.01333761188009565,20
no_conflict,1.5,quota,g2_risk,0.013337132382379546,0.013336686970266173,0.01333761188009565,20
no_conflict,1.5,quota,population_risk,0.013337132382379546,0.013336686970266177,0.01333761188009565,20
no_conflict,1.5,quota,population_regret,3.7990490462101842e-06,3.353636932838484e-06,4.278546762311998e-06,20
no_conflict,1.5,quota,feedback_weighted_risk,0.013337132382379546,0.013336686970266173,0.01333761188009565,20
no_conflict,1.5,quota,monitoring_gap,8.899131431761023e-19,8.664943762504153e-19,9.136788547969844e-19,20
no_conflict,1.5,quota,sample_monitoring_gap,-1.2096684075576808e-05,-3.405768250701194e-05,1.1153167140577777e-05,20
no_conflict,1.5,quota,g0_feedback_share,0.333333333333333,0.333333333333333,0.333333333333333,20
no_conflict,1.5,quota,g0_expected_feedback_share,0.333333333333333,0.333333333333333,0.333333333333333,20
no_conflict,1.5,quota,expected_invitations_per_accepted,1.263481539851098,1.263481378555834,1.2634817134902527,20
no_conflict,1.5,quota,action,-0.004820476607059904,-0.03029479786414723,0.019078689009818902,20
no_conflict,1.5,ipw,g0_risk,0.013337161083145612,0.013336730200866544,0.01333762042251331,20
no_conflict,1.5,ipw,g1_risk,0.013337161083145612,0.013336730200866544,0.01333762042251331,20
no_conflict,1.5,ipw,g2_risk,0.013337161083145612,0.013336730200866544,0.01333762042251331,20
no_conflict,1.5,ipw,population_risk,0.013337161083145612,0.013336730200866544,0.01333762042251331,20
no_conflict,1.5,ipw,population_regret,3.827749812275517e-06,3.396867533207552e-06,4.287089179973078e-06,20
no_conflict,1.5,ipw,feedback_weighted_risk,0.013337161083145612,0.013336730200866544,0.013337620422513309,20
no_conflict,1.5,ipw,monitoring_gap,1.3877787807814442e-21,-2.5153490401663695e-20,2.914335439641036e-20,20
no_conflict,1.5,ipw,sample_monitoring_gap,-1.2165577538966703e-05,-3.410989692722461e-05,1.1107238283641955e-05,20
no_conflict,1.5,ipw,g0_feedback_share,0.28201562499999994,0.28109997395833336,0.2829260677083333,20
no_conflict,1.5,ipw,g0_expected_feedback_share,0.2819800188468103,0.28197999282350983,0.28198004325783405,20
no_conflict,1.5,ipw,expected_invitations_per_accepted,1.2472361364142703,1.2472359984771504,1.247236283462159,20
no_conflict,1.5,ipw,action,-0.0048314003232981465,-0.03030032216853143,0.01905509409501187,20
no_conflict,3.0,endogenous,g0_risk,0.013337132382379546,0.013336686970266173,0.01333761188009565,20
no_conflict,3.0,endogenous,g1_risk,0.013337132382379546,0.013336686970266173,0.01333761188009565,20
no_conflict,3.0,endogenous,g2_risk,0.013337132382379546,0.013336686970266173,0.01333761188009565,20
no_conflict,3.0,endogenous,population_risk,0.013337132382379546,0.013336686970266177,0.01333761188009565,20
no_conflict,3.0,endogenous,population_regret,3.7990490462101842e-06,3.353636932838484e-06,4.278546762311998e-06,20
no_conflict,3.0,endogenous,feedback_weighted_risk,0.013337132382379546,0.013336686970266173,0.01333761188009565,20
no_conflict,3.0,endogenous,monitoring_gap,5.8980598183211445e-21,-2.6372133643537405e-20,3.834172562777733e-20,20
no_conflict,3.0,endogenous,sample_monitoring_gap,-1.2096684075576808e-05,-3.405768250701194e-05,1.1153167140577777e-05,20
no_conflict,3.0,endogenous,g0_feedback_share,0.2812385416666667,0.2803280989583333,0.2821427083333333,20
no_conflict,3.0,endogenous,g0_expected_feedback_share,0.28122089770082126,0.281220842862449,0.28122094864078223,20
no_conflict,3.0,endogenous,expected_invitations_per_accepted,1.2515445575345918,1.2515442671399741,1.2515448701539647,20
no_conflict,3.0,endogenous,action,-0.004820476607059904,-0.03029479786414723,0.019078689009818902,20
no_conflict,3.0,static,g0_risk,0.013337132382379546,0.013336686970266173,0.01333761188009565,20
no_conflict,3.0,static,g1_risk,0.013337132382379546,0.013336686970266173,0.01333761188009565,20
no_conflict,3.0,static,g2_risk,0.013337132382379546,0.013336686970266173,0.01333761188009565,20
no_conflict,3.0,static,population_risk,0.013337132382379546,0.013336686970266177,0.01333761188009565,20
no_conflict,3.0,static,population_regret,3.7990490462101842e-06,3.353636932838484e-06,4.278546762311998e-06,20
no_conflict,3.0,static,feedback_weighted_risk,0.01333713238237955,0.013336686970266177,0.013337611880095654,20
no_conflict,3.0,static,monitoring_gap,-2.1887006096399387e-18,-2.2115989595228328e-18,-2.1656287874094474e-18,20
no_conflict,3.0,static,sample_monitoring_gap,-1.2096684075576808e-05,-3.405768250701194e-05,1.1153167140577777e-05,20
no_conflict,3.0,static,g0_feedback_share,0.2812385416666667,0.2803280989583333,0.2821427083333333,20
no_conflict,3.0,static,g0_expected_feedback_share,0.28122133217695205,0.28122133217695205,0.28122133217695205,20
no_conflict,3.0,static,expected_invitations_per_accepted,1.251542080737067,1.251542080737067,1.251542080737067,20
no_conflict,3.0,static,action,-0.004820476607059904,-0.03029479786414723,0.019078689009818902,20
no_conflict,3.0,quota,g0_risk,0.013337132382379546,0.013336686970266173,0.01333761188009565,20
no_conflict,3.0,quota,g1_risk,0.013337132382379546,0.013336686970266173,0.01333761188009565,20
no_conflict,3.0,quota,g2_risk,0.013337132382379546,0.013336686970266173,0.01333761188009565,20
no_conflict,3.0,quota,population_risk,0.013337132382379546,0.013336686970266177,0.01333761188009565,20
no_conflict,3.0,quota,population_regret,3.7990490462101842e-06,3.353636932838484e-06,4.278546762311998e-06,20
no_conflict,3.0,quota,feedback_weighted_risk,0.013337132382379546,0.013336686970266173,0.01333761188009565,20
no_conflict,3.0,quota,monitoring_gap,8.899131431761023e-19,8.664943762504153e-19,9.136788547969844e-19,20
no_conflict,3.0,quota,sample_monitoring_gap,-1.2096684075576808e-05,-3.405768250701194e-05,1.1153167140577777e-05,20
no_conflict,3.0,quota,g0_feedback_share,0.333333333333333,0.333333333333333,0.333333333333333,20
no_conflict,3.0,quota,g0_expected_feedback_share,0.333333333333333,0.333333333333333,0.333333333333333,20
no_conflict,3.0,quota,expected_invitations_per_accepted,1.2683591376684922,1.2683588086442423,1.2683594918741414,20
no_conflict,3.0,quota,action,-0.004820476607059904,-0.03029479786414723,0.019078689009818902,20
no_conflict,3.0,ipw,g0_risk,0.013337166448641991,0.013336735080031479,0.013337626198803578,20
no_conflict,3.0,ipw,g1_risk,0.013337166448641991,0.013336735080031479,0.013337626198803578,20
no_conflict,3.0,ipw,g2_risk,0.013337166448641991,0.013336735080031479,0.013337626198803578,20
no_conflict,3.0,ipw,population_risk,0.013337166448641987,0.013336735080031479,0.013337626198803578,20
no_conflict,3.0,ipw,population_regret,3.833115308652526e-06,3.401746698142434e-06,4.292865470244653e-06,20
no_conflict,3.0,ipw,feedback_weighted_risk,0.013337166448641991,0.013336735080031479,0.013337626198803578,20
no_conflict,3.0,ipw,monitoring_gap,1.2143064331837653e-20,-1.8045460958848736e-20,4.250506197012166e-20,20
no_conflict,3.0,ipw,sample_monitoring_gap,-1.2160800057277197e-05,-3.4108286373597835e-05,1.1107469202599004e-05,20
no_conflict,3.0,ipw,g0_feedback_share,0.2812385416666667,0.2803280989583333,0.2821427083333333,20
no_conflict,3.0,ipw,g0_expected_feedback_share,0.28122089380482546,0.28122084122481633,0.2812209431387865,20
no_conflict,3.0,ipw,expected_invitations_per_accepted,1.2515445797444573,1.251544298504523,1.25154487948999,20
no_conflict,3.0,ipw,action,-0.0048317321849346995,-0.030302055556877712,0.01905447788511759,20
