scenario,beta,contrast,metric,analysis_role,mean,ci95_low,ci95_high,n_worlds
main,0.0,endogenous minus static,g0_risk,secondary_or_exploratory,0.0,0.0,0.0,20
main,0.0,endogenous minus static,g1_risk,secondary_or_exploratory,0.0,0.0,0.0,20
main,0.0,endogenous minus static,g2_risk,secondary_or_exploratory,0.0,0.0,0.0,20
main,0.0,endogenous minus static,population_risk,secondary_or_exploratory,0.0,0.0,0.0,20
main,0.0,endogenous minus static,population_regret,secondary_or_exploratory,0.0,0.0,0.0,20
main,0.0,endogenous minus static,feedback_weighted_risk,secondary_or_exploratory,0.0,0.0,0.0,20
main,0.0,endogenous minus static,monitoring_gap,secondary_or_exploratory,0.0,0.0,0.0,20
main,0.0,endogenous minus static,sample_monitoring_gap,secondary_or_exploratory,0.0,0.0,0.0,20
main,0.0,endogenous minus static,g0_feedback_share,secondary_or_exploratory,0.0,0.0,0.0,20
main,0.0,endogenous minus static,g0_expected_feedback_share,secondary_or_exploratory,0.0,0.0,0.0,20
main,0.0,endogenous minus static,expected_invitations_per_accepted,secondary_or_exploratory,0.0,0.0,0.0,20
main,0.0,endogenous minus static,action,secondary_or_exploratory,0.0,0.0,0.0,20
main,0.0,endogenous minus quota,g0_risk,secondary_or_exploratory,0.16393571591870115,0.1554133455376614,0.17325533380912336,20
main,0.0,endogenous minus quota,g1_risk,secondary_or_exploratory,0.004476472315648773,0.00033584727749227895,0.008494874905705939,20
main,0.0,endogenous minus quota,g2_risk,secondary_or_exploratory,-0.14991926474990885,-0.15742777919815615,-0.1430803336047934,20
main,0.0,endogenous minus quota,population_risk,secondary_or_exploratory,0.006164307828147031,0.005815499355790943,0.006555870173680917,20
main,0.0,endogenous minus quota,population_regret,secondary_or_exploratory,0.0061643078281470205,0.00581549935579096,0.00655587017368088,20
main,0.0,endogenous minus quota,feedback_weighted_risk,secondary_or_exploratory,-0.03250209116130134,-0.03507098037746633,-0.03000658830339682,20
main,0.0,endogenous minus quota,monitoring_gap,secondary_or_exploratory,0.03866639898944836,0.035862735268651316,0.04155006253549794,20
main,0.0,endogenous minus quota,sample_monitoring_gap,secondary_or_exploratory,0.03827953509749116,0.03506937608828246,0.04170160116173089,20
main,0.0,endogenous minus quota,g0_feedback_share,secondary_or_exploratory,-0.05052291666666635,-0.05142187499999969,-0.049615624999999684,20
main,0.0,endogenous minus quota,g0_expected_feedback_share,secondary_or_exploratory,-0.05060126946829517,-0.05060126946829517,-0.05060126946829517,20
main,0.0,endogenous minus quota,expected_invitations_per_accepted,secondary_or_exploratory,-0.015694201913396544,-0.015694201913396544,-0.015694201913396544,20
main,0.0,endogenous minus quota,action,secondary_or_exploratory,0.0771826804915632,0.07503353610064835,0.07956448806698573,20
main,0.0,ipw minus endogenous,g0_risk,secondary_or_exploratory,-0.16230705963672437,-0.1709785863002876,-0.15401680868011094,20
main,0.0,ipw minus endogenous,g1_risk,secondary_or_exploratory,-0.004383325252896479,-0.008318593154849275,-0.0003826923687732461,20
main,0.0,ipw minus endogenous,g2_risk,secondary_or_exploratory,0.14880499359496197,0.14181731241351464,0.15634883647304376,20
main,0.0,ipw minus endogenous,population_risk,secondary_or_exploratory,-0.005961797098219634,-0.006340078510769451,-0.005626507228286627,20
main,0.0,ipw minus endogenous,population_regret,secondary_or_exploratory,-0.005961797098219603,-0.006340078510769459,-0.005626507228286593,20
main,0.0,ipw minus endogenous,feedback_weighted_risk,secondary_or_exploratory,0.005905106041483815,0.005565200926432229,0.006293787077678052,20
main,0.0,ipw minus endogenous,monitoring_gap,secondary_or_exploratory,-0.011866903139703441,-0.012501450806141704,-0.011259798224352269,20
main,0.0,ipw minus endogenous,sample_monitoring_gap,secondary_or_exploratory,-0.011886545757092127,-0.01261492164437623,-0.011210802898407039,20
main,0.0,ipw minus endogenous,g0_feedback_share,secondary_or_exploratory,0.0,0.0,0.0,20
main,0.0,ipw minus endogenous,g0_expected_feedback_share,secondary_or_exploratory,0.0,0.0,0.0,20
main,0.0,ipw minus endogenous,expected_invitations_per_accepted,secondary_or_exploratory,0.0,0.0,0.0,20
main,0.0,ipw minus endogenous,action,secondary_or_exploratory,-0.07648054063342205,-0.07851411144831491,-0.07453154433538091,20
main,0.0,ipw minus quota,g0_risk,secondary_or_exploratory,0.0016286562819767814,-0.0010489494100236563,0.004271938346001256,20
main,0.0,ipw minus quota,g1_risk,secondary_or_exploratory,9.31470627522934e-05,-0.00015640583962103947,0.0002491980150053391,20
main,0.0,ipw minus quota,g2_risk,secondary_or_exploratory,-0.001114271154946883,-0.0036293645442182425,0.0014867432046623034,20
main,0.0,ipw minus quota,population_risk,secondary_or_exploratory,0.0002025107299273965,0.00017971152033258012,0.0002268432588483102,20
main,0.0,ipw minus quota,population_regret,secondary_or_exploratory,0.00020251072992741822,0.0001797115203326225,0.0002268432588482915,20
main,0.0,ipw minus quota,feedback_weighted_risk,secondary_or_exploratory,-0.026596985119817524,-0.028925511142775626,-0.024319794508347647,20
main,0.0,ipw minus quota,monitoring_gap,secondary_or_exploratory,0.026799495849744913,0.024514207052308435,0.029141050913454807,20
main,0.0,ipw minus quota,sample_monitoring_gap,secondary_or_exploratory,0.026392989340399027,0.023681690147207057,0.02937222644971174,20
main,0.0,ipw minus quota,g0_feedback_share,secondary_or_exploratory,-0.05052291666666635,-0.05142187499999969,-0.049615624999999684,20
main,0.0,ipw minus quota,g0_expected_feedback_share,secondary_or_exploratory,-0.05060126946829517,-0.05060126946829517,-0.05060126946829517,20
main,0.0,ipw minus quota,expected_invitations_per_accepted,secondary_or_exploratory,-0.015694201913396544,-0.015694201913396544,-0.015694201913396544,20
main,0.0,ipw minus quota,action,secondary_or_exploratory,0.0007021398581411179,-0.0005515763017238,0.0019366085270107684,20
main,1.5,endogenous minus static,g0_risk,secondary_or_exploratory,0.5928570530927925,0.5303643130862399,0.6591902034023519,20
main,1.5,endogenous minus static,g1_risk,secondary_or_exploratory,0.12282898624335852,0.10666586039001029,0.14035677973235858,20
main,1.5,endogenous minus static,g2_risk,secondary_or_exploratory,-0.3351633274718227,-0.36966222242854285,-0.30257236147813454,20
main,1.5,endogenous minus static,population_risk,secondary_or_exploratory,0.12684090395477607,0.10940276575812523,0.14520635269886503,20
main,1.5,endogenous minus static,population_regret,secondary_or_exploratory,0.12684090395477604,0.10940276575812521,0.14520635269886506,20
main,1.5,endogenous minus static,feedback_weighted_risk,secondary_or_exploratory,-0.1246529922895309,-0.1428371848667124,-0.10653755500586241,20
main,1.5,endogenous minus static,monitoring_gap,secondary_or_exploratory,0.251493896244307,0.21716698061662054,0.28651785764986004,20
main,1.5,endogenous minus static,sample_monitoring_gap,secondary_or_exploratory,0.2513007042641827,0.2166831719790026,0.2865579872907474,20
main,1.5,endogenous minus static,g0_feedback_share,secondary_or_exploratory,-0.10924166666666665,-0.11285216145833334,-0.10515833333333333,20
main,1.5,endogenous minus static,g0_expected_feedback_share,secondary_or_exploratory,-0.10950865617819983,-0.11295400151910776,-0.105550958058104,20
main,1.5,endogenous minus static,expected_invitations_per_accepted,secondary_or_exploratory,0.035503800754714473,0.022635107428532166,0.04676397792158022,20
main,1.5,endogenous minus static,action,secondary_or_exploratory,0.22666297224250492,0.209852798559523,0.244373105979142,20
main,1.5,endogenous minus quota,g0_risk,secondary_or_exploratory,0.9510142057639855,0.8540112421087376,1.0535007066221107,20
main,1.5,endogenous minus quota,g1_risk,secondary_or_exploratory,0.1430586595518627,0.12340014137086197,0.16374365177043304,20
main,1.5,endogenous minus quota,g2_risk,secondary_or_exploratory,-0.6311869315177213,-0.6804062443142176,-0.5842640934902604,20
main,1.5,endogenous minus quota,population_risk,secondary_or_exploratory,0.15429531126604237,0.13279363334563407,0.1770317892748615,20
main,1.5,endogenous minus quota,population_regret,secondary_or_exploratory,0.1542953112660424,0.1327936333456341,0.17703178927486152,20
main,1.5,endogenous minus quota,feedback_weighted_risk,secondary_or_exploratory,-0.31094412589212655,-0.3488565551229673,-0.274960122289373,20
main,1.5,endogenous minus quota,monitoring_gap,secondary_or_exploratory,0.46523943715816884,0.4077481829508265,0.5257194130866807,20
main,1.5,endogenous minus quota,sample_monitoring_gap,secondary_or_exploratory,0.46466352804900923,0.4069328723434712,0.5255608927427221,20
main,1.5,endogenous minus quota,g0_feedback_share,secondary_or_exploratory,-0.26261145833333294,-0.27272822916666634,-0.252224817708333,20
main,1.5,endogenous minus quota,g0_expected_feedback_share,secondary_or_exploratory,-0.26294499710552793,-0.2729905412645108,-0.25275271563028684,20
main,1.5,endogenous minus quota,expected_invitations_per_accepted,secondary_or_exploratory,-0.2748423611356247,-0.3297862092203634,-0.22579186634371448,20
main,1.5,endogenous minus quota,action,secondary_or_exploratory,0.38747493596638716,0.36020668572263365,0.4154885655968316,20
main,1.5,ipw minus endogenous,g0_risk,secondary_or_exploratory,-0.9461116530040812,-1.0481724426720136,-0.8493191670694352,20
main,1.5,ipw minus endogenous,g1_risk,secondary_or_exploratory,-0.1429213953758149,-0.1635332572452949,-0.1234027779763155,20
main,1.5,ipw minus endogenous,g2_risk,secondary_or_exploratory,0.6270353936117978,0.5802500030723808,0.6764794151960183,20
main,1.5,ipw minus endogenous,population_risk,secondary_or_exploratory,-0.15399921825603283,-0.17672285960815723,-0.13253134087802085,20
main,1.5,ipw minus endogenous,population_regret,secondary_or_exploratory,-0.15399921825603285,-0.1767228596081572,-0.1325313408780209,20
main,1.5,ipw minus endogenous,feedback_weighted_risk,secondary_or_exploratory,0.1509285251459847,0.12793655810307777,0.17430190812557136,20
main,1.5,ipw minus endogenous,monitoring_gap,secondary_or_exploratory,-0.3049277434020175,-0.34947289088070865,-0.26147704655336657,20
main,1.5,ipw minus endogenous,sample_monitoring_gap,secondary_or_exploratory,-0.3046990876720898,-0.3495524342233253,-0.2610538187785366,20
main,1.5,ipw minus endogenous,g0_feedback_share,secondary_or_exploratory,0.10850520833333333,0.10439893229166665,0.11219690104166667,20
main,1.5,ipw minus endogenous,g0_expected_feedback_share,secondary_or_exploratory,0.1087446100962478,0.10477779852050469,0.11227590175704588,20
main,1.5,ipw minus endogenous,expected_invitations_per_accepted,secondary_or_exploratory,-0.03545300855219245,-0.04666527987511991,-0.022667823061988647,20
main,1.5,ipw minus endogenous,action,secondary_or_exploratory,-0.3852277359353339,-0.41308134329322743,-0.35817866312423163,20
main,1.5,ipw minus quota,g0_risk,secondary_or_exploratory,0.004902552759904444,0.0015515878125135724,0.008271132987354605,20
main,1.5,ipw minus quota,g1_risk,secondary_or_exploratory,0.00013726417604775646,-0.00015121913239039196,0.0003497859216077761,20
main,1.5,ipw minus quota,g2_risk,secondary_or_exploratory,-0.004151537905923592,-0.007407188442943396,-0.0008787212977527527,20
main,1.5,ipw minus quota,population_risk,secondary_or_exploratory,0.0002960930100095294,0.00025629604093401804,0.00034255841472380095,20
main,1.5,ipw minus quota,population_regret,secondary_or_exploratory,0.00029609301000953155,0.00025629604093401517,0.00034255841472383326,20
main,1.5,ipw minus quota,feedback_weighted_risk,secondary_or_exploratory,-0.16001560074614185,-0.17820203187272945,-0.14335889258874193,20
main,1.5,ipw minus quota,monitoring_gap,secondary_or_exploratory,0.16031169375615145,0.1436302299334691,0.178546774867301,20
main,1.5,ipw minus quota,sample_monitoring_gap,secondary_or_exploratory,0.1599644403769194,0.1431574595080207,0.1780943750144641,20
main,1.5,ipw minus quota,g0_feedback_share,secondary_or_exploratory,-0.15410624999999967,-0.16126054687499963,-0.14717588541666632,20
main,1.5,ipw minus quota,g0_expected_feedback_share,secondary_or_exploratory,-0.15420038700928013,-0.1611951572353473,-0.14744310215445253,20
main,1.5,ipw minus quota,expected_invitations_per_accepted,secondary_or_exploratory,-0.3102953696878172,-0.35398451963584726,-0.2700525432106317,20
main,1.5,ipw minus quota,action,secondary_or_exploratory,0.0022472000310532394,0.0006674999646687699,0.003824267863243703,20
main,3.0,endogenous minus static,g0_risk,primary,0.7337720789610263,0.5158086270726145,0.8971166793550999,20
main,3.0,endogenous minus static,g1_risk,secondary_or_exploratory,0.17513057396593745,0.1482778648030654,0.19769409948936428,20
main,3.0,endogenous minus static,g2_risk,secondary_or_exploratory,-0.3308577659085959,-0.4749855902609627,-0.13453204609712896,20
main,3.0,endogenous minus static,population_risk,secondary_or_exploratory,0.19268162900612276,0.17520034362695244,0.20855229807087702,20
main,3.0,endogenous minus static,population_regret,secondary_or_exploratory,0.19268162900612268,0.1752003436269524,0.20855229807087702,20
main,3.0,endogenous minus static,feedback_weighted_risk,secondary_or_exploratory,-0.014619444946683097,-0.03507815216867688,0.0068912092087479865,20
main,3.0,endogenous minus static,monitoring_gap,secondary_or_exploratory,0.2073010739528057,0.19532548834227417,0.2180179204642173,20
main,3.0,endogenous minus static,sample_monitoring_gap,secondary_or_exploratory,0.20765829131286123,0.19552035461132236,0.21859759574889656,20
main,3.0,endogenous minus static,g0_feedback_share,secondary_or_exploratory,-0.04285416666666668,-0.07237093750000002,-0.0017464583333333496,20
main,3.0,endogenous minus static,g0_expected_feedback_share,secondary_or_exploratory,-0.042813616578297645,-0.07210960474102726,-0.0019509593734807792,20
main,3.0,endogenous minus static,expected_invitations_per_accepted,secondary_or_exploratory,-0.4616263571350719,-0.5253307485215307,-0.3987121507731664,20
main,3.0,endogenous minus static,action,secondary_or_exploratory,0.26323741541942697,0.1641605065896626,0.3351165764665774,20
main,3.0,endogenous minus quota,g0_risk,secondary_or_exploratory,1.0239792503021485,0.7522689812336001,1.225217737602395,20
main,3.0,endogenous minus quota,g1_risk,secondary_or_exploratory,0.18647180650642542,0.15649964435694227,0.21110334652199503,20
main,3.0,endogenous minus quota,g2_risk,secondary_or_exploratory,-0.5652767005661343,-0.7370014517697921,-0.32161873502577276,20
main,3.0,endogenous minus quota,population_risk,secondary_or_exploratory,0.2150581187474799,0.1947564616273608,0.23297013253847645,20
main,3.0,endogenous minus quota,population_regret,secondary_or_exploratory,0.2150581187474799,0.1947564616273608,0.23297013253847645,20
main,3.0,endogenous minus quota,feedback_weighted_risk,secondary_or_exploratory,-0.42481958536118114,-0.4552281340578507,-0.3962020156653364,20
main,3.0,endogenous minus quota,monitoring_gap,secondary_or_exploratory,0.639877704108661,0.60377579369726,0.6774246275009155,20
main,3.0,endogenous minus quota,sample_monitoring_gap,secondary_or_exploratory,0.6394753779102098,0.6032783669899938,0.676943037388692,20
main,3.0,endogenous minus quota,g0_feedback_share,secondary_or_exploratory,-0.2900291666666663,-0.31855002604166627,-0.24637914062499966,20
main,3.0,endogenous minus quota,g0_expected_feedback_share,secondary_or_exploratory,-0.29026725701579953,-0.3185583239102041,-0.24704325934696506,20
main,3.0,endogenous minus quota,expected_invitations_per_accepted,secondary_or_exploratory,-3.117851814497436,-3.670354213715132,-2.623993217756903,20
main,3.0,endogenous minus quota,action,secondary_or_exploratory,0.39370936584395066,0.27064369666034116,0.480030846301614,20
main,3.0,ipw minus endogenous,g0_risk,secondary_or_exploratory,-1.0032877740566957,-1.19947810014566,-0.736481379179707,20
main,3.0,ipw minus endogenous,g1_risk,secondary_or_exploratory,-0.18643819694760566,-0.210711214108526,-0.15671096365454099,20
main,3.0,ipw minus endogenous,g2_risk,secondary_or_exploratory,0.5469649020775219,0.3076304378424662,0.71529763259242,20
main,3.0,ipw minus endogenous,population_risk,secondary_or_exploratory,-0.21425368964225983,-0.23203203636606376,-0.19404689286199975,20
main,3.0,ipw minus endogenous,population_regret,secondary_or_exploratory,-0.21425368964225983,-0.23203203636606382,-0.1940468928619998,20
main,3.0,ipw minus endogenous,feedback_weighted_risk,secondary_or_exploratory,0.036946356993114216,0.012873385837479979,0.06058639967899891,20
main,3.0,ipw minus endogenous,monitoring_gap,secondary_or_exploratory,-0.251200046635374,-0.2772027489998325,-0.22762645057526065,20
main,3.0,ipw minus endogenous,sample_monitoring_gap,secondary_or_exploratory,-0.25154800106364905,-0.2776054332008866,-0.22801657066958955,20
main,3.0,ipw minus endogenous,g0_feedback_share,secondary_or_exploratory,0.039905208333333345,-0.0006844010416666594,0.06908463541666666,20
main,3.0,ipw minus endogenous,g0_expected_feedback_share,secondary_or_exploratory,0.03987498936305264,-0.0005454698366009992,0.06889890399423737,20
main,3.0,ipw minus endogenous,expected_invitations_per_accepted,secondary_or_exploratory,0.4466967455334304,0.3872022065062087,0.5064034619468399,20
main,3.0,ipw minus endogenous,action,secondary_or_exploratory,-0.3842356239620387,-0.4686030031606823,-0.2630528322442021,20
main,3.0,ipw minus quota,g0_risk,secondary_or_exploratory,0.0206914762454528,0.013122376535342085,0.02866532057344562,20
main,3.0,ipw minus quota,g1_risk,secondary_or_exploratory,3.36095588197742e-05,-0.0007242989923470734,0.0005661455341623018,20
main,3.0,ipw minus quota,g2_risk,secondary_or_exploratory,-0.0183117984886124,-0.025575626885989407,-0.01138863056123111,20
main,3.0,ipw minus quota,population_risk,secondary_or_exploratory,0.0008044291052200448,0.0006193926386612724,0.0010147888156115962,20
main,3.0,ipw minus quota,population_regret,secondary_or_exploratory,0.0008044291052200532,0.0006193926386612966,0.0010147888156116084,20
main,3.0,ipw minus quota,feedback_weighted_risk,secondary_or_exploratory,-0.38787322836806687,-0.4297383529141203,-0.349142624430911,20
main,3.0,ipw minus quota,monitoring_gap,secondary_or_exploratory,0.388677657473287,0.3498662988339427,0.4306689617057386,20
main,3.0,ipw minus quota,sample_monitoring_gap,secondary_or_exploratory,0.3879273768465608,0.34909663431842813,0.4298170848296869,20
main,3.0,ipw minus quota,g0_feedback_share,secondary_or_exploratory,-0.25012395833333295,-0.2587182812499996,-0.24153122395833296,20
main,3.0,ipw minus quota,g0_expected_feedback_share,secondary_or_exploratory,-0.2503922676527469,-0.25877134949135994,-0.24203702308088224,20
main,3.0,ipw minus quota,expected_invitations_per_accepted,secondary_or_exploratory,-2.671155068964006,-3.1689029998498053,-2.2218431885292533,20
main,3.0,ipw minus quota,action,secondary_or_exploratory,0.009473741881911982,0.006050376181189336,0.013045231842997395,20
symmetric,0.0,endogenous minus static,g0_risk,secondary_or_exploratory,0.0,0.0,0.0,20
symmetric,0.0,endogenous minus static,g1_risk,secondary_or_exploratory,0.0,0.0,0.0,20
symmetric,0.0,endogenous minus static,g2_risk,secondary_or_exploratory,0.0,0.0,0.0,20
symmetric,0.0,endogenous minus static,population_risk,secondary_or_exploratory,0.0,0.0,0.0,20
symmetric,0.0,endogenous minus static,population_regret,secondary_or_exploratory,0.0,0.0,0.0,20
symmetric,0.0,endogenous minus static,feedback_weighted_risk,secondary_or_exploratory,0.0,0.0,0.0,20
symmetric,0.0,endogenous minus static,monitoring_gap,secondary_or_exploratory,0.0,0.0,0.0,20
symmetric,0.0,endogenous minus static,sample_monitoring_gap,secondary_or_exploratory,0.0,0.0,0.0,20
symmetric,0.0,endogenous minus static,g0_feedback_share,secondary_or_exploratory,0.0,0.0,0.0,20
symmetric,0.0,endogenous minus static,g0_expected_feedback_share,secondary_or_exploratory,0.0,0.0,0.0,20
symmetric,0.0,endogenous minus static,expected_invitations_per_accepted,secondary_or_exploratory,0.0,0.0,0.0,20
symmetric,0.0,endogenous minus static,action,secondary_or_exploratory,0.0,0.0,0.0,20
symmetric,0.0,endogenous minus quota,g0_risk,secondary_or_exploratory,-0.00026370158553288837,-0.002515990342993497,0.0019391285013610588,20
symmetric,0.0,endogenous minus quota,g1_risk,secondary_or_exploratory,0.00014141387326958152,1.0236100852385332e-05,0.00023802765007295077,20
symmetric,0.0,endogenous minus quota,g2_risk,secondary_or_exploratory,0.0006949535981262134,-0.001475572677028115,0.0029352095745964124,20
symmetric,0.0,endogenous minus quota,population_risk,secondary_or_exploratory,0.00019088862862097212,0.00016704090252904868,0.00021667846991801893,20
symmetric,0.0,endogenous minus quota,population_regret,secondary_or_exploratory,0.00019088862862098532,0.00016704090252905507,0.00021667846991800188,20
symmetric,0.0,endogenous minus quota,feedback_weighted_risk,secondary_or_exploratory,0.0001908886286210054,0.00016704090252908838,0.00021667846991805237,20
symmetric,0.0,endogenous minus quota,monitoring_gap,secondary_or_exploratory,1.443289932012714e-19,-1.598721155460224e-18,1.987299214079032e-18,20
symmetric,0.0,endogenous minus quota,sample_monitoring_gap,secondary_or_exploratory,-0.0008962129781869257,-0.00226698748540987,0.0006628783586146214,20
symmetric,0.0,endogenous minus quota,g0_feedback_share,secondary_or_exploratory,0.0004135416666670083,-0.0004969010416663382,0.0013302604166670147,20
symmetric,0.0,endogenous minus quota,g0_expected_feedback_share,secondary_or_exploratory,0.0,0.0,0.0,20
symmetric,0.0,endogenous minus quota,expected_invitations_per_accepted,secondary_or_exploratory,0.0,0.0,0.0,20
symmetric,0.0,endogenous minus quota,action,secondary_or_exploratory,-0.0002204493910629335,-0.0013020778887517868,0.0008267594494981137,20
symmetric,0.0,ipw minus endogenous,g0_risk,secondary_or_exploratory,0.0,0.0,0.0,20
symmetric,0.0,ipw minus endogenous,g1_risk,secondary_or_exploratory,0.0,0.0,0.0,20
symmetric,0.0,ipw minus endogenous,g2_risk,secondary_or_exploratory,0.0,0.0,0.0,20
symmetric,0.0,ipw minus endogenous,population_risk,secondary_or_exploratory,0.0,0.0,0.0,20
symmetric,0.0,ipw minus endogenous,population_regret,secondary_or_exploratory,0.0,0.0,0.0,20
symmetric,0.0,ipw minus endogenous,feedback_weighted_risk,secondary_or_exploratory,0.0,0.0,0.0,20
symmetric,0.0,ipw minus endogenous,monitoring_gap,secondary_or_exploratory,0.0,0.0,0.0,20
symmetric,0.0,ipw minus endogenous,sample_monitoring_gap,secondary_or_exploratory,0.0,0.0,0.0,20
symmetric,0.0,ipw minus endogenous,g0_feedback_share,secondary_or_exploratory,0.0,0.0,0.0,20
symmetric,0.0,ipw minus endogenous,g0_expected_feedback_share,secondary_or_exploratory,0.0,0.0,0.0,20
symmetric,0.0,ipw minus endogenous,expected_invitations_per_accepted,secondary_or_exploratory,0.0,0.0,0.0,20
symmetric,0.0,ipw minus endogenous,action,secondary_or_exploratory,0.0,0.0,0.0,20
symmetric,0.0,ipw minus quota,g0_risk,secondary_or_exploratory,-0.00026370158553288837,-0.002515990342993497,0.0019391285013610588,20
symmetric,0.0,ipw minus quota,g1_risk,secondary_or_exploratory,0.00014141387326958152,1.0236100852385332e-05,0.00023802765007295077,20
symmetric,0.0,ipw minus quota,g2_risk,secondary_or_exploratory,0.0006949535981262134,-0.001475572677028115,0.0029352095745964124,20
symmetric,0.0,ipw minus quota,population_risk,secondary_or_exploratory,0.00019088862862097212,0.00016704090252904868,0.00021667846991801893,20
symmetric,0.0,ipw minus quota,population_regret,secondary_or_exploratory,0.00019088862862098532,0.00016704090252905507,0.00021667846991800188,20
symmetric,0.0,ipw minus quota,feedback_weighted_risk,secondary_or_exploratory,0.0001908886286210054,0.00016704090252908838,0.00021667846991805237,20
symmetric,0.0,ipw minus quota,monitoring_gap,secondary_or_exploratory,1.443289932012714e-19,-1.598721155460224e-18,1.987299214079032e-18,20
symmetric,0.0,ipw minus quota,sample_monitoring_gap,secondary_or_exploratory,-0.0008962129781869257,-0.00226698748540987,0.0006628783586146214,20
symmetric,0.0,ipw minus quota,g0_feedback_share,secondary_or_exploratory,0.0004135416666670083,-0.0004969010416663382,0.0013302604166670147,20
symmetric,0.0,ipw minus quota,g0_expected_feedback_share,secondary_or_exploratory,0.0,0.0,0.0,20
symmetric,0.0,ipw minus quota,expected_invitations_per_accepted,secondary_or_exploratory,0.0,0.0,0.0,20
symmetric,0.0,ipw minus quota,action,secondary_or_exploratory,-0.0002204493910629335,-0.0013020778887517868,0.0008267594494981137,20
symmetric,1.5,endogenous minus static,g0_risk,secondary_or_exploratory,0.027252231191607496,-0.0448100602538044,0.09742250432724801,20
symmetric,1.5,endogenous minus static,g1_risk,secondary_or_exploratory,0.0027712656450522817,0.0004198952692570124,0.006381369133127941,20
symmetric,1.5,endogenous minus static,g2_risk,secondary_or_exploratory,0.005900947162692233,-0.06608411634199576,0.09424137615840601,20
symmetric,1.5,endogenous minus static,population_risk,secondary_or_exploratory,0.011974814666450733,0.003957564129718883,0.022410124470726267,20
symmetric,1.5,endogenous minus static,population_regret,secondary_or_exploratory,0.01197481466645073,0.003957564129718894,0.02241012447072627,20
symmetric,1.5,endogenous minus static,feedback_weighted_risk,secondary_or_exploratory,-0.021313483964838963,-0.03934686588682037,-0.007266665403135411,20
symmetric,1.5,endogenous minus static,monitoring_gap,secondary_or_exploratory,0.03328829863128965,0.011246433272964358,0.061715533419331545,20
symmetric,1.5,endogenous minus static,sample_monitoring_gap,secondary_or_exploratory,0.033087647794402056,0.011133227115211903,0.06126852758885116,20
symmetric,1.5,endogenous minus static,g0_feedback_share,secondary_or_exploratory,-0.005009375000000008,-0.021277499999999994,0.012140104166666657,20
symmetric,1.5,endogenous minus static,g0_expected_feedback_share,secondary_or_exploratory,-0.004998850886773505,-0.02159843990179105,0.012466237419792425,20
symmetric,1.5,endogenous minus static,expected_invitations_per_accepted,secondary_or_exploratory,0.013610868108627295,0.004967985634383069,0.02476553988967628,20
symmetric,1.5,endogenous minus static,action,secondary_or_exploratory,0.005305353061677366,-0.03248906879848465,0.03917076666417696,20
symmetric,1.5,endogenous minus quota,g0_risk,secondary_or_exploratory,0.036984012699138195,-0.06150891601630768,0.13486201565226044,20
symmetric,1.5,endogenous minus quota,g1_risk,secondary_or_exploratory,0.0001347639250987742,-0.0031774121910254083,0.003450634509427989,20
symmetric,1.5,endogenous minus quota,g2_risk,secondary_or_exploratory,0.0021093754636375694,-0.0961373027224786,0.11792806429015648,20
symmetric,1.5,endogenous minus quota,population_risk,secondary_or_exploratory,0.013076050695958191,0.0044645655019153905,0.024209360972705523,20
symmetric,1.5,endogenous minus quota,population_regret,secondary_or_exploratory,0.013076050695958222,0.004464565501915388,0.02420936097270552,20
symmetric,1.5,endogenous minus quota,feedback_weighted_risk,secondary_or_exploratory,-0.11276394393464217,-0.1381279709425517,-0.09069892932746962,20
symmetric,1.5,endogenous minus quota,monitoring_gap,secondary_or_exploratory,0.1258399946306004,0.09608412632068915,0.16155837159343503,20
symmetric,1.5,endogenous minus quota,sample_monitoring_gap,secondary_or_exploratory,0.1251341135230542,0.0954656993358949,0.16089199656586384,20
symmetric,1.5,endogenous minus quota,g0_feedback_share,secondary_or_exploratory,-0.04882291666666634,-0.07048781249999968,-0.026527916666666342,20
symmetric,1.5,endogenous minus quota,g0_expected_feedback_share,secondary_or_exploratory,-0.048934800063961115,-0.070319282347559,-0.026872723125728106,20
symmetric,1.5,endogenous minus quota,expected_invitations_per_accepted,secondary_or_exploratory,-0.033364429957790334,-0.04421076599507521,-0.022547616406928782,20
symmetric,1.5,endogenous minus quota,action,secondary_or_exploratory,0.008821364885483218,-0.041993149736749065,0.05508727318038586,20
symmetric,1.5,ipw minus endogenous,g0_risk,secondary_or_exploratory,-0.036738652979841795,-0.13289599244129718,0.060286483690100964,20
symmetric,1.5,ipw minus endogenous,g1_risk,secondary_or_exploratory,-0.00011201219020473006,-0.0034084927740899904,0.0030006584528558533,20
symmetric,1.5,ipw minus endogenous,g2_risk,secondary_or_exploratory,-0.00170258391676395,-0.11595362440938212,0.09461707846967544,20
symmetric,1.5,ipw minus endogenous,population_risk,secondary_or_exploratory,-0.012851083028936894,-0.023984747975371673,-0.004250251174029918,20
symmetric,1.5,ipw minus endogenous,population_regret,secondary_or_exploratory,-0.01285108302893688,-0.023984747975371663,-0.004250251174029892,20
symmetric,1.5,ipw minus endogenous,feedback_weighted_risk,secondary_or_exploratory,0.021688454400002742,0.007254171414703782,0.04021662217172015,20
symmetric,1.5,ipw minus endogenous,monitoring_gap,secondary_or_exploratory,-0.03453953742893959,-0.06414549811810923,-0.011500936627981996,20
symmetric,1.5,ipw minus endogenous,sample_monitoring_gap,secondary_or_exploratory,-0.034227504725866956,-0.06371811218317595,-0.011292473405883472,20
symmetric,1.5,ipw minus endogenous,g0_feedback_share,secondary_or_exploratory,0.004877083333333349,-0.01208489583333331,0.02095036458333335,20
symmetric,1.5,ipw minus endogenous,g0_expected_feedback_share,secondary_or_exploratory,0.004988411534176058,-0.01226403596666426,0.02130155765188233,20
symmetric,1.5,ipw minus endogenous,expected_invitations_per_accepted,secondary_or_exploratory,-0.013352972123643392,-0.024453404556416636,-0.004751767126444674,20
symmetric,1.5,ipw minus endogenous,action,secondary_or_exploratory,-0.008809933237327764,-0.05434085872807906,0.041000174603014694,20
symmetric,1.5,ipw minus quota,g0_risk,secondary_or_exploratory,0.00024535971929640077,-0.00302592853602373,0.0034497730749089408,20
symmetric,1.5,ipw minus quota,g1_risk,secondary_or_exploratory,2.2751734894044076e-05,-0.0002808000012823221,0.00023267784460529698,20
symmetric,1.5,ipw minus quota,g2_risk,secondary_or_exploratory,0.0004067915468736194,-0.0026711503894342073,0.003657968559203641,20
symmetric,1.5,ipw minus quota,population_risk,secondary_or_exploratory,0.00022496766702129745,0.00019718387186689696,0.00025567012881771945,20
symmetric,1.5,ipw minus quota,population_regret,secondary_or_exploratory,0.00022496766702134464,0.00019718387186696545,0.00025567012881775594,20
symmetric,1.5,ipw minus quota,feedback_weighted_risk,secondary_or_exploratory,-0.09107548953463944,-0.10375929823535707,-0.07951556798904257,20
symmetric,1.5,ipw minus quota,monitoring_gap,secondary_or_exploratory,0.09130045720166077,0.07971578753890868,0.10399713113441679,20
symmetric,1.5,ipw minus quota,sample_monitoring_gap,secondary_or_exploratory,0.09090660879718729,0.07912079033973443,0.10368909405868977,20
symmetric,1.5,ipw minus quota,g0_feedback_share,secondary_or_exploratory,-0.04394583333333299,-0.050098020833333,-0.03792486979166632,20
symmetric,1.5,ipw minus quota,g0_expected_feedback_share,secondary_or_exploratory,-0.043946388529785066,-0.049701417959275046,-0.038396619139785156,20
symmetric,1.5,ipw minus quota,expected_invitations_per_accepted,secondary_or_exploratory,-0.046717402081433726,-0.05580097002806092,-0.038618236196028624,20
symmetric,1.5,ipw minus quota,action,secondary_or_exploratory,1.1431648155462359e-05,-0.0015321821766672342,0.0015262693245830655,20
symmetric,3.0,endogenous minus static,g0_risk,secondary_or_exploratory,0.4824576919908413,0.1474809300132507,0.8000560330550169,20
symmetric,3.0,endogenous minus static,g1_risk,secondary_or_exploratory,0.1789294247528794,0.16222434125640797,0.19402311380154255,20
symmetric,3.0,endogenous minus static,g2_risk,secondary_or_exploratory,-0.02414829953608384,-0.3367283241187827,0.3161177156060095,20
symmetric,3.0,endogenous minus static,population_risk,secondary_or_exploratory,0.2124129390692123,0.19372639433617544,0.22860237553085855,20
symmetric,3.0,endogenous minus static,population_regret,secondary_or_exploratory,0.21241293906921235,0.19372639433617542,0.22860237553085858,20
symmetric,3.0,endogenous minus static,feedback_weighted_risk,secondary_or_exploratory,-0.10349791827096085,-0.12398198204068325,-0.08105651311858117,20
symmetric,3.0,endogenous minus static,monitoring_gap,secondary_or_exploratory,0.3159108573401731,0.28971560232777993,0.3397660914803985,20
symmetric,3.0,endogenous minus static,sample_monitoring_gap,secondary_or_exploratory,0.31623486922683897,0.2900973086378669,0.33979107877777387,20
symmetric,3.0,endogenous minus static,g0_feedback_share,secondary_or_exploratory,9.687499999999071e-05,-0.07703455729166667,0.08277432291666664,20
symmetric,3.0,endogenous minus static,g0_expected_feedback_share,secondary_or_exploratory,3.1541820600958226e-05,-0.07727036909518047,0.08253560184727741,20
symmetric,3.0,endogenous minus static,expected_invitations_per_accepted,secondary_or_exploratory,-0.27091981655363184,-0.33749456911448455,-0.20788413805301653,20
symmetric,3.0,endogenous minus static,action,secondary_or_exploratory,0.12189165819691547,-0.0434428421298176,0.2745640469875491,20
symmetric,3.0,endogenous minus quota,g0_risk,secondary_or_exploratory,0.5123214032304296,0.12376750219465094,0.8769947565493746,20
symmetric,3.0,endogenous minus quota,g1_risk,secondary_or_exploratory,0.1754695198155835,0.15740342700516105,0.19195414791758741,20
symmetric,3.0,endogenous minus quota,g2_risk,secondary_or_exploratory,-0.03305908066009881,-0.3941508360858197,0.36291784554063394,20
symmetric,3.0,endogenous minus quota,population_risk,secondary_or_exploratory,0.21824394746197137,0.19795742001646818,0.23670585114329487,20
symmetric,3.0,endogenous minus quota,population_regret,secondary_or_exploratory,0.21824394746197145,0.1979574200164682,0.23670585114329495,20
symmetric,3.0,endogenous minus quota,feedback_weighted_risk,secondary_or_exploratory,-0.42102485068817497,-0.45138944035894063,-0.3904901480490515,20
symmetric,3.0,endogenous minus quota,monitoring_gap,secondary_or_exploratory,0.6392687981501465,0.5892214803206113,0.6874158218503988,20
symmetric,3.0,endogenous minus quota,sample_monitoring_gap,secondary_or_exploratory,0.6389597085094538,0.5888929199005966,0.6871587816814914,20
symmetric,3.0,endogenous minus quota,g0_feedback_share,secondary_or_exploratory,-0.15051874999999967,-0.23484794270833295,-0.058733255208333016,20
symmetric,3.0,endogenous minus quota,g0_expected_feedback_share,secondary_or_exploratory,-0.15070934060575675,-0.23508370781887072,-0.05885676922695929,20
symmetric,3.0,endogenous minus quota,expected_invitations_per_accepted,secondary_or_exploratory,-1.2313971876196688,-1.5369812106801455,-0.9586239930450902,20
symmetric,3.0,endogenous minus quota,action,secondary_or_exploratory,0.13192649462912578,-0.05839298279256411,0.30795442355736224,20
symmetric,3.0,ipw minus endogenous,g0_risk,secondary_or_exploratory,-0.5120085689503076,-0.8748690640978816,-0.12403360020211034,20
symmetric,3.0,ipw minus endogenous,g1_risk,secondary_or_exploratory,-0.17540225131983495,-0.19171527309165945,-0.15748928351429795,20
symmetric,3.0,ipw minus endogenous,g2_risk,secondary_or_exploratory,0.03384843265025578,-0.3593757236569637,0.3926469132198534,20
symmetric,3.0,ipw minus endogenous,population_risk,secondary_or_exploratory,-0.2178541292066289,-0.23626787907071764,-0.197598377176591,20
symmetric,3.0,ipw minus endogenous,population_regret,secondary_or_exploratory,-0.21785412920662894,-0.23626787907071772,-0.197598377176591,20
symmetric,3.0,ipw minus endogenous,feedback_weighted_risk,secondary_or_exploratory,0.10830790192608275,0.08470669827386622,0.13115836100510028,20
symmetric,3.0,ipw minus endogenous,monitoring_gap,secondary_or_exploratory,-0.3261620311327117,-0.35742797869540427,-0.2949659708802886,20
symmetric,3.0,ipw minus endogenous,sample_monitoring_gap,secondary_or_exploratory,-0.3264093521224563,-0.35736424942680634,-0.2955643467660586,20
symmetric,3.0,ipw minus endogenous,g0_feedback_share,secondary_or_exploratory,0.00019687500000001025,-0.08134138020833331,0.07649867187500001,20
symmetric,3.0,ipw minus endogenous,g0_expected_feedback_share,secondary_or_exploratory,0.0003229111631755377,-0.0811300885339852,0.07650995028503754,20
symmetric,3.0,ipw minus endogenous,expected_invitations_per_accepted,secondary_or_exploratory,0.2688728524126276,0.2064186205584938,0.33487017872557306,20
symmetric,3.0,ipw minus endogenous,action,secondary_or_exploratory,-0.13200771466332967,-0.3075428284002138,0.05675706006367507,20
symmetric,3.0,ipw minus quota,g0_risk,secondary_or_exploratory,0.0003128342801220485,-0.0044999772194625615,0.005027980928610572,20
symmetric,3.0,ipw minus quota,g1_risk,secondary_or_exploratory,6.726849574851743e-05,-0.0003055886355166173,0.00035397072967822333,20
symmetric,3.0,ipw minus quota,g2_risk,secondary_or_exploratory,0.0007893519901569612,-0.0039538772295025035,0.005796155777764762,20
symmetric,3.0,ipw minus quota,population_risk,secondary_or_exploratory,0.00038981825534246673,0.0003255262154519667,0.0004564391195456727,20
symmetric,3.0,ipw minus quota,population_regret,secondary_or_exploratory,0.0003898182553425093,0.00032552621545204246,0.00045643911954567544,20
symmetric,3.0,ipw minus quota,feedback_weighted_risk,secondary_or_exploratory,-0.3127169487620923,-0.35445894355939905,-0.27440184963417724,20
symmetric,3.0,ipw minus quota,monitoring_gap,secondary_or_exploratory,0.31310676701743473,0.2747524417698598,0.35490565856508227,20
symmetric,3.0,ipw minus quota,sample_monitoring_gap,secondary_or_exploratory,0.31255035638699763,0.27421498180575166,0.354477957869614,20
symmetric,3.0,ipw minus quota,g0_feedback_share,secondary_or_exploratory,-0.15032187499999966,-0.1656839322916663,-0.13528640624999966,20
symmetric,3.0,ipw minus quota,g0_expected_feedback_share,secondary_or_exploratory,-0.1503864294425812,-0.1656202109077003,-0.13557636431415881,20
symmetric,3.0,ipw minus quota,expected_invitations_per_accepted,secondary_or_exploratory,-0.9625243352070413,-1.2044759256039566,-0.7488142866304861,20
symmetric,3.0,ipw minus quota,action,secondary_or_exploratory,-8.122003420390082e-05,-0.002441973064269341,0.0021968694046821907,20
no_conflict,0.0,endogenous minus static,g0_risk,secondary_or_exploratory,0.0,0.0,0.0,20
no_conflict,0.0,endogenous minus static,g1_risk,secondary_or_exploratory,0.0,0.0,0.0,20
no_conflict,0.0,endogenous minus static,g2_risk,secondary_or_exploratory,0.0,0.0,0.0,20
no_conflict,0.0,endogenous minus static,population_risk,secondary_or_exploratory,0.0,0.0,0.0,20
no_conflict,0.0,endogenous minus static,population_regret,secondary_or_exploratory,0.0,0.0,0.0,20
no_conflict,0.0,endogenous minus static,feedback_weighted_risk,secondary_or_exploratory,0.0,0.0,0.0,20
no_conflict,0.0,endogenous minus static,monitoring_gap,secondary_or_exploratory,0.0,0.0,0.0,20
no_conflict,0.0,endogenous minus static,sample_monitoring_gap,secondary_or_exploratory,0.0,0.0,0.0,20
no_conflict,0.0,endogenous minus static,g0_feedback_share,secondary_or_exploratory,0.0,0.0,0.0,20
no_conflict,0.0,endogenous minus static,g0_expected_feedback_share,secondary_or_exploratory,0.0,0.0,0.0,20
no_conflict,0.0,endogenous minus static,expected_invitations_per_accepted,secondary_or_exploratory,0.0,0.0,0.0,20
no_conflict,0.0,endogenous minus static,action,secondary_or_exploratory,0.0,0.0,0.0,20
no_conflict,0.0,endogenous minus quota,g0_risk,secondary_or_exploratory,0.0,0.0,0.0,20
no_conflict,0.0,endogenous minus quota,g1_risk,secondary_or_exploratory,0.0,0.0,0.0,20
no_conflict,0.0,endogenous minus quota,g2_risk,secondary_or_exploratory,0.0,0.0,0.0,20
no_conflict,0.0,endogenous minus quota,population_risk,secondary_or_exploratory,0.0,0.0,0.0,20
no_conflict,0.0,endogenous minus quota,population_regret,secondary_or_exploratory,0.0,0.0,0.0,20
no_conflict,0.0,endogenous minus quota,feedback_weighted_risk,secondary_or_exploratory,1.7347234759768072e-19,-3.4694469519536144e-19,6.938893903907229e-19,20
no_conflict,0.0,endogenous minus quota,monitoring_gap,secondary_or_exploratory,-1.1934897514720445e-19,-1.443289932012705e-19,-9.593020822151753e-20,20
no_conflict,0.0,endogenous minus quota,sample_monitoring_gap,secondary_or_exploratory,0.0,0.0,0.0,20
no_conflict,0.0,endogenous minus quota,g0_feedback_share,secondary_or_exploratory,-0.05052291666666635,-0.05142187499999969,-0.049615624999999684,20
no_conflict,0.0,endogenous minus quota,g0_expected_feedback_share,secondary_or_exploratory,-0.05060126946829517,-0.05060126946829517,-0.05060126946829517,20
no_conflict,0.0,endogenous minus quota,expected_invitations_per_accepted,secondary_or_exploratory,-0.015694201913396544,-0.015694201913396544,-0.015694201913396544,20
no_conflict,0.0,endogenous minus quota,action,secondary_or_exploratory,0.0,0.0,0.0,20
no_conflict,0.0,ipw minus endogenous,g0_risk,secondary_or_exploratory,2.7200129434305083e-08,-5.868890620822987e-08,1.1443327343328094e-07,20
no_conflict,0.0,ipw minus endogenous,g1_risk,secondary_or_exploratory,2.7200129434305083e-08,-5.868890620822987e-08,1.1443327343328094e-07,20
no_conflict,0.0,ipw minus endogenous,g2_risk,secondary_or_exploratory,2.7200129434305083e-08,-5.868890620822987e-08,1.1443327343328094e-07,20
no_conflict,0.0,ipw minus endogenous,population_risk,secondary_or_exploratory,2.720012943404487e-08,-5.868890620824071e-08,1.1443327343302724e-07,20
no_conflict,0.0,ipw minus endogenous,population_regret,secondary_or_exploratory,2.7200129434098195e-08,-5.8688906208130104e-08,1.1443327343192763e-07,20
no_conflict,0.0,ipw minus endogenous,feedback_weighted_risk,secondary_or_exploratory,2.7200129434738764e-08,-5.8688906207288775e-08,1.1443327343310747e-07,20
no_conflict,0.0,ipw minus endogenous,monitoring_gap,secondary_or_exploratory,-3.7816971776294407e-20,-7.147060721024448e-20,-6.418476861114216e-21,20
no_conflict,0.0,ipw minus endogenous,sample_monitoring_gap,secondary_or_exploratory,-6.827686304454516e-08,-1.94629591095556e-07,5.729859750823054e-08,20
no_conflict,0.0,ipw minus endogenous,g0_feedback_share,secondary_or_exploratory,0.0,0.0,0.0,20
no_conflict,0.0,ipw minus endogenous,g0_expected_feedback_share,secondary_or_exploratory,0.0,0.0,0.0,20
no_conflict,0.0,ipw minus endogenous,expected_invitations_per_accepted,secondary_or_exploratory,0.0,0.0,0.0,20
no_conflict,0.0,ipw minus endogenous,action,secondary_or_exploratory,-1.112619487605767e-05,-3.1740177637784654e-05,9.498590142435773e-06,20
no_conflict,0.0,ipw minus quota,g0_risk,secondary_or_exploratory,2.7200129434305083e-08,-5.868890620822987e-08,1.1443327343328094e-07,20
no_conflict,0.0,ipw minus quota,g1_risk,secondary_or_exploratory,2.7200129434305083e-08,-5.868890620822987e-08,1.1443327343328094e-07,20
no_conflict,0.0,ipw minus quota,g2_risk,secondary_or_exploratory,2.7200129434305083e-08,-5.868890620822987e-08,1.1443327343328094e-07,20
no_conflict,0.0,ipw minus quota,population_risk,secondary_or_exploratory,2.720012943404487e-08,-5.868890620824071e-08,1.1443327343302724e-07,20
no_conflict,0.0,ipw minus quota,population_regret,secondary_or_exploratory,2.7200129434098195e-08,-5.8688906208130104e-08,1.1443327343192763e-07,20
no_conflict,0.0,ipw minus quota,feedback_weighted_risk,secondary_or_exploratory,2.7200129434912233e-08,-5.868890620744924e-08,1.1443327343328961e-07,20
no_conflict,0.0,ipw minus quota,monitoring_gap,secondary_or_exploratory,-1.5716594692349887e-19,-1.9394208461420717e-19,-1.1986939218999748e-19,20
no_conflict,0.0,ipw minus quota,sample_monitoring_gap,secondary_or_exploratory,-6.827686304454516e-08,-1.94629591095556e-07,5.729859750823054e-08,20
no_conflict,0.0,ipw minus quota,g0_feedback_share,secondary_or_exploratory,-0.05052291666666635,-0.05142187499999969,-0.049615624999999684,20
no_conflict,0.0,ipw minus quota,g0_expected_feedback_share,secondary_or_exploratory,-0.05060126946829517,-0.05060126946829517,-0.05060126946829517,20
no_conflict,0.0,ipw minus quota,expected_invitations_per_accepted,secondary_or_exploratory,-0.015694201913396544,-0.015694201913396544,-0.015694201913396544,20
no_conflict,0.0,ipw minus quota,action,secondary_or_exploratory,-1.112619487605767e-05,-3.1740177637784654e-05,9.498590142435773e-06,20
no_conflict,1.5,endogenous minus static,g0_risk,secondary_or_exploratory,0.0,0.0,0.0,20
no_conflict,1.5,endogenous minus static,g1_risk,secondary_or_exploratory,0.0,0.0,0.0,20
no_conflict,1.5,endogenous minus static,g2_risk,secondary_or_exploratory,0.0,0.0,0.0,20
no_conflict,1.5,endogenous minus static,population_risk,secondary_or_exploratory,0.0,0.0,0.0,20
no_conflict,1.5,endogenous minus static,population_regret,secondary_or_exploratory,0.0,0.0,0.0,20
no_conflict,1.5,endogenous minus static,feedback_weighted_risk,secondary_or_exploratory,0.0,-5.204170427930421e-19,5.204170427930421e-19,20
no_conflict,1.5,endogenous minus static,monitoring_gap,secondary_or_exploratory,2.4806545706468345e-20,-1.0755285551056214e-20,5.932754287840679e-20,20
no_conflict,1.5,endogenous minus static,sample_monitoring_gap,secondary_or_exploratory,0.0,0.0,0.0,20
no_conflict,1.5,endogenous minus static,g0_feedback_share,secondary_or_exploratory,0.0,0.0,0.0,20
no_conflict,1.5,endogenous minus static,g0_expected_feedback_share,secondary_or_exploratory,-2.152289262979945e-07,-2.42394309594926e-07,-1.899946652185458e-07,20
no_conflict,1.5,endogenous minus static,expected_invitations_per_accepted,secondary_or_exploratory,1.2161699991075637e-06,1.0735807177358891e-06,1.3696715625147182e-06,20
no_conflict,1.5,endogenous minus static,action,secondary_or_exploratory,0.0,0.0,0.0,20
no_conflict,1.5,endogenous minus quota,g0_risk,secondary_or_exploratory,0.0,0.0,0.0,20
no_conflict,1.5,endogenous minus quota,g1_risk,secondary_or_exploratory,0.0,0.0,0.0,20
no_conflict,1.5,endogenous minus quota,g2_risk,secondary_or_exploratory,0.0,0.0,0.0,20
no_conflict,1.5,endogenous minus quota,population_risk,secondary_or_exploratory,0.0,0.0,0.0,20
no_conflict,1.5,endogenous minus quota,population_regret,secondary_or_exploratory,0.0,0.0,0.0,20
no_conflict,1.5,endogenous minus quota,feedback_weighted_risk,secondary_or_exploratory,1.2143064331837649e-18,5.204170427930421e-19,1.908195823574488e-18,20
no_conflict,1.5,endogenous minus quota,monitoring_gap,secondary_or_exploratory,-8.501879755762334e-19,-8.81417334952506e-19,-8.205242041370301e-19,20
no_conflict,1.5,endogenous minus quota,sample_monitoring_gap,secondary_or_exploratory,0.0,0.0,0.0,20
no_conflict,1.5,endogenous minus quota,g0_feedback_share,secondary_or_exploratory,-0.051317708333333004,-0.05223335937499966,-0.05040726562499967,20
no_conflict,1.5,endogenous minus quota,g0_expected_feedback_share,secondary_or_exploratory,-0.05135331286052319,-0.05135334002590649,-0.051353287626262116,20
no_conflict,1.5,endogenous minus quota,expected_invitations_per_accepted,secondary_or_exploratory,-0.016245412624704525,-0.01624543276229587,-0.016245393918722185,20
no_conflict,1.5,endogenous minus quota,action,secondary_or_exploratory,0.0,0.0,0.0,20
no_conflict,1.5,ipw minus endogenous,g0_risk,secondary_or_exploratory,2.8700766065148376e-08,-5.749240478383506e-08,1.1613847262098312e-07,20
no_conflict,1.5,ipw minus endogenous,g1_risk,secondary_or_exploratory,2.8700766065148376e-08,-5.749240478383506e-08,1.1613847262098312e-07,20
no_conflict,1.5,ipw minus endogenous,g2_risk,secondary_or_exploratory,2.8700766065148376e-08,-5.749240478383506e-08,1.1613847262098312e-07,20
no_conflict,1.5,ipw minus endogenous,population_risk,secondary_or_exploratory,2.8700766065061638e-08,-5.749240478374398e-08,1.1613847262072725e-07,20
no_conflict,1.5,ipw minus endogenous,population_regret,secondary_or_exploratory,2.870076606533361e-08,-5.749240478353545e-08,1.1613847262114486e-07,20
no_conflict,1.5,ipw minus endogenous,feedback_weighted_risk,secondary_or_exploratory,2.8700766064888168e-08,-5.7492404783657247e-08,1.1613847262056679e-07,20
no_conflict,1.5,ipw minus endogenous,monitoring_gap,secondary_or_exploratory,-3.8337388819087434e-20,-8.638922910364499e-20,1.0759622359746087e-20,20
no_conflict,1.5,ipw minus endogenous,sample_monitoring_gap,secondary_or_exploratory,-6.88934633898984e-08,-1.949625653453363e-07,5.676881331239589e-08,20
no_conflict,1.5,ipw minus endogenous,g0_feedback_share,secondary_or_exploratory,0.0,0.0,0.0,20
no_conflict,1.5,ipw minus endogenous,g0_expected_feedback_share,secondary_or_exploratory,-1.62599953501541e-09,-6.579684366722627e-09,3.257162820569093e-09,20
no_conflict,1.5,ipw minus endogenous,expected_invitations_per_accepted,secondary_or_exploratory,9.1878772701115e-09,-1.840501379524184e-08,3.717934306174396e-08,20
no_conflict,1.5,ipw minus endogenous,action,secondary_or_exploratory,-1.0923716238242293e-05,-3.161510449877861e-05,9.615854525487473e-06,20
no_conflict,1.5,ipw minus quota,g0_risk,secondary_or_exploratory,2.8700766065148376e-08,-5.749240478383506e-08,1.1613847262098312e-07,20
no_conflict,1.5,ipw minus quota,g1_risk,secondary_or_exploratory,2.8700766065148376e-08,-5.749240478383506e-08,1.1613847262098312e-07,20
no_conflict,1.5,ipw minus quota,g2_risk,secondary_or_exploratory,2.8700766065148376e-08,-5.749240478383506e-08,1.1613847262098312e-07,20
no_conflict,1.5,ipw minus quota,population_risk,secondary_or_exploratory,2.8700766065061638e-08,-5.749240478374398e-08,1.1613847262072725e-07,20
no_conflict,1.5,ipw minus quota,population_regret,secondary_or_exploratory,2.870076606533361e-08,-5.749240478353545e-08,1.1613847262114486e-07,20
no_conflict,1.5,ipw minus quota,feedback_weighted_risk,secondary_or_exploratory,2.8700766066102473e-08,-5.7492404782601235e-08,1.1613847262237523e-07,20
no_conflict,1.5,ipw minus quota,monitoring_gap,secondary_or_exploratory,-8.885253643953208e-19,-9.233976430711448e-19,-8.540043672233823e-19,20
no_conflict,1.5,ipw minus quota,sample_monitoring_gap,secondary_or_exploratory,-6.88934633898984e-08,-1.949625653453363e-07,5.676881331239589e-08,20
no_conflict,1.5,ipw minus quota,g0_feedback_share,secondary_or_exploratory,-0.051317708333333004,-0.05223335937499966,-0.05040726562499967,20
no_conflict,1.5,ipw minus quota,g0_expected_feedback_share,secondary_or_exploratory,-0.05135331448652273,-0.05135334050982315,-0.05135329007549892,20
no_conflict,1.5,ipw minus quota,expected_invitations_per_accepted,secondary_or_exploratory,-0.016245403436827253,-0.016245443346866416,-0.016245367472651692,20
no_conflict,1.5,ipw minus quota,action,secondary_or_exploratory,-1.0923716238242293e-05,-3.161510449877861e-05,9.615854525487473e-06,20
no_conflict,3.0,endogenous minus static,g0_risk,secondary_or_exploratory,0.0,0.0,0.0,20
no_conflict,3.0,endogenous minus static,g1_risk,secondary_or_exploratory,0.0,0.0,0.0,20
no_conflict,3.0,endogenous minus static,g2_risk,secondary_or_exploratory,0.0,0.0,0.0,20
no_conflict,3.0,endogenous minus static,population_risk,secondary_or_exploratory,0.0,0.0,0.0,20
no_conflict,3.0,endogenous minus static,population_regret,secondary_or_exploratory,0.0,0.0,0.0,20
no_conflict,3.0,endogenous minus static,feedback_weighted_risk,secondary_or_exploratory,-1.474514954580286e-18,-2.3418766925686897e-18,-6.938893903907229e-19,20
no_conflict,3.0,endogenous minus static,monitoring_gap,secondary_or_exploratory,2.19459866945826e-18,2.1604246169815164e-18,2.2285992495874048e-18,20
no_conflict,3.0,endogenous minus static,sample_monitoring_gap,secondary_or_exploratory,0.0,0.0,0.0,20
no_conflict,3.0,endogenous minus static,g0_feedback_share,secondary_or_exploratory,0.0,0.0,0.0,20
no_conflict,3.0,endogenous minus static,g0_expected_feedback_share,secondary_or_exploratory,-4.344761308422429e-07,-4.893145030201995e-07,-3.835361698135975e-07,20
no_conflict,3.0,endogenous minus static,expected_invitations_per_accepted,secondary_or_exploratory,2.476797524941787e-06,2.1864029071597123e-06,2.7894168977138363e-06,20
no_conflict,3.0,endogenous minus static,action,secondary_or_exploratory,0.0,0.0,0.0,20
no_conflict,3.0,endogenous minus quota,g0_risk,secondary_or_exploratory,0.0,0.0,0.0,20
no_conflict,3.0,endogenous minus quota,g1_risk,secondary_or_exploratory,0.0,0.0,0.0,20
no_conflict,3.0,endogenous minus quota,g2_risk,secondary_or_exploratory,0.0,0.0,0.0,20
no_conflict,3.0,endogenous minus quota,population_risk,secondary_or_exploratory,0.0,0.0,0.0,20
no_conflict,3.0,endogenous minus quota,population_regret,secondary_or_exploratory,0.0,0.0,0.0,20
no_conflict,3.0,endogenous minus quota,feedback_weighted_risk,secondary_or_exploratory,1.0408340855860842e-18,2.6020852139652105e-19,1.8214596497756475e-18,20
no_conflict,3.0,endogenous minus quota,monitoring_gap,secondary_or_exploratory,-8.84015083357781e-19,-9.199238593105008e-19,-8.494940861858427e-19,20
no_conflict,3.0,endogenous minus quota,sample_monitoring_gap,secondary_or_exploratory,0.0,0.0,0.0,20
no_conflict,3.0,endogenous minus quota,g0_feedback_share,secondary_or_exploratory,-0.05209479166666633,-0.053005234374999675,-0.05119062499999966,20
no_conflict,3.0,endogenous minus quota,g0_expected_feedback_share,secondary_or_exploratory,-0.052112435632511764,-0.052112490470883954,-0.05211238469255074,20
no_conflict,3.0,endogenous minus quota,expected_invitations_per_accepted,secondary_or_exploratory,-0.016814580133900046,-0.016814621720176885,-0.01681454150426807,20
no_conflict,3.0,endogenous minus quota,action,secondary_or_exploratory,0.0,0.0,0.0,20
no_conflict,3.0,ipw minus endogenous,g0_risk,secondary_or_exploratory,3.4066262442032647e-08,-5.3488513059108186e-08,1.233320977069084e-07,20
no_conflict,3.0,ipw minus endogenous,g1_risk,secondary_or_exploratory,3.4066262442032647e-08,-5.3488513059108186e-08,1.233320977069084e-07,20
no_conflict,3.0,ipw minus endogenous,g2_risk,secondary_or_exploratory,3.4066262442032647e-08,-5.3488513059108186e-08,1.233320977069084e-07,20
no_conflict,3.0,ipw minus endogenous,population_risk,secondary_or_exploratory,3.40662624416857e-08,-5.348851305876992e-08,1.233320977062102e-07,20
no_conflict,3.0,ipw minus endogenous,population_regret,secondary_or_exploratory,3.406626244234174e-08,-5.348851305866633e-08,1.233320977076029e-07,20
no_conflict,3.0,ipw minus endogenous,feedback_weighted_risk,secondary_or_exploratory,3.4066262442032647e-08,-5.348851305918625e-08,1.2333209770689756e-07,20
no_conflict,3.0,ipw minus endogenous,monitoring_gap,secondary_or_exploratory,6.245004513516504e-21,-3.903127820947816e-20,5.20417042793042e-20,20
no_conflict,3.0,ipw minus endogenous,sample_monitoring_gap,secondary_or_exploratory,-6.411598170039094e-08,-1.9170231641972795e-07,6.3016832329711e-08,20
no_conflict,3.0,ipw minus endogenous,g0_feedback_share,secondary_or_exploratory,0.0,0.0,0.0,20
no_conflict,3.0,ipw minus endogenous,g0_expected_feedback_share,secondary_or_exploratory,-3.895995770442085e-09,-1.410494491434211e-08,6.117285835174897e-09,20
no_conflict,3.0,ipw minus endogenous,expected_invitations_per_accepted,secondary_or_exploratory,2.220986535794722e-08,-3.487308231464592e-08,8.040815296761482e-08,20
no_conflict,3.0,ipw minus endogenous,action,secondary_or_exploratory,-1.1255577874795714e-05,-3.2207218586017205e-05,9.309066915727606e-06,20
no_conflict,3.0,ipw minus quota,g0_risk,secondary_or_exploratory,3.4066262442032647e-08,-5.3488513059108186e-08,1.233320977069084e-07,20
no_conflict,3.0,ipw minus quota,g1_risk,secondary_or_exploratory,3.4066262442032647e-08,-5.3488513059108186e-08,1.233320977069084e-07,20
no_conflict,3.0,ipw minus quota,g2_risk,secondary_or_exploratory,3.4066262442032647e-08,-5.3488513059108186e-08,1.233320977069084e-07,20
no_conflict,3.0,ipw minus quota,population_risk,secondary_or_exploratory,3.40662624416857e-08,-5.348851305876992e-08,1.233320977062102e-07,20
no_conflict,3.0,ipw minus quota,population_regret,secondary_or_exploratory,3.406626244234174e-08,-5.348851305866633e-08,1.233320977076029e-07,20
no_conflict,3.0,ipw minus quota,feedback_weighted_risk,secondary_or_exploratory,3.406626244307348e-08,-5.348851305738214e-08,1.2333209770819643e-07,20
no_conflict,3.0,ipw minus quota,monitoring_gap,secondary_or_exploratory,-8.777700788442646e-19,-9.226994168720638e-19,-8.321468514260746e-19,20
no_conflict,3.0,ipw minus quota,sample_monitoring_gap,secondary_or_exploratory,-6.411598170039094e-08,-1.9170231641972795e-07,6.3016832329711e-08,20
no_conflict,3.0,ipw minus quota,g0_feedback_share,secondary_or_exploratory,-0.05209479166666633,-0.053005234374999675,-0.05119062499999966,20
no_conflict,3.0,ipw minus quota,g0_expected_feedback_share,secondary_or_exploratory,-0.05211243952850754,-0.05211249210851669,-0.05211239019454649,20
no_conflict,3.0,ipw minus quota,expected_invitations_per_accepted,secondary_or_exploratory,-0.01681455792403469,-0.01681463979550119,-0.01681448363847273,20
no_conflict,3.0,ipw minus quota,action,secondary_or_exploratory,-1.1255577874795714e-05,-3.2207218586017205e-05,9.309066915727606e-06,20
